1000 100
0 511.868
0 725.067
0 958.757
0 1147.3
0 618.354
0 664.998
0 629.073
0 759.438
0 586.98
0 596.14
0 726.675
0 782.073
0 866.93
0 529.598
0 642.47
0 365.509
0 699.218
0 559.928
0 554.63
0 759.44
0 600.409
0 970.044
0 258.746
0 852.408
0 854.819
0 832.275
0 733.61
0 746.569
0 614.395
0 946.677
0 637.616
0 766.659
0 685.858
0 590.459
0 498.425
0 643.743
0 306.921
0 507.97
0 606.465
0 771.952
0 638.888
0 716.448
0 664.64
0 701.764
0 456.101
0 574.1
0 856.006
0 534.241
0 778.156
0 605.648
0 835.83
0 869.46
0 542.872
0 688.499
0 878.702
0 728.559
0 595.998
0 491.136
0 788.479
0 633.427
0 831.959
0 957.143
0 700.752
0 1004.5
0 915.839
0 786.753
0 688.148
0 950.375
0 769.947
0 850.19
0 536.61
0 443.118
0 718.925
0 786.512
0 874.001
0 820.481
0 616.926
0 752.532
0 562.151
0 530.572
0 415.462
0 521.848
0 757.306
0 729.241
0 485.728
0 417.092
0 791.324
0 702.803
0 781.628
0 728.2
0 574.879
0 583.919
0 640.763
0 883.913
0 586.795
0 773.916
0 697.549
0 799.764
0 489.532
0 727.067
0 491.817
0 752.499
0 662.024
0 615.629
0 713.787
0 639.171
0 753.234
0 650.449
0 866.861
0 943.217
0 532.112
0 556.132
0 839.807
0 485.235
0 787.361
0 1200.0
0 426.058
0 520.317
0 551.224
0 584.975
0 541.165
0 536.237
0 799.831
0 634.24
0 797.074
0 615.283
0 448.86
0 797.37
0 708.144
0 787.774
0 557.394
0 650.957
0 717.261
0 901.114
0 887.671
0 861.601
0 770.241
0 590.41
0 800.828
0 547.373
0 441.976
0 486.566
0 651.782
0 942.932
0 715.289
0 749.256
0 588.501
0 550.93
0 692.952
0 625.341
0 587.497
0 817.619
0 839.267
0 708.824
0 599.707
0 775.538
0 665.105
0 571.92
0 816.872
0 988.666
0 620.196
0 672.799
0 755.897
0 589.283
0 518.954
0 629.0
0 715.335
0 547.807
0 1012.4
0 914.318
0 696.85
0 761.328
0 917.132
0 840.59
0 613.384
0 552.991
0 437.716
0 710.13
0 844.991
0 784.978
0 882.271
0 576.169
0 592.861
0 688.818
0 795.431
0 811.242
0 579.434
0 650.994
0 599.903
0 591.142
0 704.382
0 609.478
0 540.519
0 857.482
0 870.391
0 664.615
0 861.57
0 440.133
0 768.269
0 678.384
0 698.636
0 692.028
0 943.715
0 724.914
0 647.571
0 673.754
0 758.578
0 630.346
0 806.841
0 840.424
0 768.893
0 399.291
0 381.697
0 746.655
0 664.611
0 492.954
0 632.322
0 871.729
0 883.962
0 686.695
0 755.909
0 865.94
0 794.174
0 652.242
0 777.935
0 811.504
0 1026.44
0 679.332
0 1103.17
0 424.264
0 362.864
0 784.95
0 659.987
0 694.414
0 412.604
0 850.526
0 604.996
0 898.34
0 669.92
0 681.469
0 719.202
0 891.781
0 689.954
0 726.133
0 556.733
0 460.315
0 557.444
0 485.669
0 565.102
0 795.846
0 678.268
0 546.787
0 607.345
0 561.688
0 626.243
0 659.592
0 732.604
0 692.162
0 533.707
0 403.376
0 540.019
0 867.789
0 613.477
0 819.797
0 745.636
0 565.025
0 402.472
0 652.308
0 682.06
0 838.625
0 508.725
0 883.407
0 767.704
0 748.125
0 793.475
0 838.948
0 974.418
0 807.397
0 657.823
0 616.291
0 705.506
0 765.315
0 691.806
0 355.214
0 644.516
0 936.12
0 632.346
0 784.156
0 688.246
0 541.651
0 672.741
0 796.003
0 653.223
0 411.044
0 827.802
0 630.846
0 898.226
0 587.06
0 692.108
0 593.911
0 616.241
0 507.762
0 409.236
0 488.453
0 621.444
0 551.866
0 802.257
0 712.723
0 635.169
0 888.79
0 706.7
0 623.758
0 864.954
0 435.306
0 729.589
0 1084.46
0 652.266
0 548.294
0 636.595
0 677.881
0 615.638
0 822.209
0 716.743
0 693.952
0 741.718
0 703.029
0 834.227
0 930.957
0 749.991
0 820.078
0 852.753
0 639.565
0 731.978
0 784.478
0 680.573
0 742.18
0 403.954
0 607.984
0 592.517
0 512.148
0 416.251
0 764.353
0 879.898
0 612.148
0 862.507
0 741.8
0 646.554
0 567.203
0 537.933
0 357.591
0 749.044
0 557.27
0 450.292
0 987.387
0 748.64
0 693.753
0 961.501
0 721.838
0 714.267
0 793.873
0 814.194
0 701.159
0 520.713
0 758.935
0 925.917
0 409.208
0 670.815
0 592.216
0 673.005
0 727.72
0 602.821
0 717.829
0 941.313
0 554.28
0 889.48
0 727.572
0 671.273
0 574.623
0 650.473
0 927.762
0 689.797
0 709.747
0 891.127
0 794.453
0 360.015
0 734.08
0 939.144
0 763.782
0 730.292
0 692.299
0 529.944
0 789.343
0 662.624
0 766.452
0 740.269
0 871.586
0 823.414
0 537.852
0 645.043
0 631.123
0 618.293
0 566.827
0 723.408
0 551.156
0 757.873
0 540.073
0 296.751
0 572.551
0 741.515
0 695.09
0 665.836
0 595.319
0 770.482
0 988.514
0 664.397
0 695.445
0 820.646
0 618.445
0 759.188
0 799.596
0 1039.75
0 758.216
0 646.887
0 534.593
0 844.022
0 657.011
0 863.888
0 675.33
0 742.804
0 596.952
0 588.849
0 572.145
0 545.303
0 817.017
0 634.442
0 619.716
0 966.801
0 851.53
0 743.703
0 978.039
0 450.756
0 590.783
0 540.846
0 786.219
0 595.399
0 711.181
0 865.08
0 751.785
0 924.801
0 723.096
0 746.902
0 724.901
0 573.183
0 608.783
0 416.68
0 779.362
0 935.363
0 719.172
0 591.823
0 585.256
0 832.103
0 600.951
0 743.473
0 672.888
0 628.328
0 747.34
0 906.588
0 620.227
0 602.935
0 815.491
0 273.443
0 646.166
0 930.944
0 706.991
0 466.443
0 970.407
0 733.519
0 725.075
0 722.542
0 807.923
0 396.226
0 1015.55
0 861.798
0 895.438
0 496.557
0 523.623
0 665.767
0 836.211
0 632.329
0 732.329
0 714.242
0 572.566
0 448.043
0 541.33
0 586.007
0 538.823
0 567.169
0 612.319
0 719.083
0 802.602
0 598.157
0 939.899
0 640.429
0 648.459
0 459.168
0 477.795
0 875.331
0 759.573
0 568.742
0 829.709
0 893.05
0 636.755
0 730.765
0 681.804
0 595.843
0 786.366
0 561.072
0 615.509
0 817.808
0 579.733
0 769.112
0 863.104
0 571.828
0 755.254
0 831.78
0 1053.01
0 742.777
0 769.099
0 778.587
0 980.501
0 641.468
0 616.951
0 757.341
0 424.888
0 893.819
0 770.723
0 702.654
0 643.328
0 730.538
0 810.831
0 778.721
0 493.672
0 728.534
0 797.865
0 799.106
0 489.08
0 644.506
0 925.844
0 754.012
0 638.527
0 473.863
0 476.841
0 582.117
0 600.108
0 554.796
0 464.131
0 423.879
0 768.919
0 843.729
0 482.774
0 831.259
0 725.151
0 548.551
0 748.127
0 737.76
0 752.271
0 749.877
0 805.457
0 786.778
0 362.034
0 771.604
0 1004.21
0 820.697
0 636.753
0 684.72
0 799.87
0 976.462
0 665.408
0 483.484
0 648.443
0 713.123
0 578.745
0 765.388
0 708.332
0 617.907
0 571.409
0 724.64
0 640.868
0 619.613
0 1040.38
0 759.317
0 746.754
0 1000.73
0 765.192
0 625.061
0 682.349
0 619.568
0 808.681
0 768.665
0 779.04
0 712.898
0 790.057
0 596.544
0 690.029
0 446.059
0 893.651
0 882.311
0 847.204
0 643.559
0 642.172
0 822.269
0 992.988
0 731.262
0 553.247
0 572.904
0 744.808
0 516.91
0 822.985
0 586.96
0 854.324
0 654.826
0 757.312
0 575.251
0 582.421
0 840.657
0 561.548
0 850.701
0 666.02
0 668.521
0 626.516
0 718.33
0 749.785
0 888.847
0 880.88
0 913.483
0 667.916
0 664.604
0 739.787
0 627.376
0 719.348
0 887.586
0 341.478
0 812.328
0 532.495
0 822.426
0 714.209
0 1014.12
0 810.747
0 760.194
0 1061.06
0 247.566
0 658.599
0 862.219
0 715.196
0 849.981
0 923.664
0 561.1
0 848.379
0 591.217
0 473.893
0 659.477
0 803.362
0 574.708
0 600.959
0 639.623
0 853.657
0 950.771
0 778.664
0 690.193
0 576.739
0 673.081
0 689.661
0 564.361
0 681.005
0 480.482
0 685.198
0 570.293
0 622.888
0 885.143
0 632.471
0 852.015
0 647.041
0 745.678
0 809.722
0 485.346
0 1020.15
0 802.275
0 507.393
0 569.062
0 785.729
0 627.901
0 767.116
0 467.072
0 422.002
0 536.471
0 626.4
0 721.544
0 501.957
0 491.532
0 762.484
0 651.794
0 687.198
0 579.319
0 338.976
0 574.419
0 787.226
0 602.691
0 570.12
0 839.674
0 622.81
0 517.507
0 619.497
0 788.923
0 450.343
0 686.576
0 589.942
0 460.343
0 836.497
0 628.491
0 528.263
0 479.003
0 872.511
0 441.492
0 710.343
0 631.15
0 786.32
0 702.018
0 944.898
0 570.812
0 728.511
0 812.687
0 834.527
0 533.305
0 654.392
0 540.272
0 908.209
0 525.944
0 539.857
0 200.0
0 843.938
0 707.01
0 668.52
0 935.104
0 577.167
0 746.764
0 662.365
0 638.845
0 660.135
0 785.653
0 633.354
0 755.39
0 448.416
0 693.02
0 553.514
0 453.713
0 1021.02
0 897.747
0 766.57
0 756.473
0 1010.49
0 439.032
0 526.206
0 742.067
0 927.615
0 713.734
0 871.584
0 859.365
0 578.004
0 764.272
0 758.652
0 733.843
0 525.476
0 817.638
0 482.087
0 643.32
0 928.388
0 641.449
0 523.877
0 584.882
0 671.86
0 880.474
0 508.524
0 961.703
0 849.884
0 649.014
0 683.079
0 760.096
0 874.681
0 819.862
0 676.636
0 1082.35
0 455.54
0 716.713
0 572.624
0 742.659
0 823.499
0 816.147
0 916.46
0 772.963
0 784.413
0 907.821
0 699.345
0 820.259
0 524.605
0 578.816
0 512.316
0 818.9
0 724.522
0 739.835
0 1066.36
0 435.843
0 817.252
0 725.718
0 592.381
0 514.436
0 753.83
0 850.19
0 612.106
0 524.162
0 514.972
0 736.87
0 981.607
0 775.505
0 852.712
0 686.284
0 917.82
0 655.921
0 632.467
0 813.287
0 934.415
0 439.484
0 574.667
0 782.07
0 567.802
0 718.013
0 916.055
0 643.591
0 531.266
0 453.284
0 755.26
0 700.499
0 775.354
0 677.852
0 647.668
0 1050.81
0 719.713
0 935.455
0 816.259
0 855.751
0 454.834
0 718.76
0 688.271
0 785.012
0 722.648
0 825.668
0 1105.64
0 809.072
0 560.253
0 847.793
0 591.404
0 598.452
0 790.406
0 459.792
0 873.163
0 389.261
0 742.558
0 556.574
0 676.889
0 825.764
0 749.973
0 744.812
0 327.683
0 679.367
0 967.077
0 705.994
0 805.329
0 612.53
0 591.278
0 1023.66
0 950.167
0 401.666
0 583.994
0 1011.14
0 689.891
0 705.549
0 601.638
0 723.873
0 841.539
0 509.002
0 677.829
0 633.564
0 745.738
0 651.897
0 826.227
0 524.192
0 861.689
0 731.314
0 780.252
0 734.939
0 836.773
0 746.101
0 965.244
0 575.258
0 744.675
0 850.102
0 724.815
0 848.763
0 574.792
0 420.638
0 945.054
0 919.011
0 436.608
0 657.752
0 555.474
0 873.61
0 454.163
0 798.938
0 583.124
0 592.916
0 769.662
0 515.109
0 826.373
0 686.01
0 888.852
0 824.148
0 583.237
0 735.146
0 826.774
0 1023.04
0 955.431
0 831.166
0 782.47
0 650.188
0 1054.42
0 528.444
0 397.78
0 581.201
0 745.865
0 515.265
0 346.621
0 617.874
0 678.593
0 603.168
0 888.171
0 779.536
0 930.828
0 795.211
0 710.944
0 814.153
0 686.942
0 748.136
0 767.897
0 524.077
0 726.802
0 743.37
0 592.385
0 840.847
0 847.005
0 683.391
0 544.174
0 605.544
0 781.33
0 869.54
0 559.954
0 393.684
0 682.551
0 678.992
0 714.342
0 783.549
0 832.429
0 684.13
0 829.82
0 474.916
0 675.786
0 601.188
0 811.733
0 730.38
0 384.486
0 873.147
0 678.448
0 791.788
0 887.246
0 748.293
0 932.868
0 628.966
0 588.231
0 684.68
0 720.774
0 630.906
0 663.645
0 558.612
0 818.659
0 586.961
0 691.03
0 401.75
0 763.351
0 598.428
0 680.657
0 567.082
0 553.661
5.0
16.7687 15.0526 10.2266 12.2797 20.7154 20.2077 4.6221 8.50387 16.172 19.3624 9.93234 11.9707 5.26183 6.91447 17.5981 5.72797 22.1017 21.4174 18.2991 21.4143 22.4912 17.5383 22.821 3.17434 5.01826 5.99433 4.96221 12.6786 14.8315 22.7173 2.73288 21.4961 18.8273 5.99721 6.59421 22.0704 23.504 20.3538 5.98902 18.55 19.2318 5.88721 2.9133 21.2212 9.688 9.35666 3.7788 10.7952 2.7094 8.23793 23.3166 18.7988 18.8099 14.0092 21.7716 20.3176 16.1142 15.9156 11.6383 10.3441 12.958 23.9618 7.68731 4.97824 14.4037 19.8841 11.5331 23.732 23.9223 7.34958 19.4926 19.1875 16.4914 15.1354 19.9847 12.7582 19.3588 19.535 14.2213 20.3041 19.223 22.2445 3.93872 3.85025 22.0788 24.9758 24.9205 18.1588 6.97925 24.5498 12.5611 23.4044 9.96392 17.2172 5.72087 5.20353 11.9026 23.4581 2.62156 8.24679 24.0055 9.51013 20.0332 4.78523 22.2493 9.37492 7.00187 14.2198 11.9691 8.55343 6.86857 12.5448 8.86649 5.75947 16.329 2.89382 15.1839 16.3618 2.78445 10.9408 24.7942 6.30508 23.7336 16.4032 23.4575 15.2586 9.45541 11.899 17.9925 7.74424 7.73311 20.4079 15.6154 3.49288 24.369 15.0854 9.69344 3.27877 10.7403 22.6803 5.66552 13.983 9.6463 16.8061 8.37816 4.13503 20.6963 17.3158 4.58778 3.68341 23.9882 24.5303 19.3789 21.7441 15.8291 24.57 10.2486 18.5781 22.7457 9.54015 15.1062 10.5469 15.0368 23.8198 2.94039 4.29754 23.616 22.7039 23.4007 18.9246 21.396 4.64966 14.0464 4.86201 7.96326 23.3753 19.0104 8.25317 16.2947 23.5635 20.3298 7.04885 7.76427 6.41735 23.1925 15.0844 4.19126 18.8207 23.8488 15.3853 18.1794 22.3512 6.44074 3.95063 17.9971 13.3976 24.9957 20.2661 5.74841 23.1301 21.8373 18.2947 17.5854 8.5742 23.6616 16.6963 12.2111 6.03843 6.52964 22.0256 18.924 18.1452 3.526 6.15879 16.4531 5.71555 16.333 16.6984 3.83426 18.2568 11.9715 4.10706 4.57714 24.3047 15.9571 6.81942 15.3739 15.3678 20.6231 8.08284 23.0981 12.2268 12.3583 15.7764 11.3453 7.33613 16.5126 16.4588 12.7643 12.0798 13.7167 17.3939 15.9292 17.6304 8.86888 7.80616 8.00322 15.6621 16.538 8.11312 6.94263 22.6663 19.0315 15.8875 4.49236 6.62179 20.8807 17.2973 11.2223 19.7678 8.49096 7.77432 12.3548 8.73051 6.20842 10.6618 3.13301 10.7537 15.0529 15.0897 24.9803 4.78232 2.86636 24.3294 11.2008 13.6495 24.6278 23.3761 15.9708 18.6177 11.6838 12.0105 5.37131 12.5228 6.14541 24.588 9.21148 22.7723 19.2009 12.8079 14.8932 2.94592 19.5945 7.70938 19.5664 9.25118 18.5211 9.64749 4.32617 20.5814 14.6872 22.4967 21.6995 20.9275 13.2877 18.3332 2.67462 17.8938 17.6486 23.8463 14.5201 8.56649 4.78618 24.7271 13.1456 16.4863 8.63145 14.2873 23.7538 8.47436 7.17134 17.5548 18.5325 17.5617 7.25548 12.0992 20.1386 10.7723 23.3191 4.33516 14.7228 8.00932 6.27212 2.55443 23.2452 13.2954 3.80381 10.4362 4.832 17.1159 23.354 7.28626 8.4232 13.6164 14.0 16.2546 21.4614 21.4025 23.5095 24.2813 21.8716 6.69482 24.3097 12.5212 19.5818 12.5857 4.6223 18.4971 8.83488 10.6509 21.0144 16.2312 22.5414 3.66401 21.1159 8.10514 7.42356 8.16444 10.2521 24.699 3.69962 18.1293 10.7432 21.3582 10.5602 5.99857 5.11925 20.2391 21.1848 17.3035 9.50116 14.0832 13.55 10.149 18.398 2.97026 20.778 13.2994 12.1701 17.7989 22.2767 6.61763 15.9081 6.7466 4.42092 7.60785 18.4784 23.4582 22.0236 15.3118 10.4841 8.21223 24.3496 2.80861 17.3922 5.81647 19.419 14.568 4.07709 21.4816 2.85238 19.907 22.0296 20.9237 22.507 6.30065 2.98223 18.4448 7.65332 8.79535 20.2005 16.7424 3.9436 19.2765 16.1904 12.1974 15.4205 11.8393 20.5712 9.39027 4.81746 5.51309 14.3653 11.096 18.3995 18.0893 14.4535 17.5077 19.0954 12.3029 6.94584 23.4381 24.1711 3.11716 10.7197 24.7506 18.6935 22.3623 12.3727 22.7675 16.0356 19.4772 8.84214 15.4081 6.67277 24.6052 11.4407 8.80437 9.01999 22.7928 22.5574 15.6453 8.55992 23.0424 18.7757 6.50041 21.5121 18.4681 19.1563 5.37069 24.2933 6.30532 24.937 3.21909 7.51851 11.5239 21.898 15.7289 8.29352 12.7947 11.6437 4.04077 19.5479 7.05953 15.5499 7.21849 12.6594 21.4549 17.6275 2.69292 17.1194 16.339 15.0521 23.4347 20.9888 5.67253 7.60926 3.10526 18.3959 23.5026 4.80666 12.9368 12.8242 15.3006 16.9012 24.09 9.9423 2.90332 18.5927 16.741 11.2237 16.8074 9.13394 19.6468 19.6088 9.56807 22.6056 23.9383 23.4568 9.05027 9.60868 7.39335 15.0393 5.28435 6.62153 12.9368 9.82497 9.6746 19.274 22.6202 10.3046 5.31157 13.287 20.8294 15.6079 24.6379 24.3282 10.4709 20.6607 5.71745 15.5337 15.8868 16.1339 23.3585 11.446 16.2476 22.9323 6.33952 24.6177 23.1748 14.9758 9.48963 11.131 21.3408 11.5206 16.8715 23.7841 8.29751 12.7719 7.31839 11.6923 9.78451 15.0374 23.5747 20.0567 14.2643 4.1717 8.78949 13.847 17.9369 6.06245 6.61443 11.6525 11.483 2.90648 16.1543 23.4469 9.78498 19.0276 8.02163 6.02109 23.3774 4.98543 22.7447 4.83057 5.37497 3.7247 2.77902 21.0095 10.13 2.51627 21.8722 19.8007 12.3675 21.9387 23.0327 24.1515 5.54955 3.15108 21.3516 12.2258 8.21769 22.2065 17.9284 12.5821 12.0639 10.1571 18.65 3.26754 17.9805 2.6997 11.5732 8.57759 13.8377 8.11257 4.16088 22.2326 17.7406 22.2333 19.1216 15.7193 18.0145 21.7275 15.1029 20.5496 23.668 14.3987 13.4874 3.18397 11.5855 22.7894 15.0437 16.3718 6.69779 12.3223 10.1795 8.15762 13.8812 22.7342 4.04914 19.8032 15.3355 19.0486 22.764 18.8756 22.1897 13.342 21.9569 8.75133 11.5872 18.5485 23.95 20.7868 7.99892 3.05788 22.2757 22.904 5.01492 14.8527 24.8017 3.34337 8.86482 13.9377 21.709 15.8314 12.4165 9.30984 24.5741 17.4154 23.4036 16.7189 7.80389 5.2132 23.1311 5.97005 11.1749 13.33 24.4097 6.5163 9.72531 3.69042 14.9688 22.593 12.251 22.0366 22.5981 16.6428 17.1547 22.8427 20.7667 17.2815 16.8994 4.39554 23.4724 3.05536 17.3141 15.2903 20.568 23.2393 15.5042 21.0936 12.3173 4.42571 15.1149 24.9211 19.4282 19.1549 22.6978 3.18272 12.3162 15.3362 13.9319 5.24252 18.3446 7.70977 15.9472 23.2453 13.2942 22.6004 24.5022 3.3589 13.3116 9.71126 14.7654 9.683 18.5853 24.7093 11.9492 12.0733 22.5012 18.8513 8.04836 6.63198 7.52551 11.9016 5.93135 7.61453 6.56765 7.08971 22.0357 12.002 16.0702 19.3601 13.9162 15.4895 19.5782 3.16212 13.8975 23.641 20.5369 6.0318 7.57926 24.4598 5.56782 19.2137 18.4457 23.625 6.97323 9.07442 4.82809 18.6442 5.71959 5.55713 7.97073 13.1721 23.6491 11.4267 22.451 15.2454 11.1698 13.5562 5.20237 8.18277 14.1746 17.5044 11.8911 17.9023 23.9382 4.13391 21.8967 17.9035 16.243 22.021 3.1453 20.6668 10.9832 21.9058 3.0473 6.71723 5.99781 6.93368 6.78795 17.6061 21.3818 14.9382 24.2217 19.0572 18.0259 11.5139 11.6201 18.0296 16.635 20.1317 22.023 17.4468 23.475 5.54345 10.4433 22.3411 21.5981 16.7293 2.67575 18.6644 16.2966 15.6349 8.95838 3.51548 11.0354 10.4499 8.73811 10.5323 15.1131 9.67782 17.7896 6.7013 4.30099 10.7463 23.9378 9.33183 3.21123 11.9092 5.1335 6.94742 8.14334 13.6887 18.6335 10.3425 9.15905 21.1095 12.5327 20.0552 10.1359 12.973 23.4015 11.5067 13.049 24.4234 6.27508 16.5556 22.732 16.5541 5.74723 20.2194 15.8655 16.8055 4.41741 21.3112 20.4452 23.904 22.4412 20.7426 24.4776 3.59128 6.93449 16.2431 17.6546 8.89546 17.4809 14.7447 19.7567 8.6927 21.493 6.1832 17.0345 20.81 8.17698 22.4652 20.319 20.9192 4.85052 22.8511 8.61006 20.9714 6.86474 22.0044 16.8936 13.4234 12.3792 21.9564 19.4373 17.5039 15.7406 6.73764 24.8149 13.7719 15.715 10.9251 11.4084 3.21531 4.82343 3.35515 7.14015 22.1411 18.5313 24.7526 9.68166 11.6058 8.04109 5.52637 5.89248 2.63793 20.4383 17.4801 11.7367 21.0007 22.4417 3.18964 8.92831 15.2459 9.00638 6.79649 14.5549 21.8091 3.03038 17.4667 24.9301 15.8956 24.9153 21.7662 24.9243 21.9072 20.7302 6.20217 6.52405 22.1605 7.72833 11.1804 7.86989 12.6461 20.9689 22.6283 4.02273 14.5782 7.29068 5.0346 20.7088 7.98591 15.3904 19.6544 9.79281 23.5955 18.2539 11.6305 15.2303 21.7533 9.19112 19.7811 10.7477 19.6399 22.7246 10.303 5.50138 5.52531 24.0812 20.6407 23.9652 11.315 16.0382 17.2724 16.2964 17.1373 14.3714 18.6608 2.93027 14.2214 15.6583 22.1212 14.6528 12.3166 13.6839 15.8543 19.4026 2.90252 8.20024 19.8964 4.55072 24.4404 17.2894 9.73417 23.4093 3.41534 14.5801 3.8366 14.7187 12.4195 5.06791 11.3524 13.8627 11.5263 3.28868 
3.0
14.8913 6.63248 3.49409 12.429 10.5143 2.18243 5.93566 9.28916 6.79401 8.77411 12.3628 10.5494 3.74379 9.33176 8.33927 2.63072 3.55349 8.0954 4.4496 14.8812 8.46066 9.57368 13.6299 4.5826 6.22918 13.7916 5.98151 4.62709 3.9854 7.58304 9.81745 14.1132 9.16167 12.6786 14.6905 3.11222 4.79727 8.33774 7.15431 11.3546 6.94682 5.27654 11.0067 10.0858 8.44602 7.63976 3.76527 6.34252 4.78491 4.76826 13.1259 4.8986 14.3385 13.0111 8.65313 10.1309 5.20472 12.3327 13.953 7.05521 5.40016 13.9649 14.079 9.28179 11.6627 9.35366 2.41936 5.14121 14.1119 9.65125 11.8177 11.2299 8.51702 7.00286 1.67576 10.6255 2.92164 12.8784 12.7882 12.0224 11.8768 4.69889 2.66051 7.03732 4.53061 3.50846 2.55877 7.93401 2.32602 5.94041 9.04213 10.5189 9.05542 6.72882 8.22758 10.4561 9.52299 10.5148 4.53724 12.2524 3.06445 12.6978 6.67797 10.6621 11.1741 10.0816 4.60348 5.26218 11.9895 7.56562 11.7088 14.4468 10.8832 14.1309 3.50736 14.5921 10.9124 7.87077 2.54 13.6411 11.3756 11.8171 5.76711 9.35784 14.2268 3.8106 4.19259 14.5022 4.59723 4.66708 6.97057 7.174 6.67442 13.8875 9.24439 2.07773 5.68868 2.16405 4.96808 6.45644 12.757 7.93004 10.9602 2.44606 9.33449 7.20575 14.4403 3.09951 7.52292 8.98852 12.7974 13.3307 3.48712 4.93804 3.84115 10.5283 6.22853 9.60646 14.2858 5.58998 13.4662 8.96348 11.2156 2.12583 8.87508 12.9663 13.7837 9.08221 14.4324 2.92469 6.89263 5.53539 2.12021 9.91057 14.6078 12.905 9.23685 6.96298 2.55301 11.3377 5.06454 13.3377 7.53867 4.01032 1.64521 12.5517 1.67224 6.60328 10.4134 14.9731 10.7012 9.1939 13.4366 1.70495 7.33841 11.8195 10.0133 13.0152 4.81989 5.46033 10.3779 10.0608 6.44503 13.1929 10.2636 2.65661 6.84924 9.2626 7.07266 4.33999 11.259 6.32667 10.4034 10.4796 11.9791 7.11693 13.1856 6.17938 9.8632 2.77252 11.1727 10.7276 6.51525 11.0925 10.0415 3.34041 14.4749 12.9582 13.3493 6.95093 11.1343 9.67601 11.599 12.7926 5.13802 5.48954 6.16042 9.02801 6.01463 3.01189 7.30037 12.1722 11.7914 4.82795 13.0692 13.5611 7.84128 14.5165 2.79523 9.61524 10.7117 3.34243 5.93646 14.6475 1.68664 11.3684 10.0397 8.96669 13.3307 11.7369 11.5572 4.52544 11.2657 3.87242 13.7706 5.36339 9.92914 4.85256 5.57231 4.59507 10.5663 13.2002 8.85448 11.1928 11.2036 5.84489 12.2551 5.31454 14.3549 2.00438 14.0119 4.42651 12.2101 11.7361 5.17313 3.97094 10.0564 10.9085 7.91639 1.82859 13.6815 3.34237 13.7244 5.32628 14.5099 14.8719 3.66862 14.0392 6.22078 12.5759 3.54959 12.1385 12.599 12.4291 5.14558 4.03322 11.8684 4.12249 3.31803 5.5576 7.25716 10.3049 7.22463 10.9533 7.5458 3.4934 5.3898 9.89631 5.34788 11.4041 12.8826 7.31887 13.8726 12.4529 4.85215 12.2764 6.92038 6.17595 13.1701 2.60932 11.8601 8.82031 14.9311 7.1496 11.3398 7.85421 11.0603 1.7226 11.4787 3.64748 4.77827 3.69348 13.2925 10.0718 8.17346 7.30872 2.10087 7.27078 2.63214 9.58255 2.16678 1.85035 8.37563 11.9782 14.3192 12.2385 13.355 4.63425 5.30769 12.9654 11.2531 7.38565 9.6392 6.61306 6.84438 12.3299 13.1479 14.1855 8.96146 10.1881 3.04695 4.14825 4.31983 12.7108 2.21284 9.88778 13.4495 10.3788 13.4522 10.3415 5.98436 7.14903 2.0011 12.5468 6.05866 3.99527 4.00634 5.36101 3.0612 5.49365 3.23983 7.10006 11.9968 2.20326 14.7949 11.3482 6.70535 3.09159 4.51507 13.1872 2.68778 3.25493 1.90567 14.5949 12.7902 1.68366 8.27719 2.26501 3.99501 8.32249 3.87167 12.5954 10.5693 6.67558 6.72118 7.09725 5.32105 13.7066 14.4888 10.4739 8.21263 14.2839 11.5421 5.11918 7.0815 6.4201 7.50879 7.28661 7.71863 2.05714 6.06529 7.67742 4.05417 3.64607 5.2071 12.6993 10.2006 3.77159 8.75204 4.14468 12.6032 14.5718 1.82576 13.0391 11.0483 12.2025 5.07967 3.90952 6.77824 5.59686 11.8913 8.2222 11.9647 6.76981 4.29703 14.2411 6.28841 3.91707 13.9075 11.5556 9.37739 11.5596 5.05486 8.0288 5.85159 1.98256 5.42331 12.4149 13.2256 8.21956 4.91116 2.89724 2.41848 13.8315 7.47591 9.79602 1.6213 14.2304 13.2115 8.69575 12.2717 13.2984 4.90827 8.74289 13.8862 2.55153 13.3446 5.36327 10.4999 10.598 11.5622 6.64944 3.96337 13.6424 9.37244 5.16802 8.84707 10.7834 3.84622 9.93689 7.70348 14.358 8.53565 10.3223 1.93623 2.57946 6.17835 13.606 3.02687 3.22053 7.13413 14.4723 11.369 4.59179 4.30408 11.1645 2.95996 11.0647 6.78218 7.5625 11.6996 6.88982 10.4892 7.92892 3.54687 10.5593 7.03898 11.076 8.2837 10.4654 10.5875 10.7022 2.6361 4.60282 14.9139 8.64876 10.503 2.56651 8.98414 7.32592 8.5421 10.0945 3.74703 1.55956 8.36384 2.90533 9.41286 3.60728 11.5819 4.58054 10.4642 13.5947 6.47186 5.24214 12.6493 9.62161 12.9868 11.2749 6.70779 4.78786 7.38068 3.34361 4.07882 2.3895 3.18886 11.9553 2.84177 4.5346 11.8162 6.81635 12.1392 13.4291 10.9827 11.7344 6.83221 5.08235 8.77585 6.31539 8.13856 3.68318 7.56179 12.7055 13.5027 6.89505 9.50237 9.62772 11.9485 11.8218 2.93061 4.46379 10.6645 13.3929 3.83325 13.6307 12.0714 8.91901 10.6907 12.0023 2.12221 2.06707 14.4247 6.62564 10.5841 13.0056 2.70279 11.9827 7.05395 6.96956 5.85087 14.5463 3.95497 4.49586 2.12287 14.3816 8.76676 2.07784 13.0778 2.0422 7.73719 6.99037 4.31433 12.5113 14.827 4.03461 3.31274 6.43748 3.63661 9.45276 9.1343 3.91592 12.5657 2.76261 11.2281 5.06403 11.4546 13.2622 2.59532 14.6424 8.95885 3.45429 7.56075 1.9702 2.40571 1.64067 9.402 5.38627 6.38306 4.43661 14.0859 10.0042 4.81097 6.95504 13.8626 10.5131 8.74557 5.41074 5.96655 9.27267 10.6653 5.89445 5.67566 10.4539 3.98983 5.56686 6.47723 3.47409 7.08081 7.02254 2.09165 9.97683 3.97583 5.07385 9.60342 12.1074 11.1042 6.70467 5.94958 11.8325 6.73544 9.9441 14.0156 12.0553 13.4101 2.41014 7.58856 7.27526 2.60282 13.2732 6.41816 4.04292 6.36848 9.38949 3.63452 10.4594 10.7198 6.85464 2.27393 14.9713 1.98807 13.2267 5.66176 1.70996 10.9161 9.66975 8.90291 9.12592 12.7337 6.7666 11.7296 9.16849 13.9651 5.25224 5.45662 5.25989 8.71954 3.41672 8.294 4.81446 13.7137 3.92803 7.26711 8.05285 13.2767 13.325 2.49417 6.36103 10.0879 13.93 12.0712 10.4443 12.8963 9.43171 3.81419 7.02606 8.47337 2.3877 3.6093 12.8419 5.54733 4.89691 9.11965 3.17818 8.97061 8.19217 12.6001 5.20552 11.8693 12.4025 4.56925 11.8577 12.5253 1.73561 5.58904 6.50503 8.7405 6.82973 11.4015 10.6727 3.43381 4.52614 6.67292 13.0543 14.7204 12.8111 13.5961 2.5699 2.72341 9.6776 6.59876 4.21946 3.36795 6.65777 10.4108 2.98077 3.40779 13.7742 10.238 5.50257 8.93418 10.662 4.79322 3.34249 3.61735 11.6104 6.43564 6.49995 5.93019 1.77422 8.6668 5.49394 2.60458 7.80553 8.73433 3.73576 8.06998 12.6551 11.093 5.44667 13.6245 4.79356 4.9735 6.37047 8.58832 6.60301 3.8079 7.53095 12.6898 7.68791 4.7635 4.78438 4.93365 12.3564 10.1334 14.9167 12.2016 5.52116 9.33467 10.0361 13.3359 5.77066 9.26421 10.0097 2.95455 9.85978 11.7615 2.19603 5.7495 10.8707 12.4294 5.72205 7.51711 2.29388 14.0619 3.5549 12.171 1.77818 7.42911 5.61888 1.9872 6.80198 7.17079 6.70724 10.3321 10.5134 14.5458 7.93884 3.12241 3.49075 8.29 14.0099 7.76767 8.67295 10.8313 12.9903 10.3454 7.70972 7.11179 12.9154 5.75828 8.4818 6.26809 6.92214 5.1242 4.04107 9.9182 8.68064 7.14832 5.22055 1.80634 2.87015 7.72778 5.16436 6.05514 6.4504 14.0388 4.02764 4.77509 4.47762 2.35619 6.09628 5.28153 10.2156 1.85522 9.57668 7.16908 13.2915 14.1461 9.30538 10.9934 11.647 4.79044 5.62862 7.8104 12.5335 14.0509 12.7018 10.323 9.30352 2.12254 5.45904 10.885 8.24581 2.59669 14.5022 8.11291 4.21606 10.4077 11.1604 14.3545 6.31238 2.51182 7.96907 10.2653 12.3456 3.54819 3.31916 1.74243 6.35476 14.2329 6.526 10.4657 12.917 11.7349 1.56831 4.79637 12.5031 1.78484 4.74708 7.28275 8.12733 7.76568 7.01431 7.52416 7.04235 3.53642 10.2218 11.1415 5.22937 12.7378 2.03952 2.10572 8.43283 3.33051 11.2946 14.1733 1.9902 2.61602 7.47938 7.67958 11.2067 7.48952 2.17999 3.93931 2.52466 7.17551 8.17465 11.5046 10.2385 3.69575 11.4519 7.53011 9.50379 9.81958 3.39871 7.99635 14.8917 4.24676 12.4086 4.03949 6.23841 12.7726 6.65974 14.1392 12.5392 11.6857 12.3126 2.41371 9.63753 11.148 8.37803 7.2724 2.95939 14.8069 10.005 14.6756 5.04193 10.8908 9.43815 14.7521 9.10753 1.53583 10.8956 5.52373 5.93259 9.59593 4.11627 4.48774 10.2613 2.18484 4.82752 
4.0
15.7825 4.22153 18.1703 8.59082 2.91936 5.139 15.6744 4.45378 12.6413 17.0123 15.729 15.3684 6.46345 6.53806 5.65127 15.81 16.2689 3.70746 15.5542 12.3287 6.77617 13.7911 19.6614 18.0074 6.95111 11.519 3.06753 5.61397 15.3651 8.45572 4.94326 10.4492 12.4977 4.57113 3.18621 13.8904 16.9855 13.0063 9.51686 12.6297 14.8152 5.03489 6.01993 12.6081 4.46294 18.2193 2.13096 10.6444 4.97855 4.76298 5.06832 8.7602 18.0151 5.05739 2.71038 16.1994 6.80382 7.42453 3.91818 12.1435 9.07437 7.05474 19.3032 4.1218 14.9203 3.13982 9.44074 11.1176 14.61 15.2015 7.52815 16.3688 9.34282 19.6151 11.4889 6.86476 11.9505 13.3287 14.5217 18.5378 10.5439 15.7773 3.09462 16.15 12.1054 17.9929 3.38536 12.8761 13.0261 13.909 5.16594 6.58054 13.5884 14.8611 6.1332 11.7908 13.3944 2.2826 5.6845 16.3656 14.7389 7.59534 11.1388 15.8583 6.92824 4.29598 11.4027 8.57618 12.5444 17.2376 17.0825 14.3343 6.6539 8.10653 14.0409 17.9051 5.96293 14.0945 19.3991 8.16333 12.9168 8.76625 14.9847 13.9262 3.7454 16.1221 19.2245 19.4888 5.45369 18.8564 18.4825 2.85484 18.7576 11.8107 18.8436 15.6627 11.965 11.6224 11.3423 7.80692 12.8025 13.5693 3.63704 17.755 19.187 12.6085 19.1293 17.5592 7.94276 7.61104 18.5287 15.5639 14.4641 15.7923 4.86292 11.8087 4.32277 16.3371 14.933 13.1255 13.8212 12.2202 6.21431 8.9327 10.491 3.22231 8.20217 6.72321 4.53601 5.14139 7.20351 10.2485 6.22211 16.1992 5.57331 3.39796 18.2109 11.6431 12.3966 2.7731 17.8396 11.5432 10.6159 7.95771 10.3457 14.7851 17.6033 2.48283 18.0376 6.25738 14.1789 14.4873 14.4097 10.2348 3.07377 12.0734 10.2035 18.957 7.83827 2.35816 12.4138 3.40169 3.19621 19.2195 9.23997 15.2544 19.8438 8.73819 7.98303 11.0722 18.6941 17.3346 8.88747 19.6438 11.5667 7.60138 13.9288 13.5444 5.32321 12.8307 7.54628 15.886 12.447 9.23769 8.32092 19.2631 11.0693 18.8782 2.59889 13.8933 7.44023 2.26274 3.06009 7.95414 11.845 17.6653 7.23223 13.114 8.9654 8.12762 8.95006 4.25952 3.68715 17.1584 17.76 6.41736 7.35176 14.1287 5.26996 11.872 9.45431 4.36133 3.44478 6.47825 15.7863 18.9171 3.84652 6.16975 18.0237 11.0752 8.8205 4.66205 11.7608 10.5091 9.62635 3.35151 17.9887 4.15841 8.51455 6.40932 9.01954 2.79518 3.74821 8.07092 17.856 14.2862 18.5701 17.1206 8.00598 4.55017 3.11526 19.5715 16.7428 17.2105 14.2684 14.5411 4.81046 10.943 16.4674 6.32156 15.5743 17.5196 14.451 15.6457 4.61729 17.5464 4.95332 11.1485 14.7809 10.8981 8.34202 4.02333 3.65204 2.84671 9.2031 8.87405 16.4951 4.88649 12.8703 5.76206 11.6288 5.25353 10.9002 2.44885 13.2493 8.14102 8.49208 7.83377 6.6976 6.60965 14.8538 15.5872 17.1729 6.19342 5.51267 6.97886 2.89128 18.2007 9.57123 17.9018 3.68929 13.7107 6.90916 9.09108 14.0732 9.26503 4.32986 16.5386 3.71342 5.25488 11.6526 15.1023 4.38425 2.00328 16.7498 8.3115 2.34897 12.5428 4.52998 11.3671 5.19021 9.08834 10.8658 8.33724 4.08562 10.2057 4.46704 18.548 2.52894 11.675 19.6998 11.1699 12.4963 4.04952 9.34999 18.9996 9.05775 13.9099 2.33302 10.4361 14.4344 15.8139 17.3481 14.6537 14.5006 11.9409 11.4783 4.9691 4.73127 18.4325 16.7359 17.4042 12.5953 3.42733 5.55242 9.44433 15.3931 19.7925 16.2152 7.99157 14.5409 19.5494 7.2481 15.5136 5.29862 6.99477 7.73796 7.38771 12.9449 17.5181 14.6066 11.4401 6.39596 3.11295 5.82782 8.68078 4.27059 11.5849 6.58981 6.2332 4.4002 2.4538 19.4029 3.45991 15.7842 10.5518 7.15254 4.28298 3.99053 18.3167 10.0978 12.7 11.0021 13.7806 9.8148 2.49527 8.50752 9.25362 17.086 14.1464 15.6383 11.7031 14.7341 9.92625 4.15037 7.82851 16.402 18.1999 14.0516 8.83068 16.2775 17.9173 2.67423 19.8775 18.7637 4.30111 12.1928 15.2639 13.0943 10.7297 16.5874 18.2683 9.89469 5.81562 15.052 6.70273 4.68792 16.6794 2.84864 13.1602 3.34635 19.4186 8.60603 14.9558 10.4883 19.7719 9.06444 18.7639 7.82024 8.97936 18.2653 6.95056 3.42418 19.8368 18.1862 6.60101 16.9904 3.94662 9.82152 2.24279 9.99537 7.1629 13.7077 7.26391 3.82539 4.23277 10.8948 15.0265 16.845 13.6325 13.3621 18.6756 9.41094 15.5989 2.88067 18.6436 7.8317 6.35651 17.3194 8.84952 2.27185 17.5395 15.3979 4.59389 5.60209 19.8093 14.8836 13.149 12.1944 7.66723 9.23509 10.0444 9.66281 4.46299 13.69 2.04752 16.5488 14.5977 15.7986 5.83971 10.9529 3.92282 19.4025 5.38791 11.111 7.33421 11.0592 5.01113 10.9161 12.5614 19.911 7.14258 13.3854 7.15253 9.99991 13.7869 9.0729 17.6539 10.0281 6.67306 16.4269 5.98567 3.56275 5.10191 13.0932 10.0123 2.68713 12.4898 19.1633 15.3086 8.09637 4.60713 17.3681 17.1208 8.63893 4.51203 7.21723 11.5232 11.3032 19.1798 4.08269 14.77 2.64925 8.82732 10.229 11.8427 12.6865 5.93292 2.78776 5.19206 2.19598 14.9515 19.6782 10.6766 14.4982 7.72514 10.4725 9.69522 6.66647 5.58854 19.2066 10.5157 17.1854 5.17047 6.13652 11.7987 13.0548 8.88995 19.4398 3.31651 19.3384 7.14807 5.86229 12.8675 18.1589 11.2149 7.3101 10.386 4.13723 19.812 14.3872 2.24703 7.27799 18.3899 7.87824 18.7667 2.29954 2.10105 17.1762 3.8979 19.4099 13.4683 6.65601 12.1211 15.5275 5.74836 12.9934 19.5308 18.948 8.99057 2.42838 6.11677 16.4553 13.7913 14.975 12.2412 5.87886 13.7435 10.5758 16.3107 7.09601 17.5813 2.20141 2.64402 4.47927 4.02047 16.8963 12.5345 9.78942 8.2935 19.7691 7.50859 2.51359 7.38078 7.92828 3.77891 8.64886 8.93641 13.3635 18.8933 2.93099 10.9097 5.77198 19.5785 3.50864 2.86194 10.3306 5.78019 8.06274 17.9782 17.4124 5.89682 14.3713 10.775 17.2497 10.2102 8.31945 19.5026 6.54133 13.5106 18.3549 10.2433 12.0057 13.9175 11.3884 5.70448 13.8795 12.8951 17.1401 3.70719 12.361 7.46421 3.93061 18.3702 11.9992 19.6083 18.9178 18.9892 5.02795 9.87568 7.77846 9.61106 16.6459 8.17632 6.83599 6.30403 5.24118 2.77472 14.6326 11.1227 4.56145 10.4775 19.9474 9.7683 12.8298 13.0166 15.2594 19.9449 15.8054 2.62765 4.65632 19.4102 8.7897 19.8238 15.1882 14.7218 8.57789 12.3646 12.6664 7.67931 10.3558 10.4207 18.9084 12.461 6.54167 14.9332 7.42742 6.4564 4.57414 4.16863 18.5672 3.79376 16.6444 13.4696 17.0829 8.56314 12.3746 9.20009 5.16628 18.7346 5.44095 15.8865 3.91714 17.7719 13.1426 19.554 2.25937 16.9412 5.91562 16.2579 8.30267 13.3155 17.7919 16.8104 14.1495 16.474 12.8044 16.7033 9.14738 8.89706 2.33647 12.225 14.5863 11.0561 8.41737 17.7733 4.84184 8.19954 7.96281 3.36395 11.9631 17.833 10.9607 13.3337 8.70656 18.8957 11.6024 7.23898 11.0144 3.63211 19.3592 7.95041 12.9393 17.158 17.004 7.94172 15.013 13.723 16.5784 2.77461 11.0621 6.66791 6.30548 16.7787 14.4673 17.0769 13.4469 3.927 6.86908 10.1261 4.10663 10.9062 16.3185 8.12635 6.97866 17.3828 9.87306 11.2621 2.04111 2.46455 5.63805 5.02508 15.195 12.3566 17.2532 9.34383 13.8488 4.21359 19.8248 16.4079 8.44741 15.1869 18.3024 6.18779 8.94793 17.6669 11.3021 12.6502 7.23921 9.72097 3.37394 15.6685 12.5077 7.72665 2.71538 9.62809 4.54821 4.19984 13.3296 5.72821 12.0201 7.81869 12.6293 12.9777 18.6489 12.6427 13.4862 6.88708 12.3726 13.5269 3.72489 2.85535 6.43452 4.73184 6.06323 9.25251 5.42003 6.72823 15.4969 13.1971 15.2397 4.1975 3.13016 8.02911 16.0571 2.22729 13.4512 17.4785 15.1623 11.7025 4.05345 17.5284 8.79048 8.89126 12.8017 16.9745 5.88596 4.22694 13.444 17.6788 14.8114 13.2846 8.66813 7.51922 2.00236 10.9533 9.60434 13.0348 11.5675 3.8037 18.7727 4.76546 4.83331 13.6508 7.47598 6.28756 4.83527 17.3119 4.63788 19.9447 14.7532 13.5604 18.0866 12.274 7.29252 10.2741 13.2834 4.12698 12.011 12.7795 12.4972 4.48685 3.59028 4.39137 17.4236 12.9802 14.053 18.1469 16.2498 10.0844 9.92532 2.73606 12.1646 16.0303 11.3446 13.627 10.3141 11.4003 12.1123 18.3863 8.20177 16.4211 15.6927 9.19529 16.5352 13.9531 16.1561 17.5609 11.5167 13.1735 5.06818 4.22264 7.58069 10.9563 13.324 11.2541 7.57486 3.94594 16.928 9.36022 19.388 6.32797 3.71819 7.37007 4.02237 10.2936 12.0373 18.9243 16.1115 6.20061 6.34759 3.35823 5.88369 17.4287 12.7921 5.78075 11.57 14.9308 19.7005 19.3475 13.2587 8.47953 12.0411 10.7303 15.1938 17.6089 4.81683 9.78137 5.51998 3.25109 12.4082 2.39294 18.472 3.0691 16.8601 13.5524 2.0101 11.4842 16.1148 11.5926 3.89999 9.39896 17.19 2.63735 19.2389 8.61553 19.302 18.2423 12.4263 11.9492 
1.0
3.23071 1.88388 1.64162 1.3133 3.30904 4.52653 3.6234 3.49363 3.32758 2.71167 4.31645 0.829191 1.91109 1.09807 3.71913 2.57643 2.8175 1.63153 0.618941 2.91649 4.90857 4.11956 1.66187 0.909847 3.8804 1.12837 2.80653 2.39813 3.50364 0.952155 3.91299 1.60329 2.62357 4.40458 4.71648 3.17401 0.669832 0.68258 2.4358 1.42934 1.42598 2.55241 2.26644 4.54966 3.8088 1.60796 2.5086 2.46485 4.40741 3.35133 1.57986 2.18979 0.532067 4.8457 2.16266 2.35707 0.522797 2.6904 1.23653 3.69697 3.06776 2.06834 4.24515 3.71477 1.7814 2.11561 2.64806 4.81521 3.79234 4.86342 2.60722 2.12435 1.59107 0.502273 3.55833 2.75857 3.88736 3.21837 0.9169 2.29093 1.72748 4.85237 1.66905 1.66477 2.62117 1.63032 1.09715 3.80451 4.42836 1.71692 3.89017 1.17383 1.25569 2.34101 1.88881 1.53102 1.11274 1.74335 0.715419 4.13165 3.57812 3.19663 3.03862 0.628491 2.7252 4.34782 4.72279 2.91867 4.05771 1.13269 1.61219 1.18814 3.70507 4.01265 4.7 2.90341 4.12747 1.28387 2.93198 2.00049 1.08072 2.20863 1.89501 2.02117 2.59091 4.71892 1.14031 0.946483 1.18876 2.4424 2.39148 2.97755 0.653799 1.80049 1.38732 1.01358 0.518286 1.92884 1.60931 4.07717 3.58089 2.66999 2.644 3.93691 3.68014 2.38837 1.43006 4.67718 0.977647 1.35749 4.14014 4.96532 2.0011 3.9694 1.44749 2.76594 2.19701 4.01652 3.92733 2.25258 2.7432 4.7956 4.84302 2.66661 0.871112 4.28402 3.06696 2.87341 0.947862 1.63833 2.88625 1.36577 3.56802 4.76511 1.94319 2.96462 1.90523 0.713995 1.06042 2.96701 1.07349 3.64304 2.20095 4.99127 4.24834 2.60637 1.31288 2.76958 3.79768 4.91399 0.808923 4.6377 2.17241 1.81399 3.43065 3.972 1.80689 2.74694 3.24754 1.32372 2.27905 0.922545 3.04082 4.00061 2.48035 2.96859 1.82197 0.845677 1.04549 3.40217 4.23611 4.46329 1.79188 0.673143 4.60008 1.14258 3.91885 3.02987 1.82532 4.22798 1.71669 3.95723 2.47547 1.68721 0.535357 1.43686 0.708823 2.62634 1.76307 4.77973 4.85543 0.502261 4.06458 4.28092 4.87906 3.78235 0.6292 4.94669 4.47391 1.30141 1.67868 0.543788 3.04603 4.06592 3.4848 2.7211 1.82958 3.75546 0.646664 1.45348 4.88778 3.17151 3.37792 3.05786 3.74872 3.88344 3.55357 4.03169 1.92586 2.82176 4.26668 1.96356 0.573305 4.56872 2.64477 0.766147 1.52587 2.09607 4.676 3.48139 2.97392 4.70014 2.29515 3.90795 3.52291 2.88422 4.97931 1.80097 3.38779 2.93811 2.10339 3.39398 4.97207 2.96501 2.30535 4.99324 1.58174 2.60569 3.6112 2.39421 1.52392 3.70985 4.56984 1.37034 4.34022 4.20478 4.64753 4.48412 3.425 0.91136 0.632266 3.4704 3.77825 3.55717 3.79782 1.942 3.14334 3.73703 3.5776 3.1675 1.77945 4.57068 1.49826 1.17139 2.61887 0.807794 0.623049 4.40644 4.05898 1.63025 2.25499 4.24836 1.139 3.90165 3.14977 3.06269 1.85157 3.61409 4.48839 0.593954 2.33904 2.78227 3.35963 3.92717 4.22452 0.534765 0.50225 4.77148 4.32773 2.15264 4.05694 2.81618 4.01561 3.30531 4.57807 0.908931 4.43769 1.23365 4.55519 1.30625 3.39619 3.63037 1.19428 0.746307 0.600959 1.4677 1.20879 4.59395 4.5591 2.52227 2.37045 3.80801 2.84943 1.84732 2.56981 2.48083 1.53166 3.94216 2.63657 3.70017 0.940369 4.36882 0.669696 0.983238 4.61371 0.566118 2.62726 4.53307 0.606904 2.61084 1.92605 1.06718 2.94053 1.17627 2.30101 2.46843 2.4335 2.938 0.674333 1.00821 4.67089 0.676905 4.28444 4.39184 4.35645 1.82952 3.32462 4.37628 1.79999 0.73556 4.84152 2.71007 0.789383 4.8328 4.14333 2.14559 3.59749 4.54917 3.96781 0.773485 0.873715 1.64209 2.65998 0.929476 3.67045 3.73516 3.1097 3.42335 2.85417 0.802029 4.1989 2.84026 2.15137 2.34757 4.00865 4.16425 1.07925 2.53632 3.53598 4.4741 2.01115 1.51816 4.17043 4.96141 3.12674 4.20131 1.18042 1.5209 1.99706 3.22252 2.45935 1.16308 3.05418 2.36461 2.78146 3.4991 4.19578 1.6712 1.3175 3.5479 0.774363 0.508736 1.66011 4.61561 4.72134 2.8258 1.109 2.99724 4.55581 4.35967 2.9659 0.75063 3.52813 4.54011 4.58924 3.79261 3.14827 4.84051 3.95862 3.06754 1.84889 4.8262 4.49907 4.03797 2.03322 2.65008 2.41504 3.24773 0.757691 2.24554 3.78413 4.20712 2.29933 2.46654 1.66067 2.8505 0.857921 1.92511 0.938993 3.31606 3.14295 3.77598 3.22649 3.2979 3.09528 4.69855 3.47646 0.720362 0.993633 1.82608 0.630686 1.48461 1.69578 1.8722 2.02179 3.53752 3.26458 3.20465 1.28538 4.51277 0.728697 2.61628 4.03192 3.6943 2.72815 2.04334 4.5284 0.551898 4.79459 3.98098 1.13973 1.09916 2.51636 2.34615 3.27996 2.82369 1.8383 2.53757 0.62324 0.939543 1.74634 0.94313 4.82448 4.71194 1.08688 2.64449 3.9999 3.10428 4.77086 3.06894 3.21725 3.49737 4.61267 3.33853 4.7458 1.73095 4.55378 3.06649 2.31619 2.71749 2.52119 4.35087 0.639904 3.87822 3.17056 2.21552 3.93862 2.15149 0.764211 4.24825 2.73329 4.32327 1.93377 0.686277 1.64296 2.43008 0.577698 4.19902 4.94341 1.98406 1.64352 4.11805 2.63549 1.77035 1.54481 3.86434 4.27329 3.96677 3.96299 4.32284 1.30206 2.83567 1.28387 2.91421 4.15582 3.73816 4.91894 1.61394 3.36487 2.7205 0.761409 3.66863 0.922937 0.922869 3.02712 1.25959 1.66418 2.06028 1.73007 1.36371 2.8999 4.22586 4.04284 2.06154 2.56505 1.76631 0.791682 2.54275 1.12451 3.97973 4.33643 4.05869 3.9891 0.885588 2.58518 4.0724 4.19137 4.31708 2.39369 3.85571 1.57121 4.58567 2.59963 4.78375 2.2211 2.46791 2.44145 4.57662 4.94128 1.76456 2.61221 4.73843 3.95457 0.681932 1.19799 4.44346 1.131 2.28554 4.7512 1.11975 2.97218 1.27598 2.74857 4.47984 4.60551 3.33708 2.18396 3.24881 3.53805 2.80635 3.04591 3.8396 4.92023 1.91765 2.42994 3.72558 2.56929 1.86616 2.53567 0.760394 1.00252 3.94561 2.29864 4.69505 4.23022 0.507731 1.90695 3.64232 0.558468 2.99406 4.45261 4.73834 4.15162 1.28993 3.46775 2.75154 2.6046 0.650737 3.59545 4.88879 1.77496 3.45054 4.6455 1.54887 3.62464 1.00283 0.784792 2.2731 4.82164 4.70364 1.61254 4.14339 4.85124 1.74687 0.870266 2.87741 3.38723 4.16194 3.03655 3.87111 2.67271 4.42361 2.05653 3.93847 3.66073 1.88417 4.45614 4.49852 2.66475 3.27784 4.59121 4.45967 4.26876 4.04744 4.28124 2.05123 3.24724 2.2433 2.57795 3.35224 0.744839 2.24456 2.91865 3.76759 2.96589 1.55252 3.91432 3.20132 4.6236 3.40647 3.0225 3.17729 4.39906 3.47166 1.85489 1.65705 0.66004 2.34956 1.86977 1.30498 1.18947 1.16043 1.69915 1.95073 4.17377 4.94806 2.86072 1.99889 2.2009 4.65691 3.60453 2.03592 2.51821 2.93137 1.14445 3.88442 2.8 4.98742 4.52439 2.85454 1.1749 3.80644 1.86933 2.44278 2.26297 2.40139 1.271 4.22798 3.47265 3.40515 3.55851 2.21459 4.30733 4.23123 3.70353 1.87324 4.93184 4.55666 0.610419 3.1285 0.748628 1.37718 4.04102 3.54402 2.23367 0.884743 4.92424 1.45479 1.28222 4.41718 1.30042 1.29683 3.31431 2.23021 1.15041 0.883995 1.38997 4.34172 4.35951 3.38214 2.58426 2.69822 2.06608 2.23051 0.872025 1.91372 4.64495 4.26044 2.27248 3.83068 1.57564 3.26122 1.0035 2.1534 3.94523 0.743386 3.3957 2.90358 0.836173 4.1491 2.81628 0.948128 2.84867 4.75992 2.35263 4.84935 4.00799 0.55181 2.00571 4.28727 3.80641 3.24736 2.14318 3.80428 1.63005 4.81536 2.96234 3.62208 1.82038 4.66753 2.21276 1.78083 4.62053 0.802658 2.42871 1.85057 3.25634 1.14786 2.92143 1.46498 2.90223 3.34719 1.28102 4.42732 0.78179 3.7475 2.13822 4.63866 1.65313 1.83157 3.9359 2.59841 3.42903 2.34847 1.96032 2.72706 4.68184 3.89122 0.882168 2.76123 4.78312 3.17171 3.05734 4.47099 3.4281 3.7429 1.83754 2.94939 1.79485 4.41823 4.64054 1.7243 3.08825 1.1384 2.53036 1.94252 1.21875 4.53525 1.05706 3.87616 4.86577 3.44311 2.10639 0.50121 4.67608 2.60725 2.00917 1.3985 2.84671 1.83966 3.66048 3.7268 3.84281 4.37212 4.39852 2.51832 4.50019 2.65649 2.39336 2.04631 3.76262 2.36229 1.29534 3.51509 2.80393 1.32152 1.89334 2.82224 2.28487 2.1708 1.03273 0.643085 3.49469 2.44071 4.5431 4.58748 2.12758 4.84245 2.42583 3.17877 3.94377 0.501722 3.05135 3.90515 1.56547 3.8899 2.61615 2.59315 4.65752 2.20248 4.60965 3.35349 4.24288 1.43477 1.54073 1.34914 3.9028 4.90484 2.17409 2.63567 3.11182 2.97377 3.02639 2.32391 2.4575 3.21315 0.872058 4.31473 1.49492 4.26982 3.509 3.85628 4.98598 1.17792 0.533966 2.67335 3.77342 1.86815 4.37772 4.91907 4.53962 3.12437 1.84999 0.698813 2.70018 4.73739 2.94419 2.41645 4.18225 1.1061 4.65183 1.19278 3.83764 2.03575 2.53681 3.10631 3.74067 3.98367 2.81939 3.50622 1.62083 4.00206 1.21997 0.64764 1.18015 4.62823 2.81259 1.39922 1.54537 2.97193 
2.0
9.46321 5.42016 6.12659 5.1558 5.56688 7.06415 5.87704 4.96453 8.95409 1.43681 7.85851 4.27131 8.64055 9.23892 8.90295 9.57622 1.61953 2.82999 2.97928 3.95572 6.27539 3.81457 9.10882 3.46345 2.42593 4.88252 1.15964 3.03494 9.49373 8.40312 5.01979 5.3962 1.3063 6.27315 7.64946 2.47619 4.02522 4.51884 6.51207 3.82331 3.70416 7.15172 5.8842 8.52562 9.97576 8.77843 9.54446 6.13518 1.36752 9.46436 5.34132 2.09606 8.74646 2.35125 9.13974 9.17648 8.39281 1.5287 1.64679 9.40468 7.20255 6.65952 5.61613 8.00883 9.51883 7.85908 1.93146 3.86072 5.09237 8.32848 4.06876 6.92349 9.67069 6.2417 7.43756 8.20315 9.71631 3.3866 7.10107 5.70407 4.75377 9.05985 7.37514 9.88838 7.8457 7.71577 9.80629 6.13923 8.69764 2.86909 2.02849 4.72798 2.89185 6.75154 5.9989 2.78533 1.75002 7.22246 1.11258 6.77632 9.32489 6.43323 5.69601 2.97921 7.02074 9.74566 6.37956 6.46833 4.34281 5.40421 9.84887 4.10079 7.27566 2.46225 5.47514 3.00713 7.79034 5.46205 5.3243 9.08584 7.98061 2.36885 4.04509 3.00179 2.32792 6.25871 7.13609 8.18862 3.59539 2.26034 6.09163 3.35497 8.85065 2.25077 3.92653 7.99464 9.11763 4.80502 5.57992 3.40065 2.15722 8.89959 4.69778 8.68327 3.87682 4.86988 7.29451 1.29181 8.86887 1.12153 6.79334 1.54051 3.5782 1.09569 4.94572 1.63813 9.59834 6.98813 2.12951 4.72165 8.59672 9.72231 6.52618 7.39369 5.36878 5.67632 3.67683 2.26398 8.52099 8.66378 7.91719 4.99465 5.28274 7.66859 2.19148 2.34946 6.94722 9.8336 4.74521 5.74696 7.44109 2.20322 6.19682 7.81746 3.52318 7.71987 6.48832 8.46405 9.11197 5.97443 3.21474 6.9274 5.24211 2.21051 7.8326 9.35453 1.14973 6.08265 4.24716 2.37148 3.98672 5.66845 7.27867 5.15988 9.66389 4.23461 9.50746 6.53739 1.32308 7.25682 9.99803 7.54214 4.93808 9.19363 3.40191 3.02097 8.54459 2.51417 5.93958 5.72163 1.59896 4.47978 5.76116 9.3889 3.96594 7.17961 4.18607 3.36459 8.03522 8.32005 8.32162 7.19144 9.46702 1.26808 6.56047 3.72096 5.06646 9.84858 3.45698 9.22511 7.28691 1.39548 1.4825 6.01198 7.8622 6.55685 6.15958 3.04533 3.06778 9.3539 5.07503 4.06799 4.11076 7.99387 6.27192 4.72922 1.14886 7.93682 5.52052 5.216 2.43826 5.71636 3.96806 6.88818 9.11039 4.01426 8.6675 6.41752 2.07755 8.48897 2.4851 9.93068 8.56754 1.85805 4.88698 8.65614 9.78712 7.73448 3.10458 1.57491 9.21439 5.71694 1.17893 6.57529 5.0201 8.23395 2.38398 1.61146 6.11784 6.64188 1.52869 7.36594 6.34317 7.07697 9.63813 9.91606 2.26159 7.56114 7.51343 6.90425 5.10551 1.86181 3.67066 1.71225 6.34005 5.60555 3.1586 4.13929 9.35778 1.14567 8.75545 6.08407 5.80233 3.6837 5.04439 8.73075 9.02099 1.14481 1.86808 6.73877 5.14612 6.30709 6.66212 5.93662 6.30552 9.68478 2.16727 7.01949 3.4617 8.66538 6.02075 4.75087 3.38003 9.40064 9.72631 7.16798 1.22585 5.95155 8.50329 7.29118 1.29042 4.1871 9.51453 1.83725 9.34581 4.9371 4.97325 7.4366 1.12874 4.89876 4.62876 6.85434 6.45323 1.79727 6.13111 9.71529 7.4522 8.30027 6.7747 7.23292 6.44806 7.18619 7.12071 5.44214 6.95205 5.26656 1.99846 6.43606 2.2926 1.56213 8.38574 5.10657 3.37256 9.23301 8.66795 5.88892 2.05535 9.76264 2.7762 1.01013 9.67997 5.89567 2.70432 4.74138 4.20499 6.82979 9.90478 4.15423 6.48139 4.16142 7.06345 1.88082 2.15434 6.08534 4.75337 2.37787 1.69382 8.34819 3.46734 9.19475 9.05428 5.45594 1.52947 1.74528 2.46303 1.63516 8.38561 4.08356 3.83772 8.04833 4.77266 7.18364 7.33254 3.76294 7.26689 1.22316 5.51351 8.97455 7.71102 5.37079 9.66254 4.98377 8.02032 9.57771 5.71044 2.4271 1.86757 3.87289 3.29887 1.26171 6.74694 9.66232 2.47113 9.00414 6.91676 9.53216 8.49193 4.72286 9.72121 5.05573 9.296 6.28474 3.79088 9.10451 1.06564 2.35551 3.62235 4.16298 3.43721 5.654 5.03651 6.14733 5.8364 6.96039 9.0159 4.22817 2.44261 5.3783 1.42094 6.15708 3.28202 2.35083 1.08507 4.5971 7.94971 8.93046 9.7887 3.95708 9.46064 7.80294 3.61224 4.23 5.72956 9.56496 6.16789 9.33513 5.17974 9.75586 5.2104 1.46418 3.98075 4.14313 5.12672 2.93125 2.41502 3.7619 3.80458 5.02679 1.87335 9.20832 6.37991 2.37536 4.97938 2.68678 8.36328 2.29745 5.34284 7.31114 6.64514 4.67499 7.44186 2.15979 6.87998 1.82099 9.13405 3.58463 4.74949 2.85294 5.29658 2.274 8.60451 6.07014 8.09513 3.56944 8.98593 4.83501 7.38171 4.53645 7.52453 4.4582 1.72146 2.28906 1.71968 9.58769 5.54835 2.06837 2.09697 4.60175 9.94965 2.57499 5.24474 3.50584 9.57955 8.05534 8.22951 2.83337 1.20143 8.64193 5.8903 4.0504 3.35922 5.44749 2.51194 1.96428 2.6776 3.91302 6.37717 6.63608 2.29109 6.90973 2.69771 4.29709 5.90204 3.09497 8.42425 5.76905 4.96761 9.02192 6.43529 6.88846 9.51556 7.50331 6.60496 9.43465 1.08897 2.72904 4.24966 8.06183 1.31992 7.63757 2.4537 1.73505 8.63199 4.04143 3.77376 7.17005 5.57174 6.00644 2.82229 6.777 5.26906 5.98498 2.22988 6.60817 6.52645 6.20303 2.4864 1.80949 6.03715 4.80128 6.16119 7.07605 9.23226 4.23 5.00202 3.61145 8.25668 1.39789 8.4131 5.0911 3.57405 9.07481 9.81188 4.12943 1.7005 5.04845 3.36479 1.75096 2.56737 2.53487 1.60192 7.36533 8.01283 3.34295 4.41057 4.74621 1.90237 9.29277 4.90772 5.51408 5.37823 6.38788 9.6914 5.62304 4.73774 7.24146 5.97095 2.35133 8.44051 3.25643 6.07626 4.29597 3.74463 2.05944 2.84581 2.87113 6.47166 1.68873 2.39368 8.81054 1.40064 5.03597 3.75548 5.17367 2.79088 7.04196 1.91312 1.35599 5.53376 4.14625 9.69857 3.60294 2.43341 3.49064 4.07645 5.52797 9.11628 9.37663 8.30556 3.13441 2.06958 9.47675 8.47936 2.84124 8.30876 1.29979 5.94524 9.01279 9.17369 9.40997 3.10285 4.49235 4.75397 7.89996 8.08117 9.63966 9.44297 4.61786 8.79464 8.37235 1.12086 3.64807 1.8781 6.7112 8.46653 3.54605 9.00065 3.32945 7.89845 8.827 4.05846 2.60586 3.64433 5.20845 7.74641 2.68178 7.43983 2.10674 3.00873 8.02208 3.35606 2.88743 8.8685 7.98003 1.25607 6.3696 2.13599 6.86599 3.38017 8.08403 6.49605 2.02016 5.5602 5.78538 2.47426 4.38907 1.56273 4.71814 4.78212 7.10611 4.06111 9.13661 5.54102 5.57587 5.73645 4.5787 3.88521 1.56247 2.00752 7.3937 9.44362 4.78171 7.88956 6.02391 6.20063 9.49721 1.48195 5.54018 7.23573 4.62037 5.58483 8.9314 6.84203 3.81434 5.94461 2.64785 5.52378 1.10177 7.62842 4.89846 4.37275 9.47661 9.0274 1.20201 9.32345 7.01969 5.98893 5.69219 4.78736 2.01825 3.5778 9.67662 9.16603 5.58943 3.96625 1.94973 9.74304 6.3076 1.95289 2.35955 6.45495 5.33557 1.61058 5.12844 7.04107 8.55983 4.56321 7.42771 5.07218 7.22958 1.39132 1.70612 8.35821 5.59968 6.66676 8.27231 5.23469 1.07759 7.11606 8.63115 8.22824 2.37409 7.41294 9.07399 8.60088 9.15803 7.09949 5.02275 8.2733 2.71491 3.13647 3.62807 7.62703 6.10938 4.58236 1.12115 7.68545 2.35164 9.90138 9.41971 4.17378 3.0678 5.40044 1.48774 4.95799 2.17407 7.29491 4.94915 3.36252 8.05489 7.90342 6.45536 1.86701 5.74499 1.47146 4.30683 9.68187 6.61533 4.12392 6.8284 9.70278 1.06293 9.44657 7.99865 7.34412 7.70463 1.19639 7.83306 3.75122 7.57478 9.64084 1.02116 5.89167 1.82678 9.02605 1.31752 6.02533 8.43855 2.67387 7.18671 7.05347 2.42195 3.20787 3.20213 8.24663 2.03602 2.40822 1.69871 9.8515 8.50421 7.19548 3.17961 5.07663 1.73546 2.24334 5.97676 8.95715 5.54922 5.72016 6.66527 2.59826 1.90433 6.65955 4.73188 4.29773 4.6319 4.45974 6.99716 2.0473 9.17196 2.01194 9.29173 3.91289 2.81416 1.95755 4.88631 3.79386 3.94225 1.57432 6.17574 2.06105 8.78256 8.7914 3.11688 4.5738 3.15635 2.83323 6.92037 4.57586 7.73604 5.99249 3.4964 5.97019 8.3054 1.03179 1.15426 2.47266 9.52359 4.71438 6.05593 7.14473 9.69318 4.9637 1.92345 1.8049 9.03196 9.15191 1.50029 8.81922 1.94881 1.0172 3.26657 1.77059 2.82334 8.71017 1.90822 1.50702 1.78949 9.46897 3.04003 2.06877 8.02306 8.42344 1.6826 9.99444 5.03313 8.02811 9.99321 3.50592 2.45732 7.62412 3.75062 5.07224 8.86109 1.63005 8.09368 1.85241 2.04082 7.86167 3.01401 6.51705 9.33088 4.48055 4.10238 1.949 5.41452 5.07161 8.04921 8.32281 1.1388 6.34959 5.39879 7.06319 3.83328 1.9944 2.05757 5.18224 6.6327 4.11536 9.05618 1.49575 2.30359 4.84441 5.06555 3.21826 8.07466 8.55815 2.16676 7.43713 6.97127 4.22886 3.37492 5.96545 8.15364 8.40436 9.41689 9.0739 5.75913 3.31681 7.26294 2.60149 2.74824 8.62041 7.91228 4.94521 5.25471 3.25802 2.93255 3.4286 9.93935 
3.0
2.38374 2.67416 13.4157 7.07807 11.4444 10.5572 6.10624 7.63951 11.4547 9.42611 10.3414 11.5667 3.51791 5.00608 3.02849 5.50839 8.33636 13.8398 7.00171 10.8657 4.60521 14.1922 10.9852 10.3599 7.73193 11.9685 6.25703 6.48916 12.1321 12.3964 11.7641 2.62314 6.35152 12.222 13.4389 7.98733 13.7642 5.66911 13.4665 5.78523 3.59697 10.912 7.25352 12.7096 3.02963 2.31271 2.84812 7.09244 12.1219 11.6709 8.5607 2.44303 11.8163 13.7382 9.03622 3.12562 4.26698 7.74613 4.0276 10.925 11.2449 4.69722 8.62021 8.25101 10.3696 8.17024 8.15758 5.73185 4.91613 8.889 9.61828 12.4458 4.44929 13.3047 7.19396 3.04192 4.03323 4.94225 3.8186 9.99901 9.26762 7.25973 14.3989 10.2737 5.89981 11.7721 3.49571 4.58689 2.26327 7.6884 7.20705 12.599 2.79219 11.8122 14.0018 4.22385 13.8621 10.9564 2.75466 3.33122 7.70705 12.6212 9.73284 6.08806 13.1623 8.18615 1.78305 4.18844 2.48394 3.8653 7.97031 11.7221 12.9942 4.6766 3.41765 7.93169 10.8029 12.1747 11.0971 5.10869 2.85553 2.19732 9.82168 5.37804 12.5569 10.8757 6.18892 1.62136 6.72154 11.6581 7.22505 2.28888 10.0996 8.5977 8.48079 5.8501 9.22985 1.65342 4.3281 12.633 3.36775 6.25507 13.7081 13.3021 6.74066 12.3817 6.58046 14.7249 8.87867 11.4041 7.82322 1.97741 7.77174 2.94007 7.3348 5.23787 14.603 1.97476 7.08635 8.3196 9.8085 12.4933 9.3757 2.59218 5.71235 14.878 7.0323 4.04148 6.48909 14.3188 9.32343 13.2183 7.2014 8.48744 2.31154 5.82577 11.6644 2.72558 12.4127 14.6952 8.38593 11.9962 9.90657 12.9008 5.83315 2.34898 10.1467 9.76312 12.2752 8.1491 14.7232 1.99105 7.45196 13.32 1.82556 2.71236 7.31937 8.34943 13.057 6.64316 12.6204 13.8097 5.95036 6.14595 10.0324 9.6409 5.43439 10.9263 5.64094 6.44864 7.50198 10.6181 2.98926 9.06463 6.32904 8.5079 13.4543 14.1215 3.09481 11.6473 11.1987 7.89103 3.25324 11.1046 14.9491 11.6362 9.00559 13.1045 6.35066 5.72674 13.7242 6.30745 2.14736 9.26855 5.07724 6.97636 3.43902 11.4966 10.6052 13.2832 4.26414 4.68163 3.49762 10.5033 12.259 3.80052 12.8221 6.84933 7.14291 5.72022 12.9534 12.1928 5.77974 2.64549 3.95456 6.92535 11.0654 2.58022 6.15877 2.20768 13.3919 9.55246 2.7024 9.35805 10.937 10.8531 12.2594 6.12891 1.53031 5.03829 1.72678 14.6223 6.8461 9.94537 10.1111 14.0942 14.1712 3.47267 4.36662 5.89695 4.50008 6.37289 13.9338 7.81102 6.20526 3.31009 10.7299 11.5151 5.53467 5.93046 13.8401 4.44472 4.18466 8.19672 7.15994 8.79007 14.6993 2.73616 14.2392 9.38182 13.946 10.9524 13.0767 6.71615 9.91716 12.1508 8.11605 12.8681 12.6078 7.92753 9.69315 10.544 10.2201 12.5724 8.68446 3.52202 11.4429 3.23504 7.10649 3.23171 12.0588 12.1054 3.41652 12.2224 14.1261 2.85727 6.76451 11.27 9.9879 10.6056 5.94612 10.8722 5.35678 12.128 7.80693 11.8833 7.22595 5.59903 3.34784 3.53635 10.3564 9.58919 3.28163 5.60531 2.59046 1.57665 14.7907 12.9549 9.24113 5.22321 6.73603 11.2297 7.80803 9.16379 5.0671 2.93146 3.26924 7.55952 14.6833 10.1357 14.1994 7.16458 3.99642 6.59615 3.46385 7.65669 12.9439 1.98884 3.23935 2.48129 13.204 1.54392 9.11037 6.95935 13.3616 9.81679 14.4921 12.4089 10.775 4.34764 3.12913 8.03012 12.8948 7.45975 14.4209 9.80436 13.2828 6.44637 4.82286 8.6565 10.0832 12.3964 11.5737 6.63123 6.19355 7.90848 4.49932 12.8329 11.3887 6.44429 13.1425 5.87895 12.6441 14.0698 9.46884 4.61738 13.9119 8.33594 11.899 10.8573 3.59664 8.54707 12.4169 6.36388 4.98347 14.6691 3.50426 10.8661 13.8668 10.6256 3.65147 5.32889 5.63024 11.7327 7.19408 10.7389 5.02792 14.523 13.726 5.15348 9.41669 4.20751 8.83882 9.76351 1.68973 13.027 10.9367 13.2203 5.66121 6.74159 1.87853 10.9755 1.65212 11.0089 4.69503 4.38529 6.02738 11.9013 4.63305 6.82796 10.934 1.81148 3.77537 9.58499 6.99033 1.9968 13.487 8.73615 14.6769 14.5124 4.93762 5.3181 9.678 4.78273 13.45 12.4966 5.42433 2.56221 11.9247 9.00263 2.58747 4.03397 5.59134 7.58177 14.7749 5.79777 3.83515 2.20775 1.67628 1.99628 10.8506 3.30928 13.4114 5.3302 14.8706 5.76075 12.8287 4.21197 9.72223 4.38653 3.50506 11.3082 14.9584 9.72897 11.1971 7.7206 6.81586 3.33006 6.49352 5.55606 9.74921 14.7767 4.91824 6.1347 4.29127 3.25997 13.7353 9.08717 8.98946 9.39731 7.70446 11.5904 5.66846 3.56937 8.03829 4.49188 11.769 4.51976 14.8102 12.5731 9.51273 2.46881 2.06372 10.2008 8.64354 3.99096 9.37311 2.61815 6.49471 2.90574 12.6049 9.62312 14.1324 5.43251 12.6305 12.3868 6.82546 8.35887 11.2409 5.15949 8.09096 4.47266 2.5107 10.1163 3.56647 8.50771 13.3656 8.09049 1.95808 2.35323 11.099 7.94624 6.81477 8.7769 8.59138 4.83968 13.8789 3.41157 9.47951 9.61878 13.763 9.25571 2.52793 7.61181 6.70231 2.43747 11.951 2.05452 9.13429 13.9925 7.93604 13.906 4.85342 2.40512 8.11833 4.30315 9.4927 3.16392 12.2564 9.90391 12.0812 8.58003 6.35908 11.8691 2.92788 3.11981 2.51351 4.23295 13.5812 12.5009 13.1644 11.9123 13.6153 11.3022 7.09435 11.1045 8.49257 6.33679 2.35553 1.82378 7.75143 5.5398 5.9023 9.82686 5.27137 14.1187 9.17517 11.1764 5.3635 10.7178 5.88588 2.19389 6.93754 4.84664 11.7536 5.55061 6.49484 6.82172 11.9426 5.74774 13.1977 11.4718 4.95032 9.73488 1.76478 2.35742 14.6977 9.91726 12.4427 10.2533 10.0699 4.80169 13.3038 3.14516 8.65813 3.03114 4.12011 5.98985 6.95353 4.05802 4.06349 11.4891 13.7411 2.70609 10.9819 12.6272 4.44557 10.8711 6.5017 1.72192 5.67811 8.61004 13.7067 10.2397 6.2344 6.8691 11.6426 7.12396 11.7937 12.6003 10.3979 13.3874 7.06902 11.0168 10.0116 7.71789 7.65904 12.2367 11.9557 7.84794 5.85028 7.06617 8.94551 10.438 6.12122 14.17 13.8248 12.2235 8.59719 9.38233 12.7778 11.1749 14.7066 13.9047 11.6171 7.92256 7.78822 10.6439 6.39818 14.1944 9.89979 5.93755 6.60924 7.51724 5.57763 13.919 9.68814 14.4325 9.29752 10.7705 14.6149 4.97481 13.3868 14.1155 13.8307 10.1647 12.1374 10.7991 10.7328 10.2648 14.3704 9.8074 1.99563 5.55013 10.7015 11.0756 12.4686 6.34111 10.2579 4.93468 13.8994 3.05138 5.09577 8.94689 4.23343 3.9985 4.06979 13.8796 11.2403 12.7287 7.90311 7.56816 13.7154 5.60494 13.2089 2.41718 3.00848 10.9093 11.7127 5.7907 2.62786 12.7084 4.92648 7.54083 12.1711 10.2324 14.0235 4.92523 3.83172 10.0187 10.664 4.16311 5.2322 11.5679 5.02326 5.38005 5.333 6.76455 14.2691 4.69138 14.1679 13.3111 12.7423 6.67427 13.1554 13.9255 5.58692 13.4785 5.23647 10.5525 3.08231 10.8259 9.58803 11.3388 10.4264 11.6485 7.66327 11.1216 12.7199 2.11522 9.30758 12.6812 2.40182 12.7973 2.70091 14.5069 1.88592 11.2227 10.8763 12.3264 7.14881 14.0684 5.06428 7.64981 7.51875 7.24232 5.61417 3.07625 7.41586 4.60332 12.7406 4.61466 2.79346 9.06989 3.34693 10.7683 13.5306 4.36775 14.1745 8.63264 3.02549 11.166 7.52819 10.7573 2.24085 11.8519 12.3281 4.52147 12.9494 7.19428 7.23722 9.77264 7.43145 9.14607 11.6159 8.47979 4.3729 3.53469 13.0514 9.64961 11.7151 10.8918 8.21505 13.2566 5.20532 9.17156 1.79398 14.9369 3.3988 8.60719 10.7504 4.19567 2.86169 1.95684 13.1563 3.37828 9.8253 12.8876 10.3545 5.65501 13.0415 6.24828 6.69572 7.76958 12.5892 4.48133 8.10239 9.30125 3.38237 11.9226 5.70786 12.1906 14.6285 10.2406 5.32224 13.7792 9.48906 4.76378 14.9744 13.6122 2.69059 6.9469 10.7799 13.756 11.3371 13.726 9.38546 5.87789 7.67384 4.01173 10.7392 5.84088 2.05179 13.072 6.93732 7.56111 6.34381 8.05241 9.89691 11.3795 6.06173 3.38628 10.1048 12.197 1.92453 4.34265 8.19289 8.1233 6.12791 14.9633 4.58908 9.38941 13.5648 9.13832 7.99508 13.7739 8.74737 6.57046 1.93987 9.29269 1.67966 3.87803 11.1596 10.9027 4.93205 10.5865 4.55335 2.96878 12.6664 7.75893 5.96566 10.2451 1.86257 11.5147 14.5445 7.11908 2.99612 5.1873 11.426 9.37018 3.91708 3.37072 5.49479 4.19139 4.17998 11.6043 3.47136 8.72501 10.575 9.9463 5.5746 7.36182 7.61045 7.68652 6.51119 4.05401 4.196 13.947 8.54091 7.39176 14.7777 11.9219 12.8682 9.19349 8.6735 11.0057 9.6098 3.85979 9.86071 8.0603 13.5887 14.741 2.9638 13.0706 4.20398 12.7686 3.19398 10.939 5.62741 4.09998 13.4897 14.6683 3.57543 10.0271 10.6084 14.1836 2.40791 13.3988 7.41937 3.04242 13.3029 13.3069 9.14782 8.78382 7.25731 5.78553 5.32014 12.1662 1.66437 5.27475 4.16028 5.04378 3.71649 5.59729 8.18733 4.63128 6.3849 8.69928 5.2643 3.90806 
3.0
2.96844 11.0255 2.43319 2.88307 13.3998 6.23273 10.7862 13.7039 3.36514 7.17745 6.65947 8.40564 2.60157 12.3242 9.40871 9.19709 10.5002 8.10648 7.6573 4.67699 8.00293 14.7979 14.2509 2.48165 10.0525 5.87323 3.13994 12.7976 3.34454 4.61044 4.93928 9.98961 5.63293 13.682 3.41638 14.0936 10.3377 13.9871 4.1566 1.92524 12.2054 12.4739 12.1565 5.55352 12.7731 10.7021 6.09481 13.3895 12.3836 8.89544 10.5312 4.64062 9.00495 11.7348 2.78254 2.37968 10.6018 2.14132 12.2274 3.47971 13.8097 11.3 13.7878 8.16361 9.66207 8.17308 13.8386 7.4192 9.62001 6.75416 11.2954 2.52948 4.15488 6.31219 2.62942 9.46812 9.13347 14.3759 10.5601 14.4102 4.25596 10.7083 8.1762 8.60816 13.2967 7.52176 1.73365 14.883 8.89753 10.1827 8.88194 4.4806 13.1641 6.6571 6.56773 8.0437 9.31467 5.94614 3.86646 8.94844 8.63183 10.7617 3.49158 3.75666 9.46679 12.1927 7.23157 7.03328 3.5466 13.1108 4.56462 7.27887 9.33392 6.06743 5.20117 2.22746 4.18964 6.9303 14.304 12.2597 5.08817 2.51017 11.1364 11.181 7.63553 7.92823 5.3875 10.6152 6.14008 10.9734 2.42586 7.7635 6.98611 12.7 5.73068 5.77803 1.56002 9.0157 9.25052 5.50148 13.4794 14.5094 13.44 2.32143 10.8746 13.7699 4.22412 8.39005 14.4733 8.94429 9.64026 12.4591 3.23789 8.28661 11.4081 5.5801 2.30492 2.94726 1.67719 11.9197 8.97817 6.25201 2.70199 9.94023 6.52389 13.7216 2.19515 7.19598 5.01894 12.0815 13.6082 5.49385 8.00167 3.51195 11.5898 11.6699 6.1755 11.388 5.87235 6.23111 4.91528 6.76003 3.83562 11.6118 11.3263 5.32469 3.49856 10.296 14.6062 4.13546 10.1887 3.05462 6.95932 7.804 2.63928 11.5481 11.3142 2.4415 3.76422 5.04407 14.5935 5.59032 6.36063 14.5002 2.28645 9.89581 3.48924 8.76263 6.57492 2.76848 8.78246 12.1295 12.7611 14.7862 5.93021 11.0293 14.2486 14.587 9.59349 7.56518 6.82628 8.00151 14.9957 10.6739 10.0045 10.6763 4.94149 12.1504 14.1542 8.9371 7.51386 8.287 8.69901 10.1421 8.69836 6.37891 3.60968 13.7759 10.1854 9.34386 10.4515 4.53339 9.60032 12.2076 3.23431 14.644 4.4109 3.7044 14.3155 5.68604 12.763 6.74301 7.6052 8.64149 9.99355 2.48752 8.32508 2.44083 3.5716 14.8037 10.0689 10.2482 10.2168 10.8206 3.41654 1.73681 9.44604 2.35714 11.3503 13.1045 1.79714 3.96414 3.22443 5.5795 2.98107 2.8316 4.53661 9.16682 7.71136 14.8111 4.2531 4.88421 10.9614 3.80337 3.93593 11.2389 12.3996 8.76147 12.9231 3.69428 10.7519 12.5587 9.81152 11.377 8.34269 4.97193 11.9926 6.27432 5.56267 3.53059 3.49047 10.1712 5.51503 11.9801 11.3535 7.57851 8.58915 4.1113 13.3476 8.90063 3.712 7.20438 7.70329 14.0938 3.52737 8.33884 8.66452 5.06458 8.75274 14.318 1.59107 14.0583 2.96399 1.95929 12.8632 4.78821 11.5577 8.4991 4.33905 5.05439 2.14148 4.36369 4.1151 11.6032 11.1015 14.0547 7.83893 11.477 3.59825 5.90011 8.32505 5.10372 13.74 2.92056 11.7233 10.8771 4.68375 3.06063 6.49002 3.97686 8.91381 12.5356 13.412 12.1795 1.94867 10.0434 7.43309 10.9087 2.22507 10.5914 1.53358 2.27666 12.41 6.18947 2.41231 14.865 11.3906 6.15676 6.72155 3.99655 3.69135 8.29513 4.10457 10.2468 11.5694 2.17699 7.28592 2.44607 3.03773 11.2986 7.96453 5.92142 5.56534 5.34877 13.7595 9.72928 7.20607 13.3423 10.9585 10.628 2.90456 12.3694 8.3192 11.5407 3.73013 3.70963 6.67321 8.25843 2.28842 13.0615 9.08269 11.6335 9.06071 8.13709 10.7999 4.01303 4.42098 10.3722 2.7795 12.1628 2.08077 2.50136 8.99316 6.43134 14.7117 3.24818 2.29755 10.904 9.49558 5.3812 2.60457 12.7978 8.85285 13.3846 13.1045 1.84596 5.59785 11.9945 3.79192 11.4228 9.77259 7.35011 3.04419 6.15918 4.40786 12.5104 7.0029 14.2979 5.96219 11.0859 10.5079 12.0393 6.68859 13.736 4.33406 12.1271 8.17887 11.7807 12.9809 12.425 4.33589 10.1787 4.26467 13.7325 1.52337 11.6199 14.9636 5.59182 1.64358 12.4832 13.2656 7.83478 8.89263 3.91011 4.26842 12.6198 12.9436 11.7431 7.28326 9.2093 9.30739 6.57899 6.19049 3.73717 9.62119 14.6884 14.5984 13.7167 8.11486 4.54939 6.05457 3.53839 5.50492 14.7473 13.0601 10.7086 2.56633 3.48905 10.1362 10.5775 10.6319 6.98322 6.19445 12.3085 4.7698 5.93506 1.95831 14.8365 1.88805 6.40682 8.18883 5.0676 14.0177 4.29337 9.96219 5.06829 5.02287 2.16299 5.25037 12.9953 5.9893 4.21335 3.05432 6.51523 4.53993 9.59289 14.8401 1.96508 6.3287 10.8372 5.52748 14.0023 5.46188 4.17099 13.2817 3.49547 5.59717 4.92468 12.8573 9.4053 3.97056 7.317 1.74545 12.4055 12.6009 3.35224 5.37346 9.49424 1.92217 13.583 8.1072 9.34563 3.09361 14.9879 5.80631 9.15151 11.2374 2.21522 11.1821 13.7035 6.85425 13.4407 5.20807 8.96513 7.66657 6.09143 3.33349 4.88457 9.13954 7.68487 13.7493 5.69709 9.42976 8.53261 2.45699 8.96814 4.0117 8.05988 6.89024 13.1265 10.7319 5.49009 13.3391 13.2379 10.541 9.14455 9.92728 5.26808 13.1531 3.60758 5.89145 5.58756 11.3835 3.00671 10.4142 11.465 6.41351 8.15817 4.75919 3.80211 2.73354 9.32766 8.95884 12.3577 6.51358 14.3563 6.80536 7.21305 7.15154 14.4018 5.89405 14.7266 2.74929 2.04481 9.96949 5.72944 8.76651 8.01087 4.82447 8.21075 2.60216 14.757 5.00161 5.74358 13.3538 10.1739 6.04775 6.40091 12.5044 12.6535 11.0711 5.41179 3.78754 6.77126 3.35093 10.3079 8.47923 12.3344 6.75047 13.8102 6.86859 10.0445 11.1819 2.20577 4.65562 14.0262 12.8745 5.96531 1.52687 14.4706 14.1957 10.3502 3.65884 13.144 3.27398 2.76017 5.89916 10.0119 14.6759 1.5715 4.37539 1.72825 7.88443 5.71473 5.7817 12.24 2.33112 6.74326 13.0932 13.7568 3.23029 2.6418 7.95784 14.8358 8.46633 6.62527 4.01659 11.8321 8.78362 3.67777 2.40063 12.9638 1.52918 10.0819 4.65678 6.74304 11.1981 13.1884 8.85052 3.02158 2.03146 14.1755 9.09668 4.90208 13.4176 5.04945 5.26796 12.7644 11.8455 8.13434 2.63114 13.1572 6.16079 9.30272 8.16104 13.3046 14.3754 7.69622 3.28215 6.47877 10.2791 13.1865 7.78812 9.98641 5.10384 11.8265 12.1889 7.02192 14.4913 14.0416 14.7355 1.63491 12.0128 3.31148 7.87288 4.5632 10.9921 8.09184 1.87003 10.6811 11.3806 6.72658 11.3782 1.81276 7.43599 9.60005 11.6667 8.66106 8.95283 14.7797 6.28652 9.10134 1.79639 5.8987 10.4115 7.09069 2.98901 12.5293 10.6073 1.94227 14.5993 10.2957 2.27854 3.21502 4.68383 4.97793 3.54287 3.46847 3.03212 10.3552 11.7834 10.1329 7.9636 7.5403 4.12865 8.24449 7.92791 14.0533 2.11021 9.29627 3.15763 12.8865 4.74822 3.95351 7.12388 4.80881 12.8145 14.385 7.54458 1.66057 2.52347 9.95934 1.69547 7.88897 3.90081 3.55622 4.77389 10.5733 7.07977 11.2434 11.0652 11.6904 13.7753 3.5687 9.16215 14.8707 11.1861 3.71693 3.98662 13.8945 10.0736 1.78263 11.8645 3.17769 5.27 2.40763 8.40302 3.49877 13.8629 10.034 11.421 1.71552 8.80814 12.522 8.68151 13.722 11.2203 10.3839 7.17792 7.39572 10.591 3.88226 8.22183 2.78531 3.18491 12.2437 9.58442 5.28805 6.8633 10.2383 14.4402 8.06794 5.0857 4.87367 13.3636 2.96384 2.33894 2.45469 13.6283 6.63791 8.74414 7.75815 14.5591 14.2143 14.5913 8.07283 3.18699 8.65782 2.05177 2.85479 3.95637 5.64353 14.3183 4.7478 13.7354 5.66563 5.42291 5.21912 4.37913 8.63726 3.98251 6.06044 13.0948 3.23036 3.62221 2.00407 3.36071 5.20565 5.32637 2.20438 2.64718 2.98295 2.46738 2.83445 10.6905 6.20175 9.76223 12.048 9.06954 1.52193 7.90675 12.5565 11.3352 11.4148 13.1376 3.57152 11.9426 6.19424 8.47195 7.36237 2.73549 13.5383 13.3751 6.67892 9.73453 13.7509 1.60554 8.78965 8.47702 5.51365 11.4879 13.385 8.16022 5.87802 9.86363 12.5959 14.3371 4.74792 2.46948 2.87739 11.9148 2.10217 5.99354 2.00799 2.20599 13.2075 10.0591 10.4536 6.28273 8.07146 3.38641 4.84702 14.3833 7.8861 3.38179 10.8329 9.62157 7.71121 14.9049 5.52738 5.24931 2.1483 5.96339 7.3435 7.72097 12.7547 1.58566 8.93149 6.81147 2.44754 5.62089 2.98447 13.0365 7.64878 13.7172 13.1593 14.1257 8.91949 2.72744 1.86276 5.79852 5.83504 11.2925 12.6528 9.09281 5.85032 7.85251 14.0052 13.4961 14.9051 11.8362 4.69539 14.6299 9.51995 2.27704 9.54552 4.73601 5.13177 12.108 12.7867 3.71665 11.4203 9.88357 11.2864 2.4763 2.87443 7.67968 5.39166 14.3169 5.84864 10.4214 1.6365 11.6355 11.8601 2.388 7.06553 11.1749 7.37564 4.64654 8.4223 4.07643 5.33908 7.66226 10.453 7.48655 4.18885 1.83729 5.07532 14.9649 2.61572 4.72699 13.1628 14.4462 9.31088 10.6839 3.19404 13.004 13.9542 4.67954 4.0174 
4.0
12.2591 15.6904 12.8523 14.9551 14.5522 7.08852 2.10152 19.0909 18.7257 4.76828 11.872 7.24537 16.077 5.57919 2.53107 10.293 7.41168 5.15088 3.55504 2.99419 10.5364 19.9585 6.72979 10.8932 3.41665 11.3024 15.5149 15.6291 9.99762 8.20144 7.57212 9.66207 13.69 6.2011 17.4577 11.4126 13.5192 11.0949 6.47909 13.8155 15.939 2.56024 14.7152 19.2877 7.30932 6.70845 10.2015 8.11019 6.03745 16.5485 2.27818 11.2239 5.38416 3.36515 14.1033 8.4397 13.9333 10.0109 13.3293 3.06264 4.7258 11.1121 7.9444 11.9299 16.0574 17.1893 10.2768 15.8632 16.9406 17.6912 4.16441 5.53481 14.2311 5.94322 14.2873 5.74821 14.4174 5.0098 16.6654 15.1322 11.0752 13.4707 5.31921 14.2496 6.98566 6.1116 8.09534 15.1194 7.91752 16.5287 6.65576 17.1539 15.0737 4.6471 3.63116 4.50894 7.20136 4.15388 11.9384 11.8486 11.3668 18.8445 11.2621 15.5242 19.3937 18.8836 6.69997 19.1671 10.9657 9.9801 18.5728 18.6953 2.39338 4.47607 12.3977 17.7349 4.04453 11.3495 12.0264 12.4547 3.43932 18.1317 8.94669 8.81527 19.009 9.73795 18.7483 9.23257 17.5187 15.2132 5.7529 13.6547 10.1547 11.391 8.80837 8.0532 12.2751 16.4668 9.24648 3.32874 19.8254 4.48538 18.0052 7.63011 11.417 9.74242 12.9149 13.0879 3.07103 16.0997 5.14863 5.96199 2.62541 18.215 9.83627 9.20307 16.8061 11.6852 19.8431 4.42837 11.9627 11.1046 9.71232 12.3113 17.4678 15.0361 14.7711 16.3853 2.78046 16.8975 6.40183 9.2616 5.17405 16.7608 4.47606 8.26112 13.1277 7.06668 3.95372 13.4605 10.382 13.2522 12.6456 7.15206 9.65912 18.2928 11.1403 3.7179 13.0462 14.1586 5.89494 14.918 16.0434 9.18448 4.49037 11.5926 10.2763 18.3544 12.0499 16.7783 11.8713 9.49944 3.82261 15.2383 16.4961 12.4106 8.93025 12.4072 16.0638 3.86489 8.27861 17.7489 14.1011 9.5659 15.6327 15.5297 12.7804 17.9984 8.85615 4.00445 16.6168 3.19696 8.31441 4.01742 7.82745 11.4286 5.44239 10.0169 10.3571 14.7894 2.47587 18.484 17.566 8.71561 10.3471 16.7757 8.58258 2.4083 13.7443 13.3811 8.32031 19.1723 2.33575 10.5934 2.15827 7.66916 5.15695 18.5938 2.28597 15.0844 11.1629 11.9516 4.71224 19.2083 18.9439 17.5365 7.93808 4.43158 8.60535 18.8465 12.2937 2.65395 6.81179 9.74858 8.93944 18.108 19.9951 8.63455 3.53108 7.09642 6.72655 5.9901 11.5488 11.6432 6.25293 16.3784 16.2905 6.05929 18.1969 9.83754 6.52899 5.42232 2.42134 19.6922 12.8336 12.9699 8.05754 3.77941 7.55523 13.4075 8.69786 8.08784 19.4761 3.13002 10.7521 11.812 4.12324 12.3579 11.9682 2.82004 18.7459 2.1867 17.1167 4.53526 8.95749 5.55106 11.8396 9.23254 8.04109 17.1028 11.6629 6.74808 19.9194 19.003 15.1737 9.60359 8.78838 7.62787 14.3609 11.5444 4.41545 12.1893 17.1202 14.4917 8.10121 6.26866 18.923 6.90875 14.3056 9.2656 4.6496 10.5813 12.938 8.75999 7.58638 6.81194 17.3113 18.7886 18.5868 3.02854 18.7602 13.0354 6.39679 14.8068 2.92368 11.9363 4.14404 8.30687 18.6909 8.69772 18.9914 10.1239 2.81195 13.2292 7.95421 15.5528 17.1724 6.99008 18.882 10.2671 7.7314 15.7506 19.604 6.4117 12.1249 3.2663 18.2386 12.1096 14.9317 8.86747 15.6673 15.3833 17.6046 15.9617 15.1721 9.48925 8.06508 10.4513 8.23795 14.6675 18.962 4.06401 17.5179 15.3044 13.5946 13.5985 7.96349 19.5102 4.49958 5.08363 17.1187 16.1098 17.7021 9.85141 9.57799 18.0487 19.6308 7.52475 4.60828 3.21192 13.6969 16.9187 17.9354 13.6577 9.53762 7.85585 6.69414 8.26504 17.9234 2.8962 6.54271 17.795 8.32915 17.9805 19.941 17.3667 18.1698 12.9878 6.59318 11.3468 8.69959 5.20781 3.054 15.6534 16.5759 12.7259 2.49953 18.4739 16.0866 16.7236 17.6617 18.3966 5.04165 5.6922 11.9271 4.95709 17.3292 2.56076 13.5996 16.598 17.1351 11.7383 8.32721 15.0431 7.82662 3.06989 14.693 17.0855 4.50071 13.7067 9.97011 6.78994 5.19571 16.8903 3.04052 15.1089 5.76753 16.651 11.4784 15.913 13.4297 17.4204 5.79702 7.43554 13.9574 3.55727 9.86012 18.1306 9.5561 9.78868 6.45702 9.946 10.3933 3.56413 17.042 12.0095 6.79518 2.32431 4.63779 7.72983 3.10712 2.6838 4.90273 16.311 14.2179 18.5277 8.36259 17.6812 15.7484 3.02271 16.8059 17.8361 18.9043 5.54152 12.8439 11.5948 8.99232 14.5022 13.6336 13.7718 8.60152 17.121 19.7665 5.76118 4.44767 15.0792 12.3193 4.53637 16.8823 5.10486 7.07082 11.0628 15.0654 5.46714 12.8812 9.12535 10.8028 11.3862 11.2361 5.56957 16.0467 14.3562 19.9552 12.957 17.0611 4.38278 16.0636 19.6346 10.251 18.1345 14.8286 10.2181 18.6554 8.00808 7.95973 9.48974 8.10467 9.10843 3.97295 14.7097 18.042 19.1418 17.7193 5.34166 12.0086 14.2237 18.0771 3.19277 14.7936 19.6006 4.80871 11.9672 5.24695 10.2858 7.58081 7.23399 5.75762 10.609 16.1493 3.80912 17.3949 5.68066 12.7077 11.5513 7.71435 15.7697 7.40018 14.572 14.2273 18.5956 13.9984 18.8597 12.535 16.5346 10.742 15.3178 8.12646 5.73973 3.34398 11.217 18.8402 18.1753 19.1595 13.0615 10.9906 11.565 5.51906 5.86938 14.1578 12.2542 19.2254 9.86695 9.64202 15.9866 14.2149 7.59725 15.5815 15.5945 10.3828 2.44251 17.7352 2.6037 4.57268 19.5608 6.92881 5.75166 10.7293 4.23673 6.16522 13.4205 4.21678 4.64594 6.39917 4.98354 13.2995 18.0341 17.9756 10.0664 6.78788 13.3096 12.7324 6.7214 18.8482 13.0507 17.7669 9.51702 15.9762 9.92594 9.86683 14.5405 19.1344 14.5299 15.6048 8.31501 4.05465 9.6316 12.0973 13.6308 2.70346 17.8382 15.4279 19.2904 18.9122 3.67167 5.73366 18.7678 19.171 15.0607 3.95664 4.78167 7.58684 15.2453 3.25875 18.783 14.0058 8.09699 16.101 12.3561 4.29901 15.8515 11.9867 15.5347 9.81317 8.25687 6.86883 9.0308 16.9847 8.13467 7.22119 13.3789 4.11805 4.35586 15.7741 7.99319 8.32848 5.2304 17.9135 13.1397 15.6482 7.31106 11.7449 19.8218 7.29716 14.6112 18.8208 10.5802 9.11752 9.23681 12.5321 8.20699 9.17251 8.43224 7.16433 17.3732 4.50908 19.0404 10.617 12.1715 6.08475 6.37686 11.7877 14.5718 10.8585 12.5178 11.62 2.79151 4.04562 19.0025 16.8151 18.58 18.537 12.9493 5.20835 14.4168 8.48168 13.5862 15.8091 7.62382 14.0346 14.1952 12.5048 10.392 14.2674 10.4705 16.4294 14.7215 17.2437 16.2916 11.9956 5.27683 18.2586 3.90911 13.5909 9.15469 15.2417 11.5461 13.9385 11.5673 18.3252 13.4124 3.12155 16.4387 8.5746 11.1334 13.2715 8.91581 16.8849 13.5933 17.921 8.79336 8.03997 4.19119 19.0204 7.85249 10.9362 12.5129 6.61846 16.114 17.9704 11.4156 16.2074 10.0054 4.59149 8.52652 4.73124 7.44183 6.01649 17.1569 4.25927 8.82146 8.1104 5.62872 4.32263 10.9346 3.43021 14.0158 3.91554 12.7872 5.43298 15.2996 8.16031 4.33769 11.848 15.9382 14.6366 19.1492 16.2128 8.85017 16.3744 7.9543 4.57389 3.81168 12.5119 10.1351 18.3504 18.2683 17.616 2.1166 4.36302 19.5607 6.66833 7.67429 19.0261 7.56429 2.71469 11.1562 3.70448 12.7428 10.1783 6.61828 4.23365 18.6165 18.8376 11.8748 15.6047 15.6437 15.4679 2.46173 18.813 15.5171 12.1471 8.51515 2.87076 16.8734 10.2253 5.56304 16.9839 3.41789 16.9589 4.23154 9.89323 19.462 15.8085 5.86506 5.37888 7.87599 7.40074 13.0605 10.9297 13.455 4.15428 14.1158 10.5764 4.69934 5.57011 4.39174 14.888 7.00916 17.1856 17.5891 15.1341 16.2926 14.1927 13.9384 12.6092 7.98844 2.72034 12.3053 6.12233 14.5027 7.78062 7.20833 18.6507 10.0594 14.8793 3.75219 10.1568 7.96487 18.2904 17.4742 9.56998 19.287 4.99455 12.1054 6.93214 7.94781 9.28156 18.2448 10.7072 13.2304 13.0173 9.94915 9.25505 16.6999 6.57431 16.2352 7.46889 12.5385 3.42651 8.4972 3.57744 2.29452 17.4082 4.8378 5.11065 13.0457 11.6368 4.31329 3.02965 3.97611 8.10009 12.0929 3.0208 12.3677 6.90688 2.53195 14.9537 8.00559 12.2024 9.15941 9.50338 4.99722 11.7475 8.57918 12.9364 8.00616 9.16148 3.28564 7.06137 17.8994 9.82985 6.3932 3.34279 15.809 5.47541 9.27989 12.1799 6.60783 2.39372 13.1451 6.34889 4.79905 12.3526 7.48119 13.6095 7.82014 15.1557 12.4595 5.47538 19.7605 9.86985 14.23 5.14912 8.49369 19.7172 18.1354 9.62055 3.22287 5.63049 12.839 4.92969 17.4413 3.47307 16.3669 11.5935 4.30618 7.92269 15.0637 7.19695 15.4269 8.01941 2.46343 5.14758 14.0672 3.37758 19.0731 10.5949 17.7613 10.0619 4.07121 6.51316 3.34469 11.1275 7.92037 14.9488 15.3979 4.82412 18.8934 8.43125 19.1055 15.4642 6.51388 4.54857 10.5283 3.95553 10.9109 10.6865 15.2901 10.9971 17.0875 7.93194 2.67812 19.9399 19.1033 19.1404 12.1581 16.3112 13.1715 18.1676 15.3025 
2.0
2.6186 5.19892 9.1875 7.82378 3.26043 1.32976 8.89355 1.13305 5.58199 5.05795 2.90643 8.13678 9.10057 6.34046 3.12153 9.94682 4.05542 8.50378 9.9398 2.59426 3.33537 3.86002 7.22866 5.9913 6.09791 3.63945 8.22419 3.45944 5.5796 9.7394 3.87483 5.32414 9.59794 4.78966 7.12644 7.07585 6.2447 1.03414 8.64875 8.59745 5.27049 8.5291 1.50326 8.95812 6.66093 8.15765 7.2525 8.27361 8.90411 5.96073 9.01074 3.13285 7.44943 2.28452 2.93609 7.0911 5.858 6.24415 1.66398 1.72936 8.14426 1.00391 3.18208 2.78031 5.80912 8.37386 1.64662 2.82057 9.06448 5.22279 8.6401 2.02939 9.74917 2.20764 8.37042 5.51378 6.43625 1.31931 4.31143 9.70001 6.23176 7.74484 8.78484 9.29153 7.76486 1.54609 6.98359 2.29325 5.8694 8.65471 7.93659 6.60236 4.45683 5.68358 6.91489 2.66538 6.08062 5.05469 7.77923 4.70172 9.69197 9.94334 1.76903 3.99367 3.08702 5.5388 6.23272 4.7427 8.54542 9.12137 5.79961 3.99225 6.16033 3.45587 7.49299 1.11689 9.3598 1.00145 7.28478 5.37789 9.11953 9.43793 7.59152 1.04522 7.36718 2.00844 9.21175 9.58587 9.07786 5.17851 9.20489 1.41874 4.56123 2.1116 9.21138 3.73574 9.4399 7.46096 2.71438 3.88947 4.81926 2.97794 8.74275 3.84718 7.14869 8.43674 3.51552 5.21121 2.27427 4.37549 6.52773 1.30581 9.18275 8.15379 1.57768 7.83035 7.93706 1.82666 3.23557 1.579 6.30316 4.33483 3.2536 5.72672 6.56828 4.51155 8.41742 2.18173 3.05064 2.40567 3.339 8.50437 5.80049 1.42127 4.69095 8.89235 4.99262 9.77355 4.38215 4.73242 6.51025 1.76125 4.17491 9.21845 8.22031 5.35542 2.24341 8.53588 2.44018 5.60458 8.17366 2.11264 9.09576 1.35633 9.90481 9.43644 9.07103 3.79531 5.11182 2.93842 7.24894 8.29767 2.52965 5.44333 4.74376 7.10179 6.71875 5.68596 1.82481 2.29556 8.77203 2.39412 9.0316 5.61996 5.46318 1.43793 7.98039 2.58912 6.33645 6.54555 1.36212 2.42672 6.23777 8.08532 3.63181 7.31884 8.78736 1.41432 3.88931 4.48319 6.29367 3.29327 4.45144 3.55482 1.60876 7.86794 4.61563 6.78809 4.42508 3.71688 6.11487 6.57519 6.51371 2.46558 8.76411 5.78101 3.40386 2.46704 9.79807 2.39436 4.00397 9.04879 2.40041 5.99575 5.66405 7.82624 4.92439 9.54137 2.17953 3.58245 8.30485 1.96366 2.23648 3.21438 8.16168 8.08818 8.7982 1.24547 9.09457 7.36693 8.93331 8.40464 5.66933 5.92804 5.58516 1.7717 7.59549 5.44192 5.78265 7.98922 5.59535 8.30377 5.79254 9.04071 8.46446 9.6325 4.71305 8.09525 2.82346 7.58609 6.00899 7.91859 2.06133 9.49333 2.48815 5.35054 8.97011 2.30195 3.21926 6.34883 4.57096 8.84321 7.89121 3.09942 3.63161 9.41285 5.11377 7.69309 1.37533 3.16842 8.15967 2.86859 4.88116 6.84313 6.64814 3.32204 9.67564 4.27597 9.66976 7.08289 7.01592 4.25833 4.85283 3.45617 8.36431 4.197 8.87103 6.03118 1.55412 8.09351 6.89264 7.25662 5.1471 4.34004 1.47096 3.08209 9.48208 6.83153 4.37633 2.166 6.91518 1.89437 2.86947 6.14991 7.75132 3.5314 3.91619 1.49922 1.36718 5.48333 7.84357 3.41035 2.02559 5.6066 5.93755 3.28426 3.88126 8.06762 6.48186 4.26641 2.67799 7.8534 3.73843 5.35308 7.63721 7.09864 2.36915 1.56417 3.038 4.72917 2.79907 4.68235 7.98848 8.92182 6.021 8.05862 4.88857 4.8807 6.34149 7.98432 2.08427 8.4299 3.56828 5.12948 1.21318 2.92255 3.13908 8.54763 8.74161 6.96631 8.6918 1.74701 6.19292 7.46532 2.57618 1.32813 9.56742 5.47843 8.80681 5.68785 6.45355 8.39401 8.95761 9.28971 9.33057 8.92096 3.49761 6.00083 4.56258 9.39632 7.06828 3.99509 8.58398 5.90919 9.20212 2.72279 1.77634 8.741 3.98276 8.44668 5.53665 4.62236 3.14642 2.8444 1.03703 9.30613 1.1248 4.17736 9.17576 7.95699 4.52936 9.52597 3.21982 3.85745 4.57698 2.59134 9.63874 8.93016 4.95711 4.5633 5.62992 7.57671 1.64021 1.55495 4.83532 6.33283 9.12772 5.10348 2.7496 2.83996 2.64332 7.23748 2.31961 4.63322 5.76571 5.61068 7.23534 3.24587 4.00267 4.202 5.4122 7.13006 3.80664 3.08206 1.16482 2.89407 7.53165 8.74614 1.57216 2.35595 7.83167 6.51347 6.53406 8.91347 6.00033 7.49297 7.0192 6.73066 4.75212 3.61538 5.00444 4.24056 6.94494 6.23179 5.60565 1.46449 6.74407 1.77863 3.8998 2.64773 4.72753 9.00896 6.9386 6.71153 6.43291 8.29028 5.45347 7.02161 8.84549 8.46868 7.75194 4.97302 6.3279 3.79942 5.30542 5.89139 2.49111 5.44389 9.52844 1.75066 5.50679 8.03301 2.24924 8.20713 2.36119 3.79701 2.3718 7.44995 6.55031 3.76166 1.22926 8.36806 3.71658 7.51081 5.12875 3.53347 6.72683 7.01548 9.58761 7.50096 8.69177 2.02922 8.76109 9.92423 9.42684 4.54992 8.56131 9.9884 2.85444 9.84812 2.96779 1.65898 1.84761 1.56154 8.02928 4.24715 6.01506 4.35621 5.05704 7.79154 6.92768 8.65386 4.5095 8.7564 8.2864 5.9258 1.06834 5.54611 2.53149 4.05318 4.40599 3.33618 7.3932 9.25363 6.14453 5.7206 4.88392 6.07439 4.50595 6.67562 3.23163 2.95171 1.1539 5.33993 1.25486 3.83681 1.72678 3.11126 3.67895 9.38812 6.56226 5.55937 1.8938 7.22999 5.1132 6.65543 5.65301 9.77782 5.55499 4.81786 4.21438 9.12953 5.08427 1.27451 5.42189 6.52351 4.4091 3.24132 4.22898 3.86291 7.93049 9.4173 2.16339 6.80642 5.11535 9.29598 1.23325 7.92533 9.56086 9.79328 3.77468 8.42713 7.25026 3.6917 4.74074 1.94547 7.49997 1.401 7.93183 5.89643 3.09822 4.53526 7.66743 9.90137 6.13503 6.80634 3.39935 7.77606 2.02356 8.73374 6.76629 9.58624 6.21298 5.67088 9.58985 2.26962 3.0926 7.64778 7.31191 7.32425 5.58755 5.53018 1.3735 6.06332 5.94573 4.99496 3.03498 6.93637 2.21631 6.82212 7.13768 7.41686 5.91948 1.00304 3.30695 7.95621 8.40776 6.16522 2.09655 1.50419 9.41859 5.81337 8.57454 6.09579 4.3184 1.88696 1.85054 1.00438 6.53807 1.13414 6.04435 4.96141 1.6998 1.80209 5.19603 3.94241 8.93532 3.14375 3.61739 3.01946 1.89565 6.24097 2.18484 8.78001 8.95211 1.64409 3.07368 9.8122 1.08886 2.32787 2.43382 4.75646 3.98675 9.46388 2.50682 1.42364 6.79863 5.50929 2.68444 9.47943 5.11607 6.11201 1.00853 4.19531 2.62747 4.33232 1.61235 9.76579 2.96756 9.68083 5.60328 9.69213 5.25834 6.4729 7.88694 3.73243 7.8414 6.99945 4.43278 8.91817 6.70167 6.01417 5.48093 9.13709 2.08255 3.03713 5.19062 1.78252 8.79246 6.97481 2.2299 1.96915 2.70281 9.55654 3.80681 8.8151 5.93734 4.08733 8.64193 1.29051 9.2529 9.01712 9.38235 4.13246 6.11162 1.82641 9.95709 3.32634 7.94451 1.72834 8.37381 3.65361 9.10641 8.68718 3.45707 7.80595 5.0224 1.25311 3.02788 2.56586 5.02562 6.71361 2.02473 1.5536 8.38644 5.06103 7.06597 5.04061 2.0331 4.27676 3.95366 7.32929 2.46371 3.43171 7.61875 2.19919 2.34968 1.10317 1.00776 8.91963 6.33055 8.60815 1.41076 6.32868 7.50022 9.5531 6.73083 4.47862 8.08462 5.20001 6.19493 6.34772 7.81072 6.14892 6.0061 8.11849 9.46701 1.83692 2.43719 6.52232 1.15536 2.3534 5.86583 8.75052 9.73428 4.07186 3.25101 4.43173 4.95359 9.59802 7.55087 3.17584 9.78052 7.53441 9.58202 7.1842 7.41718 6.56132 7.82023 4.42629 9.50946 2.33414 3.64252 4.88283 2.04732 7.69718 2.51065 7.3552 7.4565 6.71385 7.59607 9.34139 6.38164 8.0132 1.34618 1.47823 2.6608 3.95297 9.49209 5.05014 1.99135 2.09896 8.99774 4.06419 7.78736 7.52084 8.45041 1.39164 2.72826 5.40436 8.39268 5.47585 1.49906 2.48001 8.0958 6.10659 8.22185 5.76797 9.27439 6.76078 9.07877 6.13961 3.24263 1.00963 4.62637 7.1953 9.01183 5.49215 5.30138 4.95864 4.82936 9.95515 3.61788 3.88715 9.65909 1.85955 8.55589 1.69929 4.10314 7.05316 2.64135 1.51795 1.26503 7.00984 6.2175 1.83028 2.05437 7.13507 1.4077 4.76402 1.43278 8.63794 8.26963 2.18015 5.10131 5.46951 2.6409 7.08196 7.12932 1.82764 4.17604 8.8406 5.0246 9.72816 6.075 9.73692 2.74509 4.14247 3.00288 3.31982 6.15185 2.20157 4.70125 7.08093 6.40353 9.96647 3.79075 9.94578 9.79221 3.265 1.26515 1.08125 1.52065 1.09504 4.17679 3.51958 9.92095 2.09419 9.01348 9.09865 5.61461 4.57575 2.26673 8.21876 9.11401 6.63122 9.69145 1.91576 6.36529 8.79915 9.75699 9.75061 9.7326 5.80034 3.78969 6.01536 7.92384 7.83961 4.30671 4.7555 7.35773 5.97376 9.04138 1.10874 7.47229 3.04613 1.15987 7.4602 4.47481 6.68746 7.1693 8.91398 1.03309 6.88317 1.0173 4.5812 8.40821 5.60707 9.88288 4.18432 9.52867 4.02145 3.1588 2.47803 4.50585 5.74362 1.12529 7.98642 8.09105 4.67878 2.8152 4.55659 3.57374 6.91941 7.57053 3.22871 1.62138 1.21091 8.79041 8.92243 1.56055 8.48381 9.37045 5.43973 3.59952 7.95228 9.3335 8.28414 4.49222 5.27908 
1.0
3.19816 0.953985 3.10083 1.88592 4.77634 3.21432 4.15119 4.03686 4.51432 4.03206 2.44129 3.38955 3.45751 4.01157 0.661443 2.01915 3.65328 3.2211 3.73995 4.32892 1.01214 0.82601 4.01389 2.52423 3.85067 2.96609 2.20653 2.95574 2.86598 0.627012 3.46143 1.08165 2.79182 0.755987 4.18313 1.7992 0.986464 4.87149 3.43452 1.89518 0.702023 4.91716 0.640839 4.36569 2.78558 3.10987 4.35028 3.85498 0.561882 4.03185 4.8013 3.96346 2.64767 3.71705 2.54652 1.17484 4.94767 4.98161 0.883298 0.652385 4.08224 2.74838 4.84089 3.15437 4.99663 4.61578 1.97434 1.31862 2.50186 3.42057 3.71491 1.06622 1.99733 3.04495 1.02724 2.87435 0.624943 0.717679 3.12308 3.66828 3.10498 4.5594 3.9817 3.58247 2.50358 3.12207 4.92695 1.84087 4.68179 1.67257 1.01089 2.00629 4.17638 1.47037 0.95419 1.84897 3.76224 0.789493 1.89303 1.58426 3.44634 1.93442 2.18272 1.22943 1.64348 4.00029 0.507959 2.82967 1.78359 1.62721 1.54972 1.80317 4.10065 0.99861 3.45876 1.15536 2.85333 1.33388 0.885793 1.31235 4.72718 2.62506 1.3183 3.82341 3.16856 1.36767 2.97397 4.18266 0.900125 3.53571 4.00081 3.01987 1.86799 3.05082 4.73385 1.91044 1.87054 4.49551 0.758508 4.05446 2.61885 2.3206 0.530637 4.07495 1.97877 4.29677 2.30314 0.685251 3.14468 2.46024 4.60927 2.97553 4.49481 1.80262 3.05257 1.06842 3.87824 0.954874 2.65346 2.39385 1.58359 3.61544 3.0024 0.832927 4.23926 4.4725 3.46979 2.48108 4.89538 1.37035 3.72248 2.28022 4.53734 4.46995 1.79683 3.77012 0.781051 4.15363 0.97856 3.20894 4.49974 3.42385 0.73914 3.31282 1.13246 4.54622 0.978839 4.86467 2.92422 1.68656 3.82643 0.942124 0.847745 4.29215 1.74554 3.01457 2.95689 3.46713 3.69761 2.15936 3.92168 0.591999 2.61152 2.64715 4.99502 1.43728 3.40987 4.14639 1.161 0.521354 1.34183 2.29693 0.714889 2.96235 2.87275 0.90283 3.02473 0.574273 1.38028 1.9942 4.2246 3.45722 4.40725 3.00828 1.58951 3.33174 2.22109 3.33964 3.34193 1.36733 1.42992 4.50949 1.13996 3.7551 4.40537 1.70414 1.99715 0.774575 4.26189 4.93262 4.88396 3.60457 2.1428 2.05341 0.760857 1.62832 4.06299 0.920375 2.79303 4.48264 4.05816 4.39774 0.996812 4.6013 0.890839 1.49429 1.06764 2.00254 1.06292 3.86668 1.13977 3.57064 1.3849 3.94189 3.22754 3.58174 2.8518 0.90878 3.09831 1.72373 4.07559 2.32889 1.32708 2.36034 3.52442 3.61625 1.78268 1.78928 3.81834 1.63645 4.2956 1.74461 2.3318 4.17473 2.75759 1.89319 1.85267 1.52333 4.40269 0.575344 3.048 1.43791 0.520096 1.53956 3.48632 3.71312 3.34855 1.92142 0.966673 2.12733 2.9024 4.21662 3.40426 2.50647 3.47934 4.99817 2.52266 0.657033 2.5997 3.12771 3.60283 3.41824 4.62749 2.71092 1.03858 0.583273 3.82298 4.04721 0.948808 2.43975 2.07703 2.82337 3.09636 1.17924 0.576919 4.30153 2.86347 2.42599 3.65395 0.751102 2.03391 3.13476 1.06264 4.37502 3.63171 3.60781 2.9415 2.98001 2.06661 1.88101 3.70559 2.641 2.33606 4.22912 3.12054 2.10977 3.03395 4.54019 1.30838 4.71762 3.91586 2.30911 1.43486 2.52229 4.2711 3.00029 4.32857 2.44892 3.35126 3.02947 1.78152 2.1752 0.605488 2.11473 2.28155 3.51069 2.47235 4.74656 1.42619 2.52023 1.97837 4.02713 2.76834 3.6415 0.893209 4.12867 1.34346 1.54676 4.69144 2.62098 4.12845 4.99864 1.57102 2.41816 4.18219 1.45021 4.27838 1.59434 0.717679 4.13905 3.99014 3.81872 4.35584 3.92554 0.501472 2.15958 2.81097 3.62529 2.97115 1.50757 1.75781 2.08567 3.47316 0.868055 3.63025 2.25651 2.105 0.772644 3.10173 0.504962 4.90263 2.05984 1.49721 4.42442 1.31204 2.77482 1.88684 4.88768 4.46743 4.4384 0.611219 3.59418 3.52611 2.9351 4.48832 3.86142 1.30998 2.27035 3.95209 2.91045 4.50365 3.94686 3.37259 1.39559 4.65923 1.21011 2.80792 0.92826 1.75774 2.913 0.937659 0.844883 0.577186 3.74964 3.42798 0.969038 4.61723 2.10822 2.97846 3.61768 0.830536 4.79314 0.800459 3.60152 4.91077 2.86616 4.27718 4.46955 2.88719 1.85676 3.05536 4.74772 2.77594 0.591645 2.31859 1.42172 0.537903 1.89332 2.99231 3.91391 2.0933 3.39789 3.13039 2.30447 4.64281 2.24196 4.7334 4.54654 2.54547 2.36869 1.2485 0.925648 2.00307 4.20294 2.00099 2.0132 1.80127 1.44564 1.30746 3.86412 0.857369 0.737251 2.5206 4.20862 3.32469 3.44035 4.75568 4.38819 1.00358 1.2914 4.04866 3.78558 2.8091 1.67163 2.19586 2.4991 1.04531 3.74708 3.02542 1.01089 2.73623 4.22772 2.85025 3.59946 2.26345 3.49585 4.35273 0.746315 1.06031 0.853474 2.151 4.78672 4.61283 3.63892 0.796902 1.55459 3.51714 2.96258 4.45554 4.7716 3.84373 3.81178 3.01653 3.93033 1.05815 3.77477 1.88684 1.42161 3.24851 3.63394 3.21531 1.656 2.40951 2.57803 3.79878 3.92942 4.03318 2.78365 2.91989 1.28288 4.7562 3.11578 4.36649 1.1064 1.31395 2.19757 1.38271 2.23701 1.55109 4.09913 0.801663 2.801 3.73886 1.89554 3.1098 0.550152 4.94902 4.34402 3.69289 1.44227 4.73435 4.4302 4.01365 2.71575 1.8659 4.5335 3.47101 2.2083 4.37681 1.46176 1.19102 4.66988 1.16277 1.10489 0.999405 4.81965 0.88919 1.95771 3.82576 3.39721 0.954897 3.76198 3.28937 4.45784 1.26259 3.01748 4.71669 0.661981 2.04584 4.61229 2.34043 2.80879 1.50281 2.32219 2.43036 3.36391 4.48655 2.42922 4.60566 2.23128 4.00197 2.70934 2.07897 2.5192 0.75945 1.03929 3.08205 1.05042 4.53507 4.37251 3.72312 2.86646 1.5875 4.33432 4.5258 3.47606 2.88155 2.68609 0.89969 4.0977 4.36831 3.40868 3.79266 3.64633 1.07194 0.654959 2.77466 1.21424 3.23317 0.82146 4.30328 2.29601 2.75936 4.48921 3.42092 4.0077 4.73121 4.48368 3.63355 2.05006 4.71617 2.30386 1.72117 3.66597 4.1384 4.67052 2.72989 3.84201 2.95549 2.44354 4.39565 3.50412 3.39169 1.65849 2.7496 4.45747 4.47786 0.932219 3.15507 1.32041 3.14806 2.98769 3.02622 4.20257 4.14274 4.0479 2.47837 4.37718 4.96861 3.84896 4.65984 2.1974 3.16514 2.52232 3.51559 0.506893 1.12766 4.59613 1.7324 1.79449 1.7372 0.865701 2.61571 2.34302 1.54682 2.3832 0.648103 3.62226 1.77475 2.81639 4.47945 2.67604 3.35404 1.92656 4.59866 4.25347 1.78892 2.41561 4.9371 2.93436 2.06776 4.8922 3.65366 4.99869 1.8827 3.20716 1.85141 2.29032 3.90592 4.90791 1.97594 3.82474 0.872523 2.56213 2.64534 1.39109 3.22009 1.70048 1.16183 1.89817 3.53487 4.12857 1.45497 2.7147 1.55455 2.85793 2.70657 2.25369 1.97781 4.40625 2.40726 3.05092 0.830339 4.21669 2.5946 0.587636 3.13763 2.94633 3.52294 0.60728 2.15436 2.87381 0.514878 4.17646 3.4004 4.67607 4.24432 3.23998 1.25348 2.32422 1.20126 2.42012 4.84852 0.848568 0.588113 1.8099 3.03356 0.722836 3.39778 1.51061 1.13236 0.61742 3.92327 3.16348 1.2636 2.77187 3.44903 1.72537 4.9668 0.736466 2.37384 1.23876 4.38477 1.23297 4.51544 2.84575 4.75282 1.38448 4.34675 3.29628 3.94451 4.56445 4.41368 1.70047 3.3241 0.614867 2.18469 3.27507 2.65563 2.68351 2.5819 4.3341 3.8186 3.4304 4.4439 1.27358 3.08036 1.35341 3.67015 3.30047 1.1751 4.98291 1.79706 1.65567 1.93946 3.6957 4.25567 1.08119 1.75484 1.89797 1.56104 3.28151 3.54628 1.82744 3.1832 3.12902 3.58806 4.72465 4.8498 4.36361 2.86586 1.12337 4.03037 3.03643 4.74561 2.01018 2.85222 3.94774 1.199 0.603145 0.697993 4.82897 3.83553 1.99968 1.23487 4.51886 4.99134 1.44353 4.62539 1.38378 1.62458 3.46088 0.669916 2.23214 3.26746 3.11563 1.13075 3.47302 3.78491 3.63378 0.987903 0.768856 4.68994 0.647038 1.37645 2.43234 2.26557 2.80542 1.95561 3.81739 3.74346 1.00912 0.959382 1.45433 2.78913 1.00951 0.678878 4.17915 2.04386 4.62918 2.62628 3.00698 3.97324 4.85122 3.63043 0.999584 3.77227 1.52764 4.11408 1.87714 4.57723 3.95684 3.80273 4.62407 3.23411 4.58032 0.615212 1.83899 2.87368 2.54848 3.98578 2.0789 0.543256 2.90557 1.86797 1.94744 1.64502 2.64379 0.669985 4.67727 4.93107 1.87653 0.871819 1.95667 0.805071 1.8807 0.573955 2.25019 3.18051 1.25831 2.22773 4.36352 4.64568 1.46707 2.29736 4.00246 1.18519 1.47021 2.10354 4.07599 3.20825 1.75541 1.59876 3.99361 3.63347 1.9729 0.824226 1.70666 4.28038 3.44264 2.29842 1.74391 3.81756 0.780688 3.0873 4.49119 3.5174 0.894721 1.30616 1.46526 1.56755 4.09865 1.3031 1.33173 0.688961 3.59641 1.77417 3.41718 4.31056 1.08489 0.560138 1.9654 3.55063 4.72597 4.87488 0.887777 2.25476 2.73774 4.21543 0.757784 1.34047 4.85484 2.70372 0.799682 3.19849 0.907936 0.609835 4.62131 2.40062 0.772365 3.80704 4.94101 0.964323 4.93587 4.90836 3.55876 0.923867 2.43552 1.33487 1.32133 3.45817 2.91376 3.06553 0.831719 3.32524 1.54358 0.818786 1.65261 3.35332 0.572877 
4.0
11.93 18.8289 16.2828 3.49887 19.7304 3.86954 14.1604 14.6997 2.11215 2.82201 8.68583 4.41259 18.1655 11.0244 5.58282 14.8625 3.94782 12.2773 8.37336 2.9517 8.81982 8.7601 15.6866 14.7741 18.9771 9.39286 6.26329 17.0743 7.17711 3.64292 10.6549 6.65234 19.6611 19.7774 8.61873 10.7137 3.2719 6.5606 3.20815 5.16423 11.7665 15.3971 10.5578 11.851 8.32428 7.91971 10.3645 5.74793 11.2504 18.0232 10.0633 19.0871 15.8747 11.3429 15.699 19.4351 7.64527 9.17905 8.49268 2.71507 3.41853 17.8661 8.10378 4.17336 3.94334 6.58757 15.5875 18.2924 10.5412 14.636 7.04749 16.6481 6.98171 19.1184 4.98358 18.7131 5.55277 4.10691 2.3353 8.60515 4.32693 6.23501 18.2203 12.7805 8.62245 19.7385 6.36853 5.67299 17.6598 3.94241 3.25094 12.2786 3.41377 2.19276 2.90451 2.68483 16.6603 3.23396 17.4518 19.5454 15.2191 4.03131 8.31626 7.50104 17.3919 13.0389 3.13253 19.5444 13.5947 2.91274 11.3523 17.3313 5.18689 19.6694 17.5455 12.437 17.4949 7.28982 7.3965 17.5571 6.03085 4.76822 17.3959 14.655 6.90748 4.60682 19.2276 3.05365 18.4474 3.75545 7.85114 10.4729 18.9882 3.99668 14.2793 4.01236 3.883 6.77617 16.0509 16.0796 14.6956 11.4784 6.39962 8.26314 7.5918 8.14758 15.1169 4.1514 19.9255 9.65414 18.1112 14.0966 14.0203 6.30624 14.6623 12.9238 19.1463 13.9067 11.3706 15.5862 4.69219 8.2554 11.802 7.76405 15.5331 7.09664 2.82821 10.4108 2.59303 2.51221 18.662 17.243 5.60313 4.7595 3.58815 12.1766 13.0551 8.55503 4.38937 3.70784 12.35 16.8032 17.4678 13.2397 5.14215 4.77065 3.66188 8.35406 14.8787 13.7053 7.7579 6.02824 5.5341 4.90161 13.6979 12.7979 8.54031 5.21016 12.4818 8.86446 16.9119 12.9934 3.76599 3.14838 15.5668 15.5262 12.1559 6.28732 12.8422 18.8418 19.195 2.57988 10.2058 9.02331 18.0486 19.8746 9.16227 15.9401 19.8833 18.4041 10.3553 18.43 2.94099 3.56509 13.8645 5.92635 11.3091 11.6427 11.6983 7.53071 16.3858 13.481 17.4815 7.53066 18.04 15.0989 16.3381 8.36304 16.4677 4.25025 5.9705 16.0224 7.74252 3.9306 11.9324 10.915 12.0627 7.82843 14.0985 3.15772 17.6922 4.72201 9.32845 19.3225 11.5982 10.8215 3.32674 11.6263 15.7832 11.0562 12.6977 4.56617 12.3127 16.3076 14.1956 19.9993 18.0382 11.5872 12.1705 5.66902 12.0154 2.15984 17.2093 10.1758 12.6179 4.61248 16.9713 19.3936 7.34605 9.8681 2.22067 3.33105 14.3311 17.145 3.05267 2.43909 14.5349 3.8615 18.3161 10.3628 15.6443 2.48566 9.23069 4.1389 4.66208 5.33068 2.19999 4.83905 14.1915 12.2954 3.81943 15.6576 5.41781 14.55 7.07976 8.44542 8.78387 13.1675 7.76581 3.68846 9.36181 9.69984 4.05051 18.9321 17.9196 13.7 6.2843 2.65044 12.6833 4.18886 11.9798 14.5612 12.7938 16.0678 8.99176 13.3857 4.46047 18.4763 15.8924 17.0542 16.8081 8.09497 6.54214 14.3568 14.4207 2.39408 15.8552 15.039 11.5802 13.827 3.76128 13.3437 3.19995 13.9694 8.36173 17.9973 9.45422 4.60321 3.28167 13.6417 9.10261 6.74661 8.21706 6.71178 4.50993 12.6287 11.6772 2.75783 11.3613 17.6098 2.9226 14.2135 18.0728 15.047 14.098 17.6088 13.8968 17.1049 19.5608 13.2289 4.72359 2.51196 7.40501 16.2179 7.57741 16.2619 16.18 6.12762 14.8083 16.2604 19.805 5.91246 8.9791 15.9173 11.679 11.369 19.4478 9.684 8.98529 14.021 13.6451 14.5362 4.19212 18.4499 10.0476 2.40186 16.7482 9.07055 7.84573 2.53467 19.9737 19.3519 12.3077 4.83261 4.14625 6.48388 2.83808 15.102 4.78291 8.4884 14.7323 19.2667 15.1167 16.7768 19.6259 9.52286 7.76877 5.15184 9.63952 9.4387 2.61623 16.2554 6.21915 16.9998 9.85458 8.46123 2.67132 18.5995 19.256 12.2133 11.3941 10.9752 8.62285 10.8092 8.80309 4.08874 16.4362 4.62906 2.95281 13.9537 17.7001 15.8095 16.8535 18.4068 7.98072 6.36318 14.483 10.8248 16.6414 6.74374 12.4942 16.7873 4.2722 13.8556 8.61778 10.6843 13.3155 9.50939 5.75983 11.2693 4.88659 18.3228 14.7955 5.15749 2.7894 16.0665 9.05736 13.2696 13.728 3.4553 19.5194 3.22069 2.71294 2.3851 19.6762 16.6547 4.66334 19.6146 5.11752 16.524 3.20387 4.8926 6.79795 3.31377 17.6573 10.5307 11.0023 13.2132 11.2325 3.42093 11.0059 7.23006 7.40703 4.49924 19.4304 2.25231 9.50629 6.65379 14.295 3.05377 2.47671 4.07888 7.76264 14.2458 9.85503 16.074 12.5818 15.1741 16.9326 6.28843 5.22346 14.7607 3.11517 12.4108 2.71367 15.2915 2.47769 9.30419 10.1609 2.14893 3.51482 18.5868 9.9792 4.49001 3.08641 5.65721 19.8063 19.8697 7.55848 5.16574 12.1175 9.80948 8.13946 15.9306 10.5342 11.3115 11.4118 16.2994 11.8283 13.3178 8.05859 18.9566 12.6217 3.11482 14.7862 12.175 5.78132 11.6833 18.4413 12.5141 9.50882 4.99383 11.324 3.96237 12.1265 8.24689 18.6957 6.52583 3.5577 4.05912 19.4828 13.2613 12.5033 9.59427 3.17523 2.75553 14.3128 17.6398 9.9205 18.0489 6.55095 8.6284 18.8133 15.0053 9.26026 6.60557 17.3798 11.1266 16.9178 8.14159 9.25821 3.81281 19.0882 9.18946 5.07339 9.06756 8.77131 12.8879 5.508 13.6486 5.44586 9.30961 3.56821 11.6641 11.8077 8.15518 15.045 8.61347 3.20392 7.39181 2.1706 19.8746 12.7619 14.8377 5.4706 18.6354 15.2139 5.69166 6.8109 4.2712 14.417 5.00803 18.6403 2.16723 19.568 16.1169 12.4283 3.98665 9.11432 19.9896 19.2981 19.3836 17.3592 18.5496 15.8554 14.1619 10.7631 4.9287 18.2116 13.8785 12.9403 13.6685 15.2033 3.89304 19.3501 7.86707 19.8065 12.8621 16.6844 8.27124 13.7462 10.679 7.94962 5.31386 10.3015 7.8587 16.2445 5.09663 10.3059 5.36842 4.23303 2.31808 4.34298 19.9032 6.31287 15.1469 12.1372 13.6071 14.4787 11.0408 6.14001 7.2391 4.8813 2.51005 16.3119 7.78521 6.08168 15.8273 11.0988 11.5151 2.00062 13.6819 13.6043 19.4846 2.56351 14.7798 11.9576 2.48299 3.0405 5.38867 14.8755 4.42609 3.08195 11.8289 9.42142 15.1944 4.44923 18.909 9.95817 17.9166 14.4408 13.3068 9.297 3.69837 10.0135 16.8962 3.04157 16.7965 15.5996 11.0187 6.1273 5.23853 15.6182 12.7008 16.5561 7.88708 16.6833 5.81583 7.32638 2.95036 16.506 6.19244 9.55824 2.93733 14.4925 17.6671 7.81421 9.05844 19.0374 14.0825 16.6151 14.0717 6.51253 10.2316 5.15135 8.57375 2.95035 14.746 3.18942 17.737 9.42365 17.931 19.1738 15.4909 14.1198 5.54429 13.5241 13.1499 10.1108 7.52166 8.12769 7.48549 9.81799 10.6468 17.0272 13.2443 11.1731 14.1669 5.3041 9.11118 14.4737 3.35376 11.1566 4.11802 8.93406 12.0094 8.17379 17.4972 9.93216 12.9182 2.80458 16.9808 11.9509 5.24324 16.022 4.54533 10.2151 19.8685 12.183 6.60111 10.0244 15.6863 18.0832 13.6275 14.7802 17.8301 9.20757 4.25348 19.7091 2.85248 4.17578 8.78289 2.28094 7.84845 16.3832 5.16588 8.32247 4.52415 15.837 16.415 18.8263 15.2108 18.1881 4.4669 2.45498 11.8241 3.95757 19.4893 18.7407 2.76872 18.9591 19.633 2.97986 10.7881 14.9165 18.2301 15.8236 4.76011 15.2763 9.436 12.5628 10.437 3.2159 5.31827 5.10936 13.1317 8.84733 13.3899 13.6718 3.34891 8.61561 17.5881 15.127 12.3613 5.89295 7.69848 5.08682 2.73173 13.7681 12.2246 2.65998 18.7799 3.03117 17.7026 6.90961 11.9952 4.3533 17.4612 4.00577 16.3941 13.6623 18.8273 16.0735 16.8233 15.713 17.7765 2.73592 5.20819 8.85359 4.02911 2.35308 17.7464 3.98621 5.59164 17.9556 18.0467 6.72413 19.7433 16.8741 13.2135 9.74327 19.4679 17.0635 15.8764 4.3295 8.33116 17.1231 5.16485 2.1211 6.80345 13.0115 3.62871 4.04658 15.0274 2.45731 9.10362 15.4578 15.0312 4.06457 6.52189 8.45833 3.38713 10.1142 14.6687 2.42735 9.31547 8.06025 14.8834 19.7385 17.2334 7.72152 4.70654 15.6745 18.7498 11.1688 5.47194 7.53651 5.10443 6.30685 14.8439 15.9494 17.0537 11.1526 3.30013 7.36204 9.20056 15.8075 17.5597 8.74262 5.77039 11.1262 3.95633 7.46996 16.832 5.08012 8.75732 5.4195 11.9637 17.8161 8.42719 2.245 14.3656 10.4107 8.83718 6.8553 18.4157 8.32004 8.41978 14.0866 9.67267 14.5242 14.2687 9.56978 6.3234 9.36746 12.1839 11.7935 5.07572 10.0941 7.6626 16.362 2.49668 19.0787 2.83448 13.4488 10.796 13.7527 8.34338 15.4451 5.0551 5.22517 9.1735 13.8044 8.90084 12.6003 19.4213 18.0811 3.62534 15.9887 19.0126 6.16597 11.7506 5.21538 15.3649 10.7155 4.03843 7.2218 4.9952 8.77774 16.9462 11.1642 6.07303 19.6124 3.52701 16.2069 8.91876 5.70708 2.77629 13.0106 15.4473 17.9886 6.42263 15.9166 14.5571 18.2294 18.1647 10.8258 10.4643 17.6493 8.35295 7.77311 4.98255 18.713 7.11726 9.19781 14.7478 3.12212 2.93909 10.9081 6.38841 
3.0
4.13383 14.087 14.6578 5.2613 11.7585 10.3643 12.8872 1.60127 7.71779 1.63998 11.4441 11.3391 12.7111 4.26256 2.70198 7.43869 5.27735 7.69738 4.43828 6.79529 6.25934 11.9125 3.31349 7.97937 4.48498 2.16866 12.942 4.76024 13.9153 2.96397 10.3046 14.6588 12.5091 1.88227 13.7532 7.77964 12.5549 6.59624 12.3569 12.6724 12.7188 12.2747 9.83983 14.4724 14.0601 7.64398 14.3614 3.07078 12.2632 12.9542 7.88749 2.56346 13.3361 8.09899 9.90435 7.72997 12.0263 14.1402 12.7234 9.79119 7.20299 10.9866 11.1284 10.1966 6.95634 8.47683 11.6143 2.19044 3.16332 7.61701 14.468 7.90798 3.27057 7.22212 2.44025 2.25007 4.54392 8.71206 10.2605 13.7877 12.0347 12.3119 11.7424 4.4457 12.5131 11.4064 9.232 7.21548 5.61771 5.29878 8.1469 2.14745 4.47268 10.124 4.85805 9.87246 12.521 7.16611 8.16274 4.40263 10.3251 10.8299 6.59961 2.96151 13.0836 6.51691 9.85546 2.09347 3.11554 8.15608 9.01381 9.80241 14.0611 12.6379 10.8953 4.96982 9.04896 6.40369 4.73984 6.30203 5.08078 3.93849 2.9806 14.5569 4.88223 3.41887 14.3598 10.2996 12.9709 14.7646 10.1361 13.9379 7.69118 4.84456 11.6344 12.2867 10.9655 9.58762 8.88646 14.9119 6.01274 14.7468 14.1141 4.00308 6.78356 3.56874 13.8042 14.0264 2.36198 2.61645 1.6247 10.406 12.5842 10.9974 4.43345 5.98513 5.12424 8.7452 13.6281 3.51623 4.7959 10.6057 4.08811 13.9307 10.3222 9.97748 6.95845 8.63774 8.82101 8.75688 13.5252 1.60241 13.7579 4.83671 13.9328 11.4532 11.6156 11.5099 1.99316 4.86884 13.0301 7.52681 6.83681 3.49416 12.6439 13.5577 9.65532 10.1357 12.9259 4.80864 8.78599 3.9861 10.708 4.04198 10.3881 11.6284 7.18839 10.7515 5.46113 4.06884 7.65219 2.74135 7.45447 4.54986 4.15819 3.35958 8.71933 8.89163 1.94287 5.13583 11.0521 8.61331 1.79095 13.0734 2.07984 2.08345 12.6229 11.8456 5.73703 13.9498 6.54926 12.1463 11.0848 8.09814 12.1414 7.44508 2.22159 11.391 1.66977 9.89604 1.53533 9.43469 11.0581 10.1518 11.5481 12.6269 13.3053 2.83087 10.602 2.23241 11.1231 3.39026 9.13699 6.23878 4.54182 9.15145 11.3108 14.7412 2.23145 5.73129 10.2103 11.6064 2.29078 12.127 9.90444 7.66657 3.25259 9.20558 13.5898 14.6913 11.5559 14.8471 11.5773 7.39023 11.7351 1.99285 2.87071 1.69399 14.0756 3.84759 3.08715 13.0649 10.9864 7.98581 4.96951 9.58701 10.8397 10.6127 6.24033 1.5849 7.52688 8.22907 3.54774 4.52255 13.9817 14.451 13.253 3.43093 4.42002 14.2332 4.31011 6.61512 1.54618 10.7471 6.48685 6.39069 4.97668 9.66344 9.17793 2.09934 10.6302 1.58825 8.55984 11.1539 6.33475 3.40414 7.33739 7.36257 4.40112 3.26537 14.3322 9.28252 9.91376 4.99725 10.1629 14.8527 12.4881 3.14994 7.26721 5.05603 8.24446 3.4565 8.51557 9.86083 4.74947 14.4452 6.16698 13.6916 2.1734 3.45637 14.4163 4.17897 11.415 12.8129 7.28337 8.93924 7.94255 10.896 11.5943 5.6328 3.60246 11.3744 10.8038 9.0522 13.6438 8.3382 3.91034 4.48934 6.71034 4.08728 10.2121 4.132 6.54879 14.8234 13.1553 3.73968 14.6844 6.99703 12.0243 8.34873 3.8131 14.0585 12.7232 12.2567 2.16017 8.36321 4.89952 7.53624 5.55623 7.48116 13.1597 14.3278 7.47967 3.16104 13.1259 4.6624 5.31597 3.19834 2.58537 10.0627 3.08382 3.95787 4.98112 14.6742 3.87806 8.30058 11.9943 5.17572 12.2794 14.6646 6.9687 8.71823 12.9808 11.0508 8.42698 4.1442 13.381 7.66228 5.42847 10.2355 8.39446 6.94843 7.51902 6.74065 9.22838 12.3033 13.5225 5.43187 7.87624 14.6681 13.9243 7.9407 5.57844 4.28816 6.59619 5.62345 3.9995 14.3739 5.61345 14.7058 6.37222 14.4167 9.41361 4.95649 8.35851 10.9083 2.54695 12.1408 12.3771 11.2148 11.2688 9.00273 4.64803 5.85567 3.72375 14.0269 9.70387 2.93561 5.97144 12.7297 13.1179 13.482 8.60443 8.72923 2.19877 7.93609 8.20763 8.84564 9.90251 12.5483 14.9096 2.97947 6.71065 14.9286 5.77581 13.0202 11.7257 9.49983 6.29329 1.53373 11.233 14.1071 9.69758 11.4792 1.97992 10.5298 10.8911 3.7052 3.92112 4.64897 13.2036 6.4751 8.68124 10.5186 14.7438 3.27187 5.48408 5.59119 8.09415 11.1321 10.2986 12.3477 13.5956 5.25922 10.4519 2.58189 4.47549 7.16635 6.95871 9.08861 14.0671 5.59798 12.8178 6.00685 13.3702 13.9813 14.0253 10.0667 11.2043 14.6568 8.05476 4.49092 5.70329 12.6378 5.05392 2.80042 9.90161 3.15 12.0083 2.7745 9.66291 8.19936 6.62161 12.815 9.19991 13.4203 2.16307 8.96504 8.9363 14.4522 7.53128 4.8317 3.46038 4.09634 10.7852 11.6634 6.32056 1.5008 6.39142 3.33146 13.9126 8.62582 5.43909 14.4655 9.70849 8.73779 8.57065 13.9941 2.07772 13.6828 2.38001 6.33864 7.94947 4.68935 13.0273 2.51227 2.56729 2.95055 7.82066 2.87286 4.08527 6.73537 2.5142 11.7802 2.75611 4.27937 3.07358 9.90771 11.4609 1.70466 4.65782 12.458 14.8308 5.21917 14.0681 4.03348 12.7104 4.84518 7.91331 13.4103 2.71308 6.92722 8.74248 10.9677 3.11782 14.1692 2.39389 13.5205 14.8582 13.9509 13.811 11.8068 10.3529 8.67368 10.5754 10.8794 9.92812 13.8855 5.40615 14.6521 9.58192 3.93522 13.3761 1.84952 9.84002 14.4065 5.59539 8.11189 3.95373 3.08051 14.611 10.5038 13.1895 2.67807 6.77365 12.6775 13.9604 5.13143 14.3215 13.4398 6.54903 2.63497 7.43016 13.9747 2.67299 3.2253 12.4802 2.96845 6.1412 14.1408 10.7906 7.39054 6.85274 13.2101 2.57016 13.178 8.38712 9.5204 13.3343 5.57451 14.9365 11.1146 9.03988 14.3733 11.3297 14.4679 10.1861 8.81505 10.3979 8.99374 6.63251 13.3894 12.4322 3.32905 3.88366 5.79112 4.98291 12.6487 5.09066 8.78063 9.75105 13.7592 3.01944 4.69855 7.82088 9.72215 2.2359 3.38473 6.4849 8.25606 10.7578 13.7516 11.4103 1.66853 7.92342 6.76159 5.39741 9.06703 3.22712 11.5593 7.9797 12.0992 3.87156 14.0073 6.61583 6.97236 5.78687 1.87709 9.22336 4.00258 14.8664 14.9433 8.80427 8.44264 10.6697 4.23315 1.9123 2.83961 7.84151 6.67982 13.7121 5.17157 5.99851 7.4299 14.88 7.0137 10.3322 9.55551 7.09712 14.4836 8.17862 7.42048 13.8834 9.71609 2.80537 5.45094 10.5242 1.61686 3.16474 8.06017 2.33847 10.646 3.36415 14.4777 1.5384 7.88051 12.6032 11.7329 3.93135 4.10595 7.32729 13.0425 12.7133 12.1878 14.8488 13.3528 8.10399 10.9718 11.1839 3.78594 4.57435 11.9636 4.35721 11.2405 13.4151 6.03811 12.9228 7.89643 11.8974 12.9273 13.9519 7.87449 6.7758 10.7383 2.23762 6.79943 9.88188 8.75017 5.46626 14.018 13.5608 13.7399 8.10576 8.7212 13.199 4.58842 6.76054 2.22026 2.59398 2.91479 14.7434 10.6278 2.9155 3.4908 9.11417 12.1927 10.5092 14.1842 2.43501 4.03913 5.29146 9.68127 2.99275 3.06069 12.9863 8.23913 5.23783 11.2178 11.9541 8.21676 3.69012 5.99013 1.86191 7.13568 10.0615 3.2331 11.4459 2.01987 12.8455 10.1886 11.6152 4.76495 7.62288 10.4001 10.6479 11.7866 10.3354 14.282 14.2287 2.19847 6.27517 6.5934 5.57825 11.7691 3.54118 13.566 6.4244 5.90835 8.71293 12.9363 9.56531 3.93319 12.4905 4.13241 5.77424 2.3625 5.55148 2.36464 3.79615 14.4914 4.37487 3.87084 9.68617 3.49484 12.7815 10.0658 12.7398 12.8104 6.9416 9.34497 11.7649 14.5505 4.59871 4.29262 7.44564 9.19389 9.26086 10.0441 8.04787 5.30619 11.6083 3.55251 14.7167 7.54019 14.3678 6.00963 6.61584 6.16507 6.40457 8.17122 13.6582 1.87504 14.2797 1.83649 13.579 5.12732 8.52573 2.73195 11.1004 3.2593 8.88794 4.04959 8.93759 10.1352 3.78319 2.38924 12.3974 2.57164 14.7251 8.35535 6.81795 6.79315 1.96631 8.05798 9.10051 4.16626 9.60724 3.76811 11.0832 13.9633 3.42196 5.47731 10.5062 8.90563 2.15069 7.11161 14.819 7.73553 9.5091 8.14969 11.0796 14.0682 10.1644 6.39544 3.19487 10.7725 9.42838 9.15475 1.75324 3.13104 1.91694 2.06656 13.6993 9.53003 10.9267 3.83833 11.5996 6.4277 2.77849 11.1357 10.7511 9.85256 6.87698 2.37642 4.38029 3.18079 2.73808 7.1788 6.68522 14.9429 12.7324 5.21413 7.96867 2.40976 2.29562 12.2136 10.6133 6.70779 12.8562 8.87965 4.14872 5.71362 7.72896 2.95109 7.65992 11.4779 4.72638 1.67322 10.7881 13.9286 2.73602 9.42172 9.07293 7.10325 6.01514 3.23108 5.38658 10.1609 4.45188 14.4772 11.2098 8.9232 11.0434 12.9645 13.9994 13.6945 14.8408 5.16683 11.898 10.6119 4.61066 2.37353 14.5354 2.27369 2.46351 13.9889 3.17135 9.39819 6.19922 5.23636 5.43077 13.2608 9.11896 1.51717 7.88036 7.66125 9.55408 8.67289 10.197 5.16927 3.36175 12.4025 11.6784 4.40044 6.6374 9.58391 4.34452 6.07075 7.39401 10.7492 6.38228 3.58064 14.9581 6.96499 7.68068 8.87835 11.3326 2.36635 9.70846 12.3525 
4.0
6.54831 11.0046 7.82188 6.59538 13.7934 2.9699 8.35569 10.8732 18.2962 18.7591 9.1232 14.8145 5.6742 17.0986 5.2941 5.83312 11.8732 16.3846 19.5337 7.97776 13.2538 9.67751 4.21859 5.68069 14.1863 16.4549 17.6601 8.76441 17.1527 10.1221 17.3354 15.7061 10.3572 18.2807 17.1268 10.16 17.8438 8.75434 5.56872 17.7373 5.12246 2.37317 12.1019 16.0441 9.30257 7.51532 6.33642 12.9775 16.7343 19.4067 17.3218 14.2785 11.1578 3.17825 13.8251 15.3438 3.36062 13.6815 4.61702 8.29461 15.3419 11.0614 7.7656 13.3041 9.98568 11.087 5.9377 17.1818 9.24097 3.24073 4.70851 8.21606 13.8103 5.56426 4.87869 8.27497 3.34556 13.2632 5.7994 3.1641 8.15225 12.0691 12.7051 14.2428 9.40092 11.3593 3.05427 14.2978 18.8468 16.0349 4.8777 2.67517 5.05738 18.1562 8.13494 14.6696 17.1471 17.3357 6.07823 2.17154 11.0208 6.89022 13.6245 8.57267 17.1242 6.74883 17.7349 16.9285 10.7028 8.12037 12.8025 2.37903 15.5679 18.9178 4.04754 17.8277 18.3714 2.94068 5.92059 15.8771 8.3871 9.81542 8.51343 10.0239 7.80124 18.6933 10.9779 8.10992 11.5098 8.70653 4.95227 15.0327 7.42402 13.1816 6.99605 5.71272 14.2838 4.61093 5.03175 3.31869 19.9788 15.3824 7.79512 19.7511 9.37726 17.2662 8.29293 11.3829 18.6627 18.6598 14.2686 3.05868 9.17858 10.5908 10.6756 11.351 19.7807 4.47733 7.1589 10.0752 12.6972 8.64663 17.5438 19.0613 15.8967 6.61106 16.3328 19.1844 12.964 18.1022 7.21084 8.65231 3.48352 17.8626 14.5569 11.5516 8.93121 9.19543 6.96526 11.6508 15.0733 9.2719 13.7728 18.4619 3.87353 9.19652 11.5957 4.55966 11.908 7.83014 3.87267 11.1582 8.28794 2.37084 14.4167 16.9459 15.0899 16.6926 3.97448 11.1785 11.2943 14.4419 6.79363 10.0285 7.2316 11.8917 10.1976 7.19446 10.5359 3.55401 18.1686 11.7661 18.6068 15.5496 19.938 2.34893 10.5793 7.73558 16.5854 4.4452 19.8006 11.5913 6.64389 12.0939 7.81555 8.86158 11.7152 14.7677 16.8597 9.95771 7.09068 12.5283 15.8599 17.1167 18.3817 10.4392 6.94297 7.31803 15.1568 19.2362 5.45234 15.9582 6.58697 17.2565 10.4719 6.2831 6.09894 8.62434 10.8583 19.5786 18.0361 6.69576 17.7808 3.11807 19.3273 5.76018 6.76872 8.86883 17.1633 4.00035 12.2672 15.9554 11.6812 14.7098 5.70048 15.8811 16.6568 2.76858 16.0426 9.5076 3.20443 7.37592 15.8969 14.7916 9.48469 10.0418 14.0823 4.28032 11.4204 6.83537 3.72806 15.3636 13.4198 5.89202 8.87613 10.2851 8.10782 13.1775 4.59123 16.9101 12.0654 15.5102 7.57889 19.2523 6.57603 5.84158 4.31123 2.75704 8.38071 5.79374 13.6606 19.3439 9.4403 4.45523 5.04082 11.2058 10.706 2.43463 5.05678 14.3667 14.8973 8.17182 5.66111 12.9965 5.28805 13.5072 6.81921 11.4847 9.50032 11.5086 4.68192 9.27065 5.30573 11.5561 6.26596 13.4326 19.435 6.6846 7.64224 8.03399 14.3952 10.1842 16.6319 15.228 4.29443 8.45838 3.01051 5.11959 12.6752 19.1402 19.2193 5.38512 7.35459 11.4661 14.5851 5.65057 19.2729 3.90716 18.0477 7.62681 4.34983 6.0592 14.3947 14.0031 15.3487 11.7896 9.00489 19.0981 8.7482 16.6426 2.09868 10.2691 15.6221 14.502 7.49696 7.07872 19.5268 18.5122 16.8874 3.21947 18.3968 7.25636 8.59876 18.1963 9.44742 3.19308 9.88281 15.7667 14.0862 4.35027 5.70431 4.13886 7.83144 12.2773 9.03862 2.92768 16.2388 3.25469 13.6772 11.8682 7.83571 13.7617 18.5408 8.28704 7.06355 7.20189 6.50089 18.3322 4.22769 16.886 12.7081 18.9595 13.4553 16.2733 3.42926 3.67826 17.6609 11.4704 6.39201 5.05326 7.52005 4.98753 15.6369 10.9659 15.4503 19.7536 3.8777 17.6324 9.60057 12.388 15.3694 12.3797 16.8477 8.73092 6.28404 3.18008 15.8016 2.63114 17.5941 13.9422 4.81717 4.99184 5.46411 18.5615 2.01524 18.074 4.14992 2.72682 4.31028 16.058 18.4056 18.4864 4.44653 12.8625 14.3983 6.57061 3.04171 10.2214 18.1311 7.47259 6.63863 15.0188 6.3733 14.2874 2.76453 8.88153 13.0987 16.3081 10.9983 5.02959 10.432 8.38034 3.04556 3.38421 5.10222 11.0145 6.82134 14.934 17.4049 2.25527 7.54083 2.35882 5.67152 4.30983 14.8178 15.9113 15.2466 9.93312 16.7709 11.5564 2.97311 9.57134 10.1377 8.36872 12.1855 2.2631 7.39644 18.1875 5.21041 17.2984 11.896 8.52966 10.3751 11.6355 5.99323 15.7603 16.5242 12.0754 15.1983 3.5213 2.04359 7.19448 5.32796 15.4179 17.3928 12.0346 17.6662 18.9626 6.1447 8.55125 11.1334 7.77712 3.53298 4.81925 14.4626 11.0522 19.5079 5.99665 3.38389 19.2655 11.2997 14.0461 15.8169 15.1564 8.48904 11.2142 10.0706 10.9597 3.58681 8.26858 15.051 10.8966 13.1203 4.49293 5.47711 15.9233 12.2277 12.4396 15.1041 7.73781 3.76085 12.4404 10.9546 11.0445 14.8951 7.87449 5.55809 9.07628 12.2475 10.1953 2.19738 9.37452 14.5021 16.7137 16.1635 16.8273 15.5444 8.14066 19.0182 12.9647 15.1021 10.886 12.8644 4.513 3.89435 17.1167 9.62383 6.20519 2.28922 5.57119 14.3237 2.85071 17.4682 18.1334 3.39005 7.66221 18.099 13.1628 14.9492 9.84034 7.51603 8.58376 18.1375 18.4164 6.40858 19.7315 2.41818 13.3525 8.01709 16.9566 7.90669 10.9003 4.83699 19.9873 15.7033 18.2164 5.83041 14.0493 13.2337 12.2368 17.1458 2.74326 9.59778 5.80778 13.3451 8.6808 9.92542 12.0763 16.1392 12.8776 11.741 6.13651 19.6307 3.90456 14.3348 18.9353 5.0648 19.797 14.1435 12.4349 18.0878 11.7213 13.1367 13.0338 11.5136 6.39955 13.2129 8.24527 2.59802 18.292 5.6025 11.6335 13.8207 8.53737 18.2788 17.008 4.17483 7.65076 14.3764 12.8755 15.9653 14.9797 10.6184 12.1495 6.11368 7.91766 10.7502 16.1182 18.9717 15.8757 14.982 11.6697 7.64244 16.0117 6.43888 10.7753 14.8091 19.7174 13.6182 15.2304 2.07187 16.8636 5.85592 5.65363 2.79232 2.80261 8.79933 17.7431 13.4459 7.12892 16.8888 8.7911 10.482 7.19764 17.8468 9.45647 11.6921 5.40061 12.1744 11.7945 11.0853 9.20041 18.6566 16.5448 12.272 12.9222 2.87419 14.6773 7.35574 8.30322 7.72464 2.19547 18.3317 14.8005 8.94984 19.1979 11.9943 12.6557 8.67223 6.19711 3.35179 3.71851 15.9385 8.69703 14.5491 11.0275 13.2713 19.0273 6.29828 8.14856 8.22829 4.43618 6.81652 3.27161 16.9698 4.44067 15.2726 17.0648 6.83351 18.435 12.7408 17.2868 4.91734 16.5565 17.6623 17.1565 3.67019 10.8095 14.8151 4.48077 14.4903 15.4469 18.7911 16.5404 8.33145 13.6097 10.9815 9.73293 4.31727 11.2245 11.0696 18.9742 9.36286 7.15793 4.0316 3.85735 15.8046 14.6304 19.6454 2.56927 12.0378 16.8862 13.5067 8.56563 15.1617 10.1222 8.55368 11.0031 8.63298 16.6744 2.0985 9.92979 9.92636 5.46172 7.36758 15.2329 7.20365 16.6882 4.5491 2.34515 7.99016 13.8028 8.34848 13.708 10.8591 11.7169 9.05173 18.9933 17.124 4.27959 12.0965 11.0827 19.5382 6.01115 5.15097 4.80471 13.0032 19.0939 5.70074 19.4296 18.2843 6.6211 18.1432 17.9221 19.7334 7.10356 17.3899 9.95215 6.02121 3.23414 3.97689 3.66298 14.8754 3.91004 13.6825 13.1976 10.8283 6.51284 18.6532 4.98252 18.9708 10.4465 17.0372 7.76984 19.7157 18.9328 14.1261 17.4366 9.56741 2.0654 12.0036 11.5425 2.90027 10.1206 16.703 10.6448 19.7446 14.1269 17.8719 15.3716 14.5803 4.69167 3.94498 8.25279 7.13865 16.0862 3.82418 11.3086 10.2114 12.5881 2.06731 10.3959 15.4683 6.08177 6.58401 7.31309 10.2817 17.9166 7.8397 10.6616 16.5598 2.02314 18.5673 10.4661 16.5872 8.28658 4.9868 17.5523 8.8729 19.1788 6.53257 14.6824 5.00723 8.64757 3.08855 8.44855 12.5255 16.264 6.73127 10.9239 12.7799 11.6276 8.98057 14.0718 14.8195 8.02891 8.55826 19.9124 14.2774 2.37071 2.65454 9.44729 10.2662 2.34613 4.70218 3.34216 17.2813 5.8752 7.65863 7.36681 9.1116 13.7989 9.79582 13.5933 19.7583 12.8312 3.99785 12.3518 14.3616 9.76882 11.5665 5.94433 7.13508 17.9588 7.53447 15.1162 3.30774 5.02381 16.4865 15.2852 8.07418 8.84564 9.88839 9.52911 3.55233 16.806 9.92349 13.3302 10.7491 13.2852 12.8375 14.0781 11.534 6.41946 10.7907 4.33057 9.61992 7.1145 13.2182 7.83167 5.55287 5.31846 4.69773 17.2879 2.70837 6.55176 10.3256 14.9025 17.2963 11.695 7.6004 12.6667 11.3735 3.03467 17.8141 13.4099 9.86398 17.5668 7.95161 9.60705 14.587 10.5581 8.0976 10.9434 12.2934 4.36528 3.35149 19.6381 13.7086 9.51195 5.25003 16.5248 6.58514 15.0234 5.69785 2.89051 11.7613 3.01919 2.4057 17.0718 17.2286 14.5635 14.8366 8.80941 15.2069 5.77357 9.65965 12.3603 7.2271 7.18535 14.712 15.3674 4.22163 19.3777 16.4681 18.4877 12.6232 13.8537 10.0173 6.77737 15.4709 12.1807 12.5488 3.8356 11.5244 18.3867 13.3449 19.7054 13.3854 11.6163 
4.0
10.5224 7.94873 6.43357 12.9005 10.0731 3.96605 17.2844 15.2342 6.69746 10.7347 15.9463 12.3655 2.24502 11.368 4.32727 11.609 11.2596 17.4264 10.1345 17.2968 5.15196 19.0834 3.09758 17.1206 18.7238 9.89441 14.0436 11.5759 14.0432 5.16564 15.8229 5.50706 14.6719 8.92597 7.08746 6.75492 15.2438 10.4995 19.9201 4.90491 17.3951 19.68 6.31555 11.1374 3.04667 5.50679 8.51304 6.17948 16.0366 17.6423 10.1805 3.35804 19.1058 13.351 17.4501 19.7548 3.23409 11.0804 18.8057 18.4627 16.3284 3.64279 12.8217 10.9438 12.2624 17.9991 4.75315 4.48886 15.2675 6.64455 16.978 19.7783 14.676 11.595 14.2906 7.54516 13.0148 15.976 5.04648 15.339 2.45179 14.212 3.15941 19.392 4.59293 3.81879 3.94931 6.58583 2.63142 15.796 18.8421 9.52118 8.84819 12.6221 15.9212 13.6877 6.464 4.85047 9.32999 15.7364 8.84314 17.3073 18.5268 7.85293 11.0487 3.89102 14.3905 5.23299 4.74914 7.97313 5.17828 17.659 11.4771 19.4008 19.3349 10.1782 17.2389 5.10086 12.1531 5.88271 15.4762 14.2855 11.2861 15.791 5.3791 7.25931 6.11135 2.83054 8.55062 10.8283 3.94591 14.9226 5.02298 15.31 10.1134 10.1683 13.6253 18.1453 12.8627 13.1363 19.7029 7.11201 18.1377 17.2516 11.1881 18.14 17.1991 2.28719 6.02281 6.72742 4.0978 3.95556 7.93236 9.95908 15.9994 10.603 7.55109 14.1261 7.36065 2.00513 19.8995 4.94695 16.9573 13.2636 5.21288 11.3907 6.76363 16.8052 6.12156 8.10106 11.6834 9.48129 6.18274 9.42229 15.1324 7.77036 4.76381 4.02691 9.47268 14.0807 11.2773 9.14468 16.2983 17.1555 3.7673 19.3932 3.57234 17.5792 4.84766 3.21005 14.6161 15.3854 13.9915 9.88673 13.9491 4.76654 3.17221 18.2038 16.9815 2.88497 2.85666 3.66778 8.55703 13.7855 17.349 17.3497 19.3487 8.40954 12.4868 15.3249 9.10484 19.7113 2.68845 5.71485 15.7479 19.8746 12.352 18.3301 3.32373 2.63223 10.6058 13.915 11.8031 9.6861 8.4108 11.994 5.73481 2.22947 3.01387 14.3194 6.7496 18.5704 12.7533 2.92075 14.9167 14.8572 13.2154 3.75589 15.9513 9.90456 17.7432 8.96328 11.2733 3.12258 5.29594 18.7162 7.91857 16.5461 10.6608 13.6782 13.3009 17.9662 8.01607 11.0607 7.82588 4.16325 10.8454 15.2811 12.3563 19.2416 19.2042 16.2237 7.52917 9.06518 3.33764 8.10135 19.9241 6.79579 4.64929 19.9187 6.08351 10.5318 3.02257 4.53744 11.3842 12.0493 9.49294 9.34287 18.7607 5.64402 15.2719 7.5119 18.2797 4.07583 4.12247 10.8828 18.5668 16.6137 19.0865 5.42642 9.08413 16.183 4.56327 6.31911 8.25984 12.6139 8.73947 7.61696 8.46921 6.99175 17.3714 15.5318 6.86716 16.1087 3.91801 12.3088 5.07242 14.017 7.0261 3.70523 4.70321 15.6836 10.3666 15.0715 7.76454 5.74718 11.8226 9.03312 12.887 9.3754 3.02916 3.77436 16.4173 8.22488 12.2644 4.92377 9.35981 16.5022 3.69202 12.041 15.1707 2.12647 19.956 18.7051 15.4025 3.99368 19.1262 15.2047 6.2011 4.34238 8.99562 2.82952 14.6535 15.2211 19.7299 10.7635 11.9882 10.0571 13.8674 16.5795 2.62605 15.3273 12.6716 13.3353 10.0832 11.3295 15.8345 16.272 4.72576 11.0568 11.5321 18.1128 16.3757 2.17241 13.831 9.96419 8.76849 13.0862 10.4471 4.81855 10.862 6.13322 9.85521 18.658 9.99767 2.85357 16.7505 18.1603 11.9122 18.3737 16.8617 6.0056 6.60199 11.8893 16.1158 18.7857 11.038 6.24999 17.1541 10.5141 17.7329 7.64549 14.1999 8.73785 2.15992 4.39301 15.2777 12.251 16.0223 17.8267 10.7846 17.4098 15.3755 16.2882 5.41208 2.04907 8.60006 7.21933 14.4202 2.00025 11.2264 10.3557 15.2634 19.2113 14.6115 11.0223 7.56716 4.46802 13.4661 10.5306 10.4572 13.7164 11.235 2.6769 6.23921 6.9876 12.3275 11.3428 19.431 18.9234 10.1999 18.1966 16.1458 7.904 16.2904 5.49702 10.827 4.77697 12.8037 14.9976 11.3347 12.1879 18.3492 15.9533 9.38412 5.51253 5.42956 5.22852 7.33459 8.39065 2.7807 6.50659 18.3312 17.8612 13.5643 13.6008 12.7974 4.09949 10.411 12.8671 18.2793 11.7551 16.3157 3.71851 3.64137 11.8925 10.3839 8.24045 6.61417 17.5321 9.43006 6.90856 9.69311 3.79365 10.4276 7.40736 5.38909 19.641 18.8099 3.55078 7.83055 14.2281 9.6233 13.3042 19.7172 16.8469 10.5315 6.90794 17.6253 13.477 9.67185 4.10267 18.6644 14.936 3.36247 7.45588 3.48549 19.6328 12.6618 14.7903 10.6414 5.9207 5.77922 11.7136 15.2979 17.054 5.33704 7.24997 15.2969 5.74461 11.4847 13.5731 9.57101 5.32084 19.864 14.8406 3.90976 6.48788 17.426 6.13009 17.0773 16.6896 19.0996 3.47687 6.28172 5.07206 10.3117 16.0132 8.99591 12.0483 2.35866 7.2092 6.12998 18.4653 11.6297 16.2148 19.5552 15.3715 7.68146 16.3041 2.97974 13.3872 19.1646 5.42063 3.17545 18.6754 10.6014 13.8243 6.55683 2.51443 7.01547 19.8401 2.11114 17.4729 7.41255 16.7083 17.6802 19.185 2.11327 5.53612 12.5939 14.7287 12.9372 13.3511 13.6547 6.60415 3.23849 19.2557 17.4747 11.3146 8.79337 13.6839 10.1633 17.5488 12.5387 19.7593 5.36685 18.9642 4.16264 13.7543 19.66 4.57298 17.5463 5.65161 12.2882 5.72823 11.0574 18.8064 14.2623 10.7129 13.6956 13.7111 5.80409 7.92944 6.08877 16.8607 19.1438 4.69173 13.3412 13.7204 7.66942 12.6179 4.73379 10.7943 12.4267 8.62514 5.27483 5.79623 4.97172 6.52595 14.1033 18.9212 9.57435 14.226 8.74323 14.2196 9.77351 11.5233 8.20951 8.07191 8.28401 11.5095 5.96577 13.7657 15.2549 16.572 15.7333 11.1739 9.87928 3.99845 5.15199 4.53433 10.3561 4.18187 14.2922 15.3315 9.20273 10.4282 18.0191 19.2795 16.9201 17.3651 9.20762 16.4062 7.00847 16.9518 5.80967 9.23982 5.33533 15.0916 8.77257 6.09631 8.8547 5.84478 9.80912 4.46862 12.678 2.24405 4.01928 17.5175 10.4963 6.71074 16.3633 8.66382 13.3548 2.0731 6.98673 13.2825 5.77759 8.186 6.39628 6.49814 10.2455 15.1521 3.4882 12.0816 17.0245 18.1449 9.42747 11.4492 4.34562 18.8326 18.3789 3.76222 3.93741 2.40474 18.0897 10.1293 4.90872 7.19908 5.32353 12.9093 10.9839 7.93103 15.1464 19.1162 8.08926 17.5242 11.0638 4.92551 13.291 2.54239 5.00959 2.28234 16.085 17.2238 2.18623 12.6109 19.0379 7.11574 13.757 8.62545 6.77983 11.3121 2.38932 15.2433 14.3486 16.2913 3.64994 8.59854 15.8859 10.3567 18.2515 2.15833 2.68435 13.6778 8.15086 4.93989 7.58668 2.93365 5.49864 4.82954 12.7363 9.55739 19.4408 4.00319 19.6792 4.58253 19.7714 7.44832 2.81805 11.0908 6.43712 9.5876 7.2169 3.26152 11.8931 6.00407 3.75837 15.0225 9.31093 3.26784 14.6519 17.3025 5.63722 17.8643 14.2936 4.88554 4.50478 19.2242 10.4778 13.8662 9.99471 5.85479 8.96014 6.70696 8.2502 7.57284 14.3722 11.897 7.94198 4.83935 4.48745 5.21258 4.58526 8.19549 12.8393 9.57855 3.70823 18.8003 4.69017 8.53222 3.87217 5.06988 5.35246 6.28814 2.54308 12.4183 3.86093 9.40473 15.8149 19.0996 18.9967 11.0524 12.9841 15.1524 12.6629 4.88312 8.97656 7.44445 19.6115 19.5019 17.6246 13.8204 16.5223 2.53956 18.7973 19.35 7.43301 13.3268 2.38093 11.6786 10.5211 13.1705 8.11172 14.4783 9.23702 18.2312 8.2601 2.00202 2.78941 12.0019 2.16628 9.73755 2.98131 4.38886 7.62757 18.1645 4.39834 12.3939 12.1372 14.6122 8.94828 7.39786 18.9747 8.21885 5.75227 18.0463 17.1478 6.99316 5.38753 19.7359 10.1861 19.9766 11.4816 15.7035 4.78613 3.5079 10.6584 12.7154 4.30778 12.5885 7.83544 8.35954 16.1227 8.35038 7.87277 16.9383 9.81411 14.6244 6.5738 16.9633 15.2279 2.61123 18.0372 9.25147 9.37576 16.6532 3.36058 14.6233 15.1895 10.1078 15.6959 2.2016 7.12717 12.3231 12.656 9.31307 10.6305 5.71425 11.0731 11.9903 8.43414 7.94178 17.109 5.07623 4.7264 8.19158 10.7159 12.9294 4.16142 18.5562 11.4501 3.73132 4.72305 15.5178 18.6364 4.39542 13.4403 14.5328 14.8839 11.077 3.95405 16.7179 5.95457 10.2855 4.93601 16.6378 15.9816 11.5974 4.35839 8.1941 11.041 10.9717 2.61571 15.6167 12.0735 19.6665 7.49803 14.5556 10.1589 5.75673 16.0156 4.27512 17.1416 9.25411 10.0755 5.94912 8.60745 7.82842 11.0089 14.0583 2.21257 10.1302 3.95134 17.8885 10.3637 7.71526 11.0731 12.1313 2.2497 10.5704 16.6619 5.58519 10.2254 13.2413 5.05755 18.9593 11.5459 8.56098 12.4369 8.778 8.4537 3.98111 3.45148 14.3874 9.61621 13.5037 13.7165 15.0634 11.9157 16.2152 9.15106 10.221 9.59023 16.4214 11.1699 7.72555 3.7267 16.3847 10.7272 19.3054 3.10487 18.6624 4.21176 18.0662 7.3933 13.0467 16.1932 11.1065 17.6968 11.1062 10.0206 2.23519 11.4555 11.3292 19.2721 15.7904 16.6952 11.8683 5.05615 10.5599 6.62969 7.8864 6.16451 16.8035 19.6142 18.5051 15.0767 19.376 
5.0
5.99165 17.5835 5.76283 21.2181 2.60655 19.3716 14.9974 5.86711 13.0812 13.4211 21.1159 21.6823 20.3582 5.5453 7.21026 8.86508 4.56644 21.8263 9.92336 8.34242 4.44413 7.98826 17.7903 17.5913 24.1612 15.7351 13.1053 4.051 21.7928 12.3001 11.064 19.8731 13.193 21.9587 17.431 24.2594 10.0188 3.25446 5.98278 9.63846 5.65438 13.1874 16.9763 15.4285 20.2865 17.1159 5.39271 18.1398 13.879 8.12048 12.7064 24.064 15.7992 19.5818 20.9298 15.8015 9.84311 19.7202 17.6831 11.3772 13.4126 14.3493 13.5398 22.1935 24.5917 9.09149 22.8975 11.0711 5.87382 22.3072 19.6236 19.129 5.78968 24.9862 13.7274 22.7503 24.6849 21.3528 12.8066 4.38804 18.3985 11.4326 14.5199 23.4571 6.09168 4.33375 18.8344 6.06546 23.477 3.48959 3.79899 7.33214 22.6977 20.1152 11.0925 12.544 22.6079 13.6262 15.0978 8.39978 3.20267 17.7712 14.2512 20.5924 5.44901 13.7262 18.4166 16.479 20.2666 11.4023 11.0359 21.5888 15.4096 12.7169 9.80453 11.2191 21.4984 3.07674 12.122 15.8687 18.4517 4.82437 16.5681 24.2599 16.0694 23.8977 19.1548 10.1979 2.51587 13.4521 18.1029 4.51793 19.4527 23.1952 15.8947 20.871 15.0732 5.68566 7.35159 4.09678 3.78636 10.843 9.98724 14.9346 3.80127 14.9224 12.8862 9.82275 11.3625 2.70037 12.8579 14.535 22.8851 21.6252 14.1158 5.40557 3.74086 16.6789 2.73223 4.39166 17.444 19.7027 19.6187 16.724 8.98792 6.93488 5.78102 24.8953 18.5823 21.0127 16.1005 5.23657 4.54026 6.18553 2.89009 23.3311 6.56611 20.4924 12.9761 14.517 8.19357 3.6514 22.0554 3.22671 4.6242 11.9125 2.57764 7.41514 17.2163 8.62306 11.4032 21.8254 20.8744 9.25639 15.9866 23.8423 20.5887 7.15299 10.3348 13.1843 18.3751 6.22484 4.49153 6.68232 16.866 14.3725 11.2966 21.8976 3.30097 8.86526 19.1708 15.8266 15.1679 19.9338 7.17564 14.9444 6.24483 6.32609 13.5996 20.3354 19.2918 6.57635 21.8188 14.1624 24.1436 14.7362 12.1831 11.2231 17.452 19.3195 11.1783 9.34524 12.8295 14.2094 14.1132 7.36878 22.6428 15.2789 17.5818 11.9665 20.2066 3.97369 15.4518 22.0522 6.12817 11.6084 14.6272 24.5272 10.0519 18.1256 14.3378 12.6142 16.5548 14.0673 5.20272 15.5294 6.44163 12.0098 21.82 15.7423 12.1912 18.7116 12.6318 12.5739 18.8024 24.2234 10.8142 18.3816 13.7913 19.2117 9.94339 21.0838 17.5878 6.74514 5.68615 14.2702 15.5835 19.7936 12.2668 16.1524 5.57939 20.6902 19.9587 21.1 14.3841 8.80634 17.3517 7.51644 4.81291 10.1893 22.1445 13.302 21.8363 5.4134 19.2131 20.1542 4.12984 9.39311 19.7037 17.9574 14.7738 21.9099 4.90173 13.0087 24.8534 17.6017 13.6261 13.8331 3.70971 9.16458 24.3985 5.83575 12.0901 15.0188 3.63878 16.0423 16.9503 10.1863 18.6349 9.17713 24.1557 6.63168 21.5389 8.82984 22.8338 4.3163 13.1379 4.95882 22.6266 4.21484 12.6509 18.9835 15.0939 4.54498 24.8001 22.714 5.51621 13.9599 15.409 14.8691 13.8489 2.95374 19.2744 18.9315 11.0761 7.22983 9.06504 13.5914 4.71531 11.7819 8.99455 9.52829 14.7223 9.43835 14.5207 13.7797 18.5465 20.1188 21.8196 5.44847 11.5867 14.5543 20.7852 23.9982 14.2968 23.7202 7.80442 21.3858 14.6929 17.7312 7.05762 6.78234 15.0098 15.4506 21.5944 22.632 13.7582 8.56135 15.4346 8.29868 24.4325 3.85024 5.44543 12.5502 7.11905 14.9555 4.24285 23.631 16.7541 14.8264 5.36934 13.1724 16.783 17.647 21.9965 2.69073 21.9693 8.97103 10.4034 6.42339 19.1044 5.3215 4.47994 19.2528 14.3676 7.00194 22.5058 15.9684 16.0863 12.8711 4.95491 18.1161 9.147 18.3303 19.5751 14.6864 22.3062 7.77376 24.9934 17.8893 7.15233 20.252 14.096 17.7682 12.4674 7.09784 8.43489 4.40109 12.7395 10.2652 4.90862 23.9397 9.5755 20.1313 20.9692 9.73645 12.2641 19.0115 24.604 7.30982 21.2395 19.1364 7.84358 16.8968 3.19512 16.3432 12.544 4.84395 4.09808 5.72864 7.19563 5.08587 6.35376 3.01541 8.50627 6.96183 13.8709 15.3816 9.01055 23.1202 16.2772 18.0025 14.4542 11.2608 23.535 15.0559 22.2038 20.965 24.7074 16.4401 19.4321 14.364 17.1256 8.95427 12.3285 24.3945 4.7049 23.1924 7.58521 9.39325 21.663 14.9001 24.9082 22.778 12.8874 22.0436 16.8045 11.5677 9.70349 23.8424 21.8941 19.9899 4.79362 8.01471 22.9971 21.9264 10.0156 9.98511 16.2475 23.4461 15.8723 22.806 9.98082 19.1769 21.3815 14.0413 9.64797 16.2641 10.5958 15.8634 22.5045 24.6681 22.0233 7.11278 3.32503 2.5487 7.19857 3.57063 22.393 15.4885 7.15401 7.69436 14.5162 13.3029 5.54143 9.06597 20.3171 23.1894 9.65428 24.3033 8.54936 5.46338 10.6001 7.68425 10.6887 13.133 13.8733 3.73373 16.5503 14.0611 16.5788 13.0237 24.6806 16.9655 10.0552 9.93595 11.2751 17.507 19.1494 11.1378 8.87159 23.2153 9.39045 3.52093 13.568 11.0027 10.8149 12.8524 24.5167 8.51609 19.6918 9.38962 24.4435 18.0761 4.3983 21.7072 24.9421 19.4551 4.19583 19.9874 7.79414 17.742 17.1563 7.52306 21.0647 12.5461 3.48919 16.6835 13.7229 12.2877 15.5183 20.5936 5.03795 14.8276 15.5598 19.2753 15.0008 10.6838 22.9497 19.0023 14.5212 20.0862 16.473 6.11775 19.1495 17.6197 8.44131 16.5643 22.575 3.20437 9.17308 19.8779 6.14848 5.66428 5.62246 11.3933 13.1811 7.63374 10.4095 8.91399 6.76797 5.55161 12.5003 10.0934 17.3875 13.4934 20.7879 11.7803 6.5262 22.0915 9.3232 12.5761 20.0784 13.7929 22.9466 9.85605 12.772 23.2052 4.56982 2.50219 7.36921 6.28038 7.858 10.6002 14.8925 24.5861 19.0626 10.8485 19.6266 13.4157 6.75443 23.9305 17.6452 22.4853 8.20682 5.09992 7.6135 17.9688 16.1798 21.7283 12.6159 22.122 14.854 9.06636 9.25922 16.7426 18.6656 15.4675 22.8012 4.2198 12.7911 3.32447 17.0543 12.4211 9.03256 4.46913 17.8156 9.66673 3.35384 11.2846 8.57078 11.0427 3.81637 19.7809 14.7247 4.80116 5.16591 10.8829 5.10681 2.59856 11.3194 16.1815 4.50205 22.3224 4.50242 9.39769 23.4571 14.7551 7.2868 17.3096 19.1121 15.3263 23.7788 11.392 10.8077 14.7027 6.20771 18.9191 24.2175 9.46608 15.6646 14.78 10.2561 19.1288 3.24166 10.2576 20.0119 13.2377 10.322 12.5192 16.9562 7.31557 11.7698 23.5714 12.6769 23.8906 20.7702 22.4269 19.8883 19.8637 16.571 9.23473 13.9653 16.4636 21.3733 10.1228 4.25433 15.5401 22.6234 9.00405 23.9082 5.94509 21.9548 20.0951 4.4976 3.75126 19.5306 19.8975 19.1473 2.55906 12.5362 19.8929 5.44797 2.64125 19.0728 21.1995 14.3931 17.6755 3.70053 19.943 6.59181 2.81496 8.38301 7.08965 17.0067 7.8463 5.08126 18.9919 24.4671 4.18624 21.2487 24.8977 9.70778 4.46553 9.47616 22.6722 10.6832 13.451 12.5376 16.4825 6.40698 24.0554 5.08598 22.6951 23.0665 24.6854 8.24944 2.73665 23.6634 6.67685 15.8782 4.16704 19.9294 5.56889 13.6917 3.71586 12.7671 7.46501 12.576 3.5315 19.9665 24.2326 17.2814 9.39321 22.4468 11.2901 9.27151 14.636 20.2737 21.7321 22.471 23.5387 7.20196 23.0428 8.16529 12.9242 9.99359 17.6461 17.7997 23.2235 23.7609 6.04517 17.4296 7.75214 12.0857 6.29884 20.07 13.9495 5.66293 6.08617 7.19719 10.331 18.2209 16.109 10.6487 22.9036 15.9658 11.0822 6.17542 7.2934 19.3022 17.0623 12.3931 7.83709 10.5787 18.863 23.8847 7.38544 19.109 13.8099 14.7026 19.0702 12.219 20.582 23.5223 3.78366 8.56776 9.39156 16.6948 7.12125 19.9956 12.2521 12.9512 9.53688 13.1465 19.5836 8.50643 18.4613 14.616 11.9064 6.3139 8.63313 10.8751 2.8723 3.22033 14.3933 14.2187 14.8839 13.7711 2.69149 13.4903 21.0517 6.91613 10.5566 23.3312 22.2396 14.3656 18.279 18.2058 22.9472 16.8467 19.5565 9.95197 7.28097 24.5107 7.35273 10.1069 16.2631 2.73962 21.7185 23.2584 22.728 14.6045 23.3263 15.1711 20.0565 6.22301 8.96736 24.4391 20.999 11.2682 20.262 23.9126 22.8348 20.8772 11.8322 15.6514 17.6213 2.71034 17.6879 10.6525 13.7792 12.9109 19.5754 17.104 12.7669 7.21503 23.5393 3.41395 19.5925 14.9623 18.4469 4.76454 8.41304 12.2562 7.72591 24.442 11.9727 23.0255 13.0642 11.1918 8.62789 9.23594 16.3237 13.8488 23.2109 11.5019 8.41609 6.99361 2.98117 11.3488 21.3919 6.38341 19.9144 21.376 19.9923 12.909 23.0798 9.56995 23.9144 21.3268 7.35496 6.51737 22.0381 15.0162 24.7287 24.2695 4.86736 3.01223 4.44182 23.1062 13.9333 20.5644 23.216 4.95082 16.9107 14.4698 24.32 19.6851 24.697 6.93227 9.22421 5.61468 11.7048 9.19684 15.5932 15.3351 10.6167 11.2096 5.36559 5.74774 10.3531 13.5527 11.6724 13.4769 6.00299 22.9052 15.8428 6.93647 9.46802 22.2789 15.7484 11.2975 9.56865 17.2795 4.23453 22.6059 5.3638 12.144 3.89041 
2.0
5.13614 8.00061 9.53885 1.59058 9.11065 5.23771 8.77524 3.92277 1.07624 6.02946 6.95244 1.09735 7.28981 8.90034 7.16022 8.38582 8.90725 5.2596 5.48911 4.25185 8.73882 5.34912 3.45188 1.52765 8.46157 2.77319 5.11194 5.42226 8.78883 8.11036 3.41886 6.86191 1.09671 3.10734 5.25082 6.66242 9.00757 8.95489 9.66423 3.03366 4.43067 3.14574 6.85024 9.91594 8.55967 4.41461 2.29839 2.64855 4.3273 6.26019 7.66721 2.47027 6.81701 6.54915 2.86191 7.35189 8.13164 2.70225 8.81906 7.66083 8.21911 1.96241 5.49835 1.15773 1.15524 6.24484 5.58133 2.82511 2.38345 3.06921 9.37717 9.02802 4.41159 3.07382 7.43557 1.50677 9.46581 2.61186 8.36653 4.70165 8.60138 1.92962 6.36728 2.90971 1.77066 2.4268 9.95617 9.77357 9.34794 5.49881 1.41364 6.60223 7.61148 8.46114 2.43022 6.02394 8.6825 2.05572 7.46149 2.47109 1.42115 1.03934 5.29014 2.99715 9.77963 4.35405 3.29508 7.92561 3.11224 6.37972 4.92747 8.83098 4.94253 9.76845 7.89396 8.3518 8.68741 8.36115 9.54675 3.33568 1.8384 7.68612 5.98086 7.81642 4.09976 6.53961 7.33834 3.32308 6.9838 7.14846 1.8195 1.02114 8.36314 4.41477 7.90126 4.18568 2.48001 3.74259 3.26245 1.50658 1.91257 8.94663 4.91611 4.72576 5.99834 2.74303 8.04898 9.10645 1.21452 5.32211 4.06783 7.23449 7.01552 8.50325 1.35295 6.65165 9.62732 5.97166 8.21862 1.82101 4.29904 7.0973 9.58061 3.92434 6.51145 2.83581 4.83074 6.99154 9.64251 5.2114 3.41846 2.86209 1.58997 2.88186 9.63942 4.47851 8.85099 8.28554 1.13113 1.01193 1.5588 2.87041 4.57565 2.3196 5.97636 9.90508 3.10923 6.2345 5.94711 2.37197 3.93908 1.18691 6.80268 1.44236 9.66714 8.65811 5.22767 1.03361 5.82085 7.96601 4.58149 1.9483 5.09096 8.88287 8.17717 7.09551 8.77643 6.58506 4.01724 9.294 6.93628 3.43479 8.48662 3.15757 3.7485 3.09394 2.50258 7.56233 9.57606 8.46986 7.62167 4.19605 4.23979 9.99329 9.60374 3.68955 1.9985 4.72817 3.93296 9.83011 6.73592 5.81366 5.79587 3.3569 5.85486 1.738 2.01649 3.83847 7.37826 4.94459 2.4484 7.13222 7.75734 5.26994 6.32395 9.92597 2.88678 3.71375 5.06038 8.86151 1.8269 5.04097 8.02309 5.7402 2.73291 9.71596 5.74584 5.31059 7.49114 9.66858 1.10807 1.13808 7.56238 1.39239 4.96916 8.05664 8.53215 2.87485 9.7598 1.70248 7.86808 6.85958 8.53036 3.62985 2.38432 9.94058 9.95629 1.50879 2.91292 4.98859 8.80054 5.90499 6.68227 4.40937 6.33303 5.14158 3.90263 8.73408 4.20715 2.74304 5.05861 6.04171 3.2933 6.96113 3.4087 6.71343 2.9694 3.88277 3.19187 1.01913 5.36855 8.62009 1.04116 6.03582 2.08358 1.08235 6.10431 8.39825 1.82875 2.83004 4.37144 5.38135 4.55841 2.51093 6.70976 4.8149 7.54272 4.37814 5.10526 6.33011 2.90041 6.39029 3.61152 4.43825 7.08852 2.39366 2.50545 8.94133 9.84925 3.88639 3.15016 6.17485 9.11376 4.86466 2.0648 9.58245 1.36308 2.25101 5.70143 6.12278 3.94598 4.40454 7.42894 1.00823 5.85391 5.21332 3.22403 3.27576 4.45298 9.26866 5.56914 1.68983 6.67293 4.62151 6.05753 7.47721 8.15319 4.62092 8.20524 6.39395 8.8459 1.33438 8.97022 4.62435 6.57603 6.0504 5.47841 2.01191 9.05847 1.36293 4.4569 5.12237 5.87222 7.33794 2.87407 3.63875 3.89154 5.26197 7.2868 4.58845 4.67417 2.47273 6.39471 2.90234 9.30661 8.77174 9.3014 9.80592 1.20633 9.91895 9.98277 8.54247 1.38114 5.70947 8.46229 3.92831 2.64551 9.1323 3.19344 8.23997 3.29391 2.11104 4.149 3.9335 9.73127 5.3267 8.11756 4.69577 3.56035 5.62251 3.70689 3.3278 3.62625 6.49079 1.55446 8.96008 2.51788 8.14179 4.24495 7.10004 7.02651 2.65463 1.4348 9.0114 7.06131 6.7102 3.68373 5.9257 3.52193 1.4062 2.49342 3.5857 9.62815 8.65408 5.05309 6.62098 3.20651 2.6581 4.19221 2.25545 5.43398 2.9764 5.04015 1.84693 2.53872 2.66408 4.89295 9.75878 2.95778 5.99834 2.78707 5.06353 9.45191 9.28566 7.28017 3.57857 9.67733 1.25093 1.93893 6.73382 7.7146 5.50876 8.03396 3.77151 2.05449 7.61663 5.9416 4.77794 4.54087 5.21026 7.7529 1.04726 5.77063 5.7209 6.58954 1.27732 8.45068 3.17464 5.12683 4.09752 7.21191 1.57385 1.82371 1.4287 9.38025 8.36055 2.35978 8.17511 2.20468 2.46185 6.77938 5.7483 6.04239 7.41743 3.84273 1.92314 2.00082 4.08906 4.08401 4.52585 8.53688 2.4521 8.07655 3.45403 5.51308 6.9691 4.40506 1.52875 7.21078 6.04537 1.84481 8.67867 9.80043 8.06663 1.2479 3.95616 6.76882 2.51865 1.63661 4.8855 4.80343 3.68894 9.00362 5.64308 8.63374 1.45052 7.31947 4.56962 6.32958 3.62758 4.24689 8.51446 4.55661 3.44336 3.06219 9.51186 1.28866 2.54992 4.2838 1.28932 8.47725 4.13997 5.50765 4.10795 3.17807 7.64078 3.94975 3.43484 9.6345 9.4901 6.1957 4.94752 1.8182 5.49405 4.65727 3.37043 8.92665 8.26713 6.23601 4.64332 5.3378 3.25422 9.69387 6.92188 3.52173 9.83462 8.2309 7.91022 3.40929 9.00809 3.7699 7.02547 9.71788 3.16295 1.44822 6.89437 4.73414 5.42625 6.81642 9.68198 7.05373 8.09589 3.24418 3.75229 4.77819 6.65479 4.03301 8.16092 1.66872 2.8672 3.73621 8.47994 9.75707 9.45684 4.18566 4.45453 1.91345 6.86726 2.72581 2.99187 8.87146 9.60416 1.1546 5.98192 5.21005 3.65967 3.87142 6.4503 2.79251 2.5188 9.73216 6.54318 5.16252 1.24781 2.11122 7.84421 7.39718 4.16465 4.67061 5.52347 9.9171 4.59148 9.33603 8.81846 5.75354 2.18908 5.98004 2.34713 8.77257 8.37349 1.31217 5.75289 1.35622 8.3145 4.47618 2.18175 4.04069 1.01628 1.85425 1.09139 1.61164 4.97999 6.57826 5.89232 9.15645 6.94848 7.24808 7.92105 3.57349 2.23291 9.35689 2.2453 4.0385 5.12154 2.92351 2.80124 8.92796 6.87045 4.83185 7.36273 9.69947 2.77634 9.37725 6.84269 5.22919 2.83131 4.52 7.42634 3.10631 3.45977 4.34577 7.03663 3.38455 5.83724 3.23312 2.63162 5.29067 4.29133 9.2281 5.83387 5.39004 3.28465 8.12574 8.39195 9.70923 4.47978 6.75873 9.9739 1.31562 4.38625 6.993 4.79273 2.85406 7.08965 4.93043 3.564 4.54056 2.5626 1.81851 5.29539 5.11298 5.05793 4.1671 4.40833 8.23881 3.08375 8.57219 1.6916 5.87989 5.46064 2.74666 5.58706 7.11431 7.96082 5.25815 1.3073 8.91514 2.0294 4.47386 9.28542 3.38639 3.08761 8.21249 3.4568 7.95587 3.91809 1.60312 8.87287 6.02511 1.63221 6.6512 5.14694 9.57637 3.7194 5.01146 9.23212 5.23658 8.67857 7.46798 9.03114 4.29842 1.73147 4.62124 4.33832 3.19835 6.11815 1.28214 6.61351 2.95167 5.47445 4.07313 2.08809 2.04473 2.79148 2.73636 8.70297 3.28396 4.45716 3.64885 6.37866 3.10217 5.87978 3.04464 6.11733 3.82168 1.19362 3.4441 1.43695 8.3746 3.54656 5.7901 4.6374 1.98011 8.46973 8.79138 1.39869 6.27877 3.82921 1.97282 8.21111 3.42383 3.85978 1.93285 3.13752 4.62963 3.78063 1.30775 4.40757 6.67699 3.49316 5.94317 4.34407 2.87564 5.8608 2.77249 6.12122 7.9837 3.07086 6.90236 5.85508 2.58416 9.57839 3.40519 5.52589 8.4184 2.13213 4.31867 7.23251 2.17678 5.38238 9.35239 2.27892 5.24619 3.57106 9.80139 4.59263 2.91469 6.80365 4.16685 6.97527 3.53316 6.40322 2.98373 8.6851 8.134 3.84655 9.35546 1.8516 3.0068 9.78218 6.69567 2.22211 6.73113 8.63057 3.177 2.74041 5.16629 1.26621 2.38681 7.45746 3.89813 4.28187 3.69008 6.27408 4.64289 1.33479 9.79921 3.01567 9.10805 4.07494 1.05094 2.33902 9.81028 2.15529 6.89025 4.97108 8.3503 4.82415 9.06132 6.77978 2.64491 7.59952 5.0055 6.17693 1.61595 5.52541 1.96632 6.3531 8.83635 3.51034 9.30154 7.84452 6.63315 1.2477 6.50221 4.93206 8.14765 2.21828 8.41881 8.37222 1.85245 6.27474 7.19434 8.96014 9.02569 8.30814 2.40451 3.42466 6.68215 7.49655 6.90495 6.15538 8.46152 4.63557 5.8854 6.2618 1.97363 1.05106 8.63103 9.46443 8.10072 3.59369 8.49067 7.31799 5.75675 4.21572 8.55218 4.26664 5.60375 1.62967 9.52479 8.03116 7.22518 6.5491 9.32847 5.82824 6.25632 8.01137 9.89037 2.92182 1.97173 4.28248 8.64826 2.00636 9.8297 3.8439 6.261 8.92224 2.47374 9.96147 8.02607 6.20316 8.69111 2.33626 5.50411 6.95553 5.8284 1.33759 5.85045 4.56995 6.16406 3.31791 5.3538 2.7647 8.7381 7.50988 1.68181 4.46126 1.13868 4.00538 4.33375 8.99184 6.74582 8.31653 2.80025 4.13897 1.93211 3.01887 4.92998 2.50714 4.72045 6.97643 6.00346 9.7264 6.39882 6.64889 1.0138 9.98806 2.59213 5.9808 8.65455 9.41239 2.29099 1.37278 3.51457 6.74838 1.33764 3.23479 3.97989 3.90545 5.86883 9.6214 5.34264 6.81733 2.21573 8.4491 5.61698 3.13782 3.76094 3.79567 2.56212 2.26868 8.25246 7.78154 2.41228 7.21956 5.0747 2.5332 8.81378 3.79987 
4.0
19.8065 13.2839 2.88218 11.3769 10.7955 7.74905 14.4697 15.0128 13.0352 2.3295 7.87568 15.5609 10.9268 5.31813 11.6401 9.57017 11.5285 9.97808 5.70425 9.61736 11.327 2.25348 13.373 11.8342 8.64129 7.36299 9.41052 6.8173 16.6598 4.2762 13.2689 6.92092 14.1102 5.07283 16.4487 8.93259 4.56156 2.18471 4.99344 9.13153 13.3602 8.52063 14.1161 7.72986 13.1976 19.4739 7.95882 11.6966 3.31151 13.813 7.48511 8.96473 17.3195 2.45436 7.50528 13.0204 14.6858 8.11909 15.8344 6.8759 6.82093 2.87132 7.58294 11.4246 12.8134 10.5401 19.5808 17.1793 15.7951 5.02397 15.9333 4.39294 18.9392 9.47809 19.711 6.56235 12.0908 9.38455 15.7711 10.3149 2.03022 12.5052 11.713 6.67781 7.36945 12.7175 13.9656 4.73021 9.08132 10.7329 18.008 16.6382 9.66136 10.6985 3.72264 5.07274 11.9225 19.681 16.8817 18.0099 16.4227 5.0338 3.76592 15.9148 10.5252 16.6468 19.9163 12.3072 12.092 15.0792 12.0189 14.7111 14.8092 8.57449 9.92186 8.98634 6.14665 3.95923 17.7862 14.0432 12.9489 14.4238 9.36811 17.94 3.65994 7.18635 18.4355 2.36328 16.1803 16.0395 9.31603 10.491 16.3573 13.78 4.57903 15.2385 18.1075 3.52066 10.8495 10.887 6.17304 13.8859 3.75523 13.0952 12.5094 7.08929 17.0069 12.2939 13.3072 14.8948 2.61039 15.4628 15.6461 7.45995 11.2128 5.2907 18.7818 8.06228 17.5803 5.71815 3.06592 12.7087 12.2096 10.8632 9.49808 11.6272 8.07183 2.32956 12.9118 13.6422 7.48921 9.8982 11.7924 10.4314 10.1447 8.60103 19.728 15.6669 17.2246 3.17791 3.4934 8.03829 4.69314 2.9163 10.7667 3.15841 18.7013 3.87373 10.4786 11.3526 6.12721 5.48306 12.7947 16.3301 19.2496 16.5406 9.73067 19.7389 11.5548 5.57703 15.4 16.6028 7.67554 2.6111 16.8947 18.6414 8.46321 19.2862 6.79858 8.47356 18.1928 12.3896 16.3341 13.7025 4.90058 7.75475 14.1408 3.88502 18.8545 15.5463 3.68788 15.3823 10.1578 15.9275 4.31833 9.09442 2.48466 6.1115 14.9269 10.0774 19.9498 9.79394 5.27047 16.0428 10.1098 3.96978 15.9108 7.74053 6.09779 6.1321 15.7911 16.2242 14.8908 6.85395 12.4443 3.99926 18.7102 8.75308 9.83502 19.0545 8.55433 18.8393 2.83396 18.7753 4.86474 3.24498 17.3249 2.741 2.32454 11.3378 6.94514 13.4038 9.78999 10.2171 11.4578 13.6513 14.3548 14.5922 9.75819 10.252 4.54697 17.0441 16.5117 18.1825 7.65912 15.6699 17.4253 18.839 6.21078 4.11001 4.15205 11.1303 12.5441 4.95775 9.82728 2.45445 4.55231 11.5526 10.2389 2.55805 19.5405 9.15541 5.62979 11.2779 19.2198 12.5072 4.13307 9.16624 2.83437 2.77005 5.8404 13.9979 17.4206 6.85127 14.5029 14.1613 2.19954 4.11026 13.865 3.93106 16.1025 11.4481 7.63106 3.62474 11.4286 13.7802 6.06463 19.6412 8.63595 18.8913 4.22093 7.38262 15.2649 11.6739 14.8118 8.05872 3.99507 14.7487 2.70347 18.3743 12.834 12.469 18.0474 16.0994 16.4397 17.3066 15.0437 6.52188 9.57529 17.6214 13.3374 8.7837 5.69685 13.8138 17.0475 9.09907 13.6738 7.85921 6.42913 15.856 19.6424 9.2261 11.1681 9.60059 18.9918 12.1766 4.30833 12.9037 17.4829 7.4499 3.81265 19.1112 10.5003 19.3284 12.7555 4.97611 3.43684 15.0867 5.14926 18.1746 10.2109 19.8238 2.40277 6.7039 2.91658 13.6773 15.4132 11.1633 19.607 16.4211 5.29025 8.91812 7.20995 8.44558 15.7137 13.1467 2.57629 3.12098 17.923 3.76933 12.6618 9.54295 17.3406 5.26113 16.8414 2.66149 16.8274 14.3468 10.3558 17.7924 7.57109 2.57865 7.89209 18.5117 14.6079 2.79751 16.2959 14.9327 7.97619 18.4761 3.41697 9.36596 12.5038 16.9455 16.0879 12.3623 11.2274 15.5044 6.23483 12.1381 11.4456 17.4109 4.12157 14.3838 12.4035 4.75751 17.7264 17.4554 9.61184 15.2289 9.25171 3.94798 8.79707 5.74188 11.7661 11.653 4.48576 15.9692 16.9801 4.89775 4.22099 10.7453 3.1536 5.26784 17.4118 4.3551 4.13712 4.71254 17.8154 7.70606 12.5453 12.0328 14.6523 5.38236 14.0633 7.7523 7.35414 7.58234 17.8862 14.371 12.9443 5.93864 2.291 3.00171 13.0514 4.22108 18.3415 5.38964 9.55576 6.9225 10.7261 8.31428 17.8684 10.7272 12.7283 17.3745 6.84277 7.86259 4.32969 11.1565 10.3199 10.3329 18.4468 10.784 5.30574 14.0368 18.2994 3.85201 15.7813 19.7665 4.91265 19.743 19.1462 12.0912 3.75146 5.32567 6.29456 13.1219 11.488 14.0373 6.32356 4.1597 19.9021 15.3478 12.8754 12.2273 17.9136 17.6077 19.1115 10.4825 16.7491 9.27819 8.31972 19.515 17.2399 15.5442 17.1547 4.5258 18.2537 9.3104 10.5103 9.38978 3.2591 9.57991 9.02567 14.6006 4.0222 16.2158 10.2234 14.0987 16.4369 6.0854 18.2812 13.982 11.4873 17.5876 11.4355 16.0996 14.3436 8.56279 18.019 13.5282 8.59003 18.5854 4.12975 6.93107 16.5863 14.6399 13.9343 14.8 4.96133 5.17876 13.6027 14.5807 2.24021 17.5642 5.87684 3.67949 5.60366 19.8918 10.2712 9.3547 9.78044 12.1974 7.90698 2.4893 5.07263 8.04703 3.9785 12.2472 7.51355 5.5091 18.8527 18.612 4.15867 10.5098 16.8014 9.80885 2.50922 13.5712 15.3662 15.6089 13.0687 18.9322 6.35654 17.5165 10.0319 9.05206 3.48034 14.8395 5.10759 15.4972 9.60735 3.6421 9.4726 17.2104 2.66559 3.5805 18.8602 17.163 3.17042 15.6217 12.7801 18.3898 16.3864 9.64472 12.8724 16.4069 2.12226 4.92484 11.3931 17.0124 7.15806 18.5006 12.8335 16.4696 19.3059 16.4236 17.6716 7.0735 2.10307 2.89118 11.2571 17.0995 11.1377 4.26176 2.82847 14.1354 5.00804 10.9532 15.6633 4.79634 7.91369 12.2238 19.3613 15.8217 2.88023 6.83632 11.26 19.5559 14.6164 16.6044 3.98383 10.8112 13.0042 3.8222 18.1249 10.1138 6.22152 7.57694 17.0578 2.33241 8.49828 3.94367 8.88661 17.6898 17.5045 3.06343 18.5245 4.1573 10.3717 14.1039 10.9068 4.23179 3.34706 13.103 8.3363 15.0957 4.0805 12.6955 14.9616 9.16005 9.54413 8.72156 9.38841 15.9895 4.58494 10.7196 14.4233 4.61139 6.11019 3.30036 18.9506 7.20648 17.9056 9.4051 12.9419 7.18325 13.0861 12.4457 18.5985 14.6347 7.18007 16.3279 18.6268 14.1778 14.8456 18.3576 6.64581 10.1765 7.21999 12.0297 6.72856 16.3463 4.90209 10.6994 17.0754 16.7428 9.56724 11.1374 12.8204 15.1327 17.2152 13.9666 16.9711 19.7472 14.0508 19.9824 14.4799 8.41867 17.9974 11.3559 6.44959 9.09999 12.8433 16.7192 15.4706 16.7668 18.0207 17.1346 15.0918 7.70233 15.0178 7.94522 8.42361 6.16532 9.42326 9.50977 12.8744 14.4405 3.60419 17.8193 14.0194 13.2721 15.0161 11.9971 5.60204 5.68 5.14618 9.68128 16.6692 5.15878 16.0895 17.2903 8.8382 13.2596 19.7576 10.171 12.697 13.5548 10.7201 5.62998 8.33744 8.98557 9.6792 3.84733 9.02083 3.59186 4.57697 3.67323 14.9768 9.62582 18.3353 12.3076 8.33454 17.0476 6.22874 3.86227 16.1873 6.40399 5.89033 15.8063 16.7895 14.0901 8.94995 14.2939 3.88612 6.99362 13.3057 5.37484 2.17611 7.52197 13.0278 5.0885 6.90745 10.0123 6.89603 3.43996 18.6056 3.52432 16.5688 3.25927 19.9348 2.0158 15.3863 16.9434 11.6916 18.9011 10.8054 12.0813 8.93229 12.9922 19.4681 12.961 6.23175 12.823 15.9025 6.96067 11.0764 14.356 7.85643 6.82146 10.3893 3.07199 13.2643 7.80375 5.18772 19.4424 19.8463 10.7259 14.3747 6.78498 8.34082 11.8862 2.66226 8.50134 12.3694 4.86693 11.6278 3.6983 7.9346 3.22212 16.9035 2.19146 19.5507 3.04746 6.49845 11.8917 2.00726 2.43327 19.2536 13.5746 10.7652 14.8003 8.42918 6.03256 3.9862 13.1181 7.42551 4.60975 5.19439 12.0069 12.6362 2.11995 5.57123 8.72112 6.43428 9.14712 10.883 8.01688 3.29126 2.72883 8.04122 13.9016 2.02877 8.42244 4.29571 15.2668 15.2033 18.7542 4.06072 10.4033 4.62333 9.05099 4.37362 7.39954 19.9999 5.65515 17.9866 9.42293 9.72943 17.5218 7.091 11.8833 14.8094 2.19914 6.67469 2.48001 16.8873 19.1917 14.512 9.13098 7.44186 3.70604 16.7865 6.78546 17.0975 15.7796 14.347 16.1189 6.07126 19.7923 4.59565 7.11099 2.75276 13.3606 18.0096 12.5064 13.4169 10.615 2.29483 10.1582 18.0694 14.86 13.1732 15.2545 7.42504 7.61633 18.8021 13.4276 16.019 17.0474 10.8273 13.7457 16.4506 4.76717 17.0679 14.5881 7.76023 12.0313 6.83465 17.4025 18.9388 16.3117 3.88117 7.34565 18.5703 11.2527 19.9875 17.8066 9.60677 13.0114 16.1766 17.8128 12.2766 19.9795 8.56427 9.31863 16.1252 6.8891 3.84084 19.3776 18.1885 16.3005 7.38655 14.1965 12.2999 14.4732 5.01929 14.0729 10.5289 6.61975 17.3753 4.21507 15.7536 6.54194 19.9227 10.4453 8.36565 13.6505 7.60777 6.78515 10.1076 6.36716 15.134 5.92449 18.0437 14.9095 11.874 17.5726 15.6631 12.4589 4.41443 9.69233 16.1162 11.7109 13.7334 7.6174 2.58335 15.8091 
1.0
1.47837 3.11841 4.66451 2.87268 2.7227 1.95658 4.18616 1.77428 4.47021 2.94618 3.9392 1.65001 2.3894 1.69125 2.73099 1.39878 3.7774 1.06622 3.67518 1.28485 0.632621 4.13869 1.23026 3.35759 2.72158 4.64879 2.35708 1.55297 2.3898 4.2952 3.04569 4.22667 3.86687 0.577841 3.46113 1.36876 2.31568 1.44717 0.958559 4.75015 4.87576 1.51011 3.71735 1.25056 1.45075 3.04268 4.24443 1.61817 4.49009 3.05918 4.99674 2.41098 2.51471 2.6881 3.87283 2.86967 0.637027 0.604591 4.82355 2.47226 1.82493 4.26965 1.83198 3.92027 3.16001 2.72589 1.51241 1.3066 4.83988 2.19998 1.07849 0.715051 2.67468 0.761726 4.93058 3.50145 2.32765 3.28977 1.11209 4.00645 3.5499 2.49395 3.38515 3.94991 1.65933 4.74429 3.67528 0.757022 4.01364 3.95666 3.63526 1.56598 0.727529 4.78502 1.57811 2.16734 4.38399 2.87033 4.52927 0.624986 3.48979 0.89616 4.64783 2.82878 2.92507 4.20084 3.267 4.22882 0.637067 2.6963 3.80363 4.00136 1.82803 4.34359 2.78693 4.39634 0.887191 0.934948 3.75633 2.0166 0.816982 3.43259 2.27841 4.77867 4.9033 0.614114 2.83309 4.80531 0.879973 0.774519 2.31884 3.99954 2.83732 1.23491 0.927127 4.55046 4.62492 4.90781 2.13592 2.62061 4.49842 0.669123 4.07241 0.964997 4.26059 4.28674 2.49482 2.23181 3.14644 4.6558 3.14338 3.19468 2.20253 2.09053 0.710411 1.16668 3.41038 1.42282 3.17962 1.3459 1.30406 2.65737 4.78446 4.84269 0.831866 4.9335 4.33564 2.13853 0.712203 3.54358 3.66783 1.22656 3.03356 4.75814 1.95548 2.68374 1.84865 2.20761 1.64773 4.92464 2.51266 2.57065 1.27252 1.38686 2.01571 3.81919 4.35985 3.39817 4.55935 4.77009 1.73411 0.975166 2.62729 3.19338 1.42562 3.30368 2.30023 2.72727 4.9513 3.65074 0.564817 3.84965 4.21442 1.45827 2.36679 3.65634 1.27358 2.86831 3.15823 2.19596 3.73076 1.92999 2.18891 4.11137 2.48855 3.23806 3.7919 4.33787 1.6265 2.75313 4.41322 0.607919 3.64662 1.05348 3.63564 3.51259 1.83804 1.76857 0.946658 1.36962 4.51075 1.94417 3.0006 3.64808 3.34857 3.58912 3.12486 3.19976 0.631146 3.65373 2.82027 3.54712 3.07523 0.689837 1.00564 0.977902 2.54494 2.44251 2.75641 4.69641 4.38134 0.62336 4.78746 2.7814 2.10095 0.615519 4.93004 2.20062 4.21361 4.86025 1.85286 1.13201 2.90932 1.67521 0.777338 3.84151 3.86433 2.25432 4.93693 3.86752 2.41629 2.09933 4.03067 0.762 2.8586 4.13296 2.42078 3.13824 2.10387 2.24375 3.8245 2.27522 2.96653 4.01248 4.24997 4.02866 0.814555 4.87029 4.42634 4.29865 4.34041 1.43841 3.47797 4.804 2.70102 1.29956 3.09275 3.91315 2.77697 4.4509 1.93464 0.781787 3.80084 3.68878 0.550265 1.54706 1.60458 1.67497 1.01969 2.82846 2.2362 1.93464 3.60135 4.28531 2.19542 3.03591 2.62108 2.98093 0.538601 2.7011 1.85536 3.30344 4.60272 0.599568 2.15856 4.19317 4.59855 2.07223 4.08451 1.92675 4.82295 2.5377 0.752053 1.70781 1.24029 4.33005 3.70483 4.31434 2.18304 0.718291 0.51516 1.55269 4.42148 1.35737 3.8821 0.7682 3.35257 2.42092 0.973597 4.16247 3.55794 2.66559 3.26283 3.6673 4.98102 4.67704 1.10866 2.6252 2.97332 3.54757 0.830215 3.52665 4.4599 1.23537 2.52567 4.5539 3.97384 3.85544 1.88508 2.68144 2.81003 4.15215 4.74744 1.08314 1.54796 0.903425 2.65183 0.596024 4.19371 3.50656 1.63273 4.49064 4.69111 1.49571 3.00945 2.79811 3.05195 4.74099 1.41972 1.44382 3.85542 3.57923 2.34742 3.93776 3.86665 4.12639 2.89443 1.87143 2.52438 1.52154 1.04667 3.47151 1.54781 1.3526 4.1842 3.46007 4.91256 1.51362 3.08556 4.47146 3.44577 4.24372 3.67616 2.27583 4.79035 2.09772 1.77085 4.55932 2.98839 3.09836 2.06066 4.51084 2.43363 2.82018 2.59361 1.46553 3.94323 4.65505 0.999734 3.35485 4.69849 0.509289 2.2102 4.21331 0.80484 4.18252 2.92058 1.99183 3.72093 4.67808 4.54826 4.92776 0.806874 3.69509 2.93399 1.72154 1.74159 4.5522 2.0376 1.26996 2.05936 4.29294 4.37781 4.70612 1.05543 4.72271 2.96621 1.996 4.31086 4.12745 3.98541 4.34166 4.08644 3.42392 1.46122 2.14111 2.83575 1.9916 0.679135 3.7548 1.08738 3.43626 2.59481 4.32874 1.44633 2.0352 0.988763 3.92429 3.96444 1.61406 3.6152 0.704593 4.1301 1.60531 3.09496 1.92759 4.72697 2.03841 3.30261 0.995767 3.31195 2.71153 4.49772 3.81245 2.5622 3.295 3.45021 3.1948 0.74137 2.11632 1.80987 2.59346 0.534923 4.87691 2.47007 1.36878 2.50463 0.550372 0.675482 2.37371 3.41221 1.2125 3.62411 3.59338 1.66204 4.0529 4.31333 3.09127 3.11312 3.81821 1.88011 1.512 2.51009 3.93702 3.18539 4.39085 1.28342 1.57638 3.39259 4.0198 0.968724 2.88002 1.79024 1.62035 1.49526 3.13811 1.10881 4.57282 2.09349 1.63875 1.58158 0.952456 2.5719 3.95107 0.999736 3.62203 2.7128 4.88993 3.01161 4.1312 2.03743 3.91235 4.41597 0.672428 2.19008 1.19547 4.19957 3.34357 0.691441 3.64627 0.568724 0.967116 0.811027 2.59283 0.725136 4.21606 3.80878 1.90726 0.63577 0.796395 3.79579 4.31031 4.54692 4.93628 0.9642 3.1076 0.9924 0.931833 3.93618 4.10744 1.04589 3.49954 0.982122 3.47037 1.56738 3.18535 1.35789 4.74027 1.69384 1.58039 0.511305 0.807177 2.82392 3.5933 1.90768 4.05169 3.34688 0.529258 3.22457 0.921055 3.86561 4.72557 3.1656 4.18683 2.66383 2.994 4.1435 2.63427 1.66738 2.11963 4.08219 3.9333 2.64973 2.16647 2.08814 1.94114 4.93149 3.33963 2.24071 1.18659 2.32426 3.65415 4.25174 1.78591 4.06844 3.1605 1.24428 1.04039 1.01525 3.47668 4.90041 4.96554 0.802941 4.877 1.22819 2.5019 3.77706 3.18747 1.19786 3.65754 2.90491 2.23783 3.99702 4.33217 0.934114 3.62027 1.15511 1.57285 2.04537 3.0047 1.28688 3.01145 2.7493 4.26076 1.20516 1.23362 2.27745 4.1364 4.65262 0.829498 3.21745 3.74313 0.902764 1.37604 4.64231 4.0979 4.48003 1.60093 3.48382 1.47164 0.749059 4.47823 1.90013 2.79443 2.12305 3.00555 4.88749 4.86727 1.14133 2.913 1.38604 2.63056 2.66598 3.55366 3.12987 1.73919 2.44769 2.22575 3.9911 1.69427 4.31068 1.67642 1.56815 1.28146 1.70679 0.537227 2.26821 1.56604 2.38877 4.94117 3.13374 4.19453 3.95255 0.571434 2.16316 2.75296 3.49886 4.39175 3.37572 0.931859 3.16382 4.80841 0.870471 1.24776 4.76875 4.01387 2.62935 2.57149 4.83912 2.76207 1.81445 4.21293 1.24261 1.82537 1.30944 0.812616 4.69635 4.38307 3.75508 1.78978 3.39324 3.59165 0.828902 1.0972 4.49748 2.58659 4.51903 3.03255 1.75921 1.6659 1.14214 2.85651 1.99826 4.40521 1.35556 0.967453 4.70712 4.45452 3.91352 3.38275 4.52295 4.76669 1.41752 1.77679 0.8188 4.00739 3.31086 2.82559 3.16397 1.89687 1.86729 1.10803 3.40349 3.23324 4.92383 1.31379 2.10669 4.84745 2.60773 2.00787 1.63506 3.73994 0.807485 1.70176 4.07906 1.64884 2.13815 2.48132 2.81423 3.7999 4.15064 4.44116 1.42636 0.587994 3.53526 2.17582 3.75579 1.94033 4.06938 3.57745 4.3109 0.611227 3.55915 1.19027 3.80073 1.65861 2.5255 1.87152 2.53671 3.35207 0.884181 4.50916 0.953554 3.76263 2.86997 4.54621 4.99928 3.78409 0.955029 0.561627 2.64441 4.33608 4.01139 0.657956 3.76023 4.49871 3.96758 3.90553 1.61632 2.82884 4.70943 4.09333 2.24705 4.10807 2.97492 4.53654 2.43739 2.27227 4.4933 1.19065 4.07777 4.77283 1.11826 3.82225 4.13804 1.61953 1.20524 2.98651 3.0107 2.85502 2.98293 2.0612 1.97315 2.71098 3.16889 4.08744 1.01914 3.19587 2.57931 0.667022 3.80933 4.86442 1.98286 1.16643 4.99104 3.01864 3.9488 0.977461 2.63708 0.590517 4.93909 3.58452 2.05377 3.95642 2.39477 4.18851 4.20805 3.93305 1.06636 4.6374 3.52378 2.70505 2.83851 3.41345 1.79717 3.4343 4.79873 3.42699 4.48133 0.800839 3.30022 3.86696 1.58995 1.72537 1.76899 0.858002 2.97018 2.02349 2.00493 3.67421 4.1946 2.24149 3.72716 1.25954 2.32233 1.92387 1.11346 2.80488 0.779298 1.56239 1.08387 1.63168 1.10767 0.976879 2.5784 4.13232 1.83437 0.877598 2.07889 4.51704 2.20876 0.859276 0.625051 2.11758 4.0595 0.576794 1.07456 4.99739 0.520471 1.85249 2.35739 4.11852 3.37593 4.96513 1.97423 1.31519 3.27473 1.37048 4.48902 3.32388 4.56371 1.10357 2.26573 2.12021 1.99022 2.61255 2.69913 2.31235 0.523824 1.77421 0.689845 3.3411 4.04707 1.84117 2.11345 1.73667 2.16548 4.07063 1.53375 2.18198 2.3866 3.78485 1.91021 3.63272 1.91827 3.1132 2.04947 3.24399 4.83598 2.16592 3.55109 2.35359 1.36938 2.38944 3.49734 3.27192 1.55796 1.85341 2.13721 3.62863 4.02582 2.71932 0.814476 4.02575 1.12561 1.64083 1.39002 4.24759 4.7016 1.34563 4.90819 3.77725 4.72195 0.64906 2.75734 4.36969 2.52998 1.14928 3.07451 3.43157 3.96474 1.35414 4.64424 2.95764 1.60061 2.98965 1.54157 4.77381 2.35612 4.74011 
4.0
3.68346 2.26069 17.1108 12.664 9.02399 4.64945 11.222 16.5016 16.2544 3.93342 2.70119 4.60293 18.2336 5.08651 15.931 18.0346 7.83233 17.737 6.19674 16.8235 19.4513 13.3279 14.302 9.83972 11.9842 4.97279 5.12956 5.87496 16.2261 7.00698 11.1472 10.9165 15.7274 9.23373 13.8597 8.61593 2.09304 10.8661 4.20506 4.9539 15.7269 15.164 14.8972 2.09948 19.0214 11.7663 7.7129 18.4653 6.9928 9.71877 2.72476 19.9578 4.36142 4.1969 8.47914 5.42289 12.0774 11.9241 14.1196 3.28689 2.29173 4.28553 16.4555 6.39272 6.7725 17.1366 18.976 16.0315 19.7666 14.3077 11.8092 6.16931 12.3066 17.8033 13.6273 14.8696 12.9632 9.69681 4.49553 11.9105 12.0425 10.7211 10.6684 19.5976 4.22896 2.5535 8.32961 9.77213 16.6739 8.79695 15.2781 18.0145 5.52862 19.6558 19.5591 16.0429 7.92341 3.30747 6.04095 19.3074 18.3917 12.9688 17.9364 6.7792 12.7394 2.65858 10.27 3.93555 2.35964 8.65434 8.29054 13.9396 19.9931 3.64541 3.82868 4.01558 9.9332 8.58071 12.6 10.0198 9.6766 3.21203 13.4533 8.20608 2.01958 4.33264 12.5645 13.1875 4.59915 14.7112 7.57536 15.0924 9.87975 13.7209 4.67774 16.9169 18.5851 16.6641 7.64348 19.0715 13.5757 13.7921 5.79907 14.1239 9.17108 14.0202 5.94601 18.7365 4.91783 4.33847 9.22628 7.80013 14.8029 13.917 13.9332 11.7617 18.9119 3.90764 17.2676 8.14858 8.5332 5.93974 7.03935 12.2872 7.70672 14.3123 6.31407 16.2177 8.21863 18.881 18.0053 18.8036 7.04102 7.64026 4.41172 12.0366 11.217 2.00099 18.7003 4.53703 19.191 7.76372 11.3339 19.2495 5.58457 16.7867 4.44489 2.33359 8.4174 14.3495 13.1536 12.2505 3.7735 19.212 10.8325 14.0443 8.91295 3.3686 19.3155 7.81888 8.82884 6.49753 9.0523 14.41 3.24948 4.10596 14.2085 17.2531 3.08601 6.37004 3.71092 13.4457 3.32526 18.6703 3.23785 3.00596 13.3679 16.8225 9.15515 15.3257 9.81222 18.0038 9.39734 19.8195 18.6824 4.37391 12.294 17.7684 12.1033 14.392 2.34174 18.3595 6.4193 14.8286 11.9211 15.9207 10.7596 12.4733 11.959 13.3504 15.0478 18.5367 8.53664 10.7431 8.4577 18.7491 12.4424 4.20981 19.3137 12.1532 16.6701 3.89423 5.43704 19.5932 8.863 8.1837 17.9368 16.8982 9.7023 15.1159 17.447 17.7618 2.24181 7.98084 17.808 9.31644 13.1874 14.1177 8.19416 19.4033 13.122 11.9077 4.6864 18.5373 4.67572 18.9616 6.28983 7.56775 19.6414 10.5031 8.39712 12.0341 16.0355 18.947 10.697 10.217 8.10429 9.67316 10.528 19.8846 6.27536 9.99538 8.67776 10.7343 10.0543 14.3259 18.6272 11.5299 8.86675 16.535 16.2406 6.93389 17.8461 16.5061 18.9004 11.035 13.5659 9.8858 15.0876 2.5711 12.7181 6.02992 5.40773 18.8479 14.7362 11.144 2.06162 3.35189 15.3643 3.61997 13.7617 10.0599 10.1707 18.5672 7.09383 17.4427 15.0071 8.53974 15.324 9.165 4.41381 11.4585 7.65069 6.4801 10.969 4.72855 13.9026 7.31996 16.5843 12.552 9.68136 3.0808 4.74516 7.43628 2.94967 10.1038 2.6969 10.8972 7.06497 16.8512 14.5757 6.35813 17.2582 17.7776 16.4851 15.2437 17.5578 16.8971 4.51777 3.26936 9.15949 10.0446 14.7229 3.92606 15.2407 8.83378 16.0181 18.1601 17.2206 7.30943 9.04751 5.24867 11.4661 8.29548 15.9849 9.87016 15.4415 10.4383 6.28151 2.37037 14.3055 18.9452 19.3604 17.2236 18.952 17.0186 7.2549 4.68926 10.4968 14.9847 18.1932 16.6637 14.2096 6.11859 10.1276 15.7275 5.89123 18.1638 5.21005 18.3877 19.6963 17.5474 18.2117 5.516 16.4009 17.2907 19.8888 4.98148 7.11614 19.6147 16.2935 13.4793 9.44614 18.2414 19.03 18.5543 7.09231 15.3902 5.456 3.82018 11.9023 8.46946 3.8296 18.3737 3.36444 9.46375 6.40123 13.4046 6.54754 16.0159 7.45117 13.0002 11.4859 15.205 13.2723 16.1463 13.0098 11.0191 15.098 16.9221 18.0211 12.5233 5.97564 7.89174 11.2143 9.72396 14.5853 11.6901 14.2427 18.127 3.00358 5.80467 13.3303 2.99248 15.4129 19.5522 16.3288 16.2838 10.7563 16.2511 14.2192 15.313 18.3371 19.5885 18.0603 2.08025 13.3643 7.18379 18.3809 6.31 7.44298 12.3459 2.01831 11.1813 3.01039 11.0274 17.4017 10.7541 18.7168 16.9728 9.28113 10.0906 14.7524 16.0629 7.90137 13.0717 15.1184 18.854 15.6217 6.9096 3.84493 6.3126 13.9803 6.3546 18.1529 11.7454 10.2047 4.59799 15.5621 5.92462 6.16686 19.87 9.9438 8.40867 6.78407 12.733 17.5195 2.05796 4.8648 7.07011 19.8044 19.7462 5.40012 9.76924 6.49648 16.2671 8.30028 8.10205 17.3107 2.43589 12.5767 17.7987 11.7586 18.3868 14.9693 10.8175 7.87329 9.06555 12.0188 19.8102 12.8797 6.91692 14.5848 14.2824 6.80987 18.7681 11.8092 7.44938 6.0642 3.90701 19.5242 6.78704 17.9173 6.35609 6.10656 15.2784 2.96956 18.3413 10.7764 2.3554 16.544 15.9566 13.342 15.5357 16.0283 14.0233 14.3892 9.75521 9.16216 5.14574 10.9167 15.3957 12.2703 7.96076 2.41636 6.00763 7.44006 17.5839 18.399 14.7287 15.6452 11.2501 14.3652 4.39699 6.81426 18.15 5.22185 4.36044 15.8446 10.4616 13.1436 18.9806 5.56191 2.57666 18.88 4.83222 7.62439 7.52366 15.5074 15.5984 10.373 3.5846 11.627 19.6603 16.6267 10.1082 11.0075 11.3829 10.4227 11.5177 13.6731 11.0958 3.70266 8.51478 11.4374 16.769 9.94351 7.47772 4.88181 6.38459 7.73425 11.0559 14.7801 18.0033 11.2975 18.9589 6.96755 10.5268 4.95682 11.9413 9.65579 18.1545 2.54883 17.9828 18.1929 13.5368 6.78123 17.6631 2.26876 10.6226 3.53567 3.73317 6.56577 2.2029 18.1162 5.88048 11.8548 11.1491 8.44271 17.6907 15.5367 12.3471 18.1903 14.8042 16.6286 4.32646 4.87335 19.2677 4.19617 5.58487 17.8749 3.08167 12.2307 2.60806 15.422 17.9428 15.9718 2.58489 13.5055 2.18157 2.67505 19.8179 17.7461 11.8958 9.82556 4.82885 17.2048 3.27864 13.7961 13.1602 13.139 3.1426 19.9513 10.8712 19.7044 10.6385 3.19628 9.72961 9.60137 17.1697 13.9717 19.0989 11.6674 9.5022 8.6929 3.52046 9.41424 19.0691 7.63561 16.9913 9.51071 10.4714 13.2658 18.9368 19.2108 14.1731 4.01557 10.8796 13.727 8.39264 12.5043 16.8023 10.5488 9.18884 9.20473 6.20699 7.70714 17.7425 14.5548 2.86944 10.983 13.8334 16.5143 10.2883 15.0626 4.51224 8.56763 14.8301 19.637 10.9683 13.1708 3.56951 17.4474 2.59239 9.64478 5.82466 17.2759 3.23452 9.51332 5.38792 2.88077 18.6578 18.2868 2.45206 16.8784 10.1869 18.6907 18.2316 18.569 13.5522 2.34011 15.2795 10.7091 15.9292 4.85891 12.4993 12.2281 14.1731 9.44457 7.85229 11.8909 11.2488 15.8783 5.76024 19.9057 13.8564 13.9804 14.2034 10.4769 4.2515 14.5108 2.51372 16.3036 3.26138 2.51545 8.86346 6.023 17.4961 2.11725 10.4491 3.5998 5.75524 9.75286 15.3704 8.66008 17.6295 2.85463 7.20532 14.7711 9.29798 14.9779 3.27933 8.66621 11.5209 16.3733 19.631 13.415 10.8272 5.00526 5.67208 4.53897 2.8974 11.0144 9.54374 14.0722 11.1426 5.62673 7.16721 17.5677 7.47794 11.507 15.9904 9.04869 14.2914 9.55798 16.4296 2.90566 18.6086 11.1651 14.0065 7.73821 13.4522 16.8861 17.1805 17.1426 13.397 14.5857 11.8762 8.44438 17.3204 8.0167 13.7067 12.3766 17.3475 12.8451 8.8917 10.703 8.99277 11.1214 8.87102 12.7868 11.4956 17.1968 11.6136 14.1044 17.3523 12.0849 4.62162 7.7051 6.04278 7.26857 18.6302 3.61544 12.9528 12.9523 7.00188 11.1891 10.4913 9.75966 9.81729 11.4022 6.40366 4.87634 17.6601 18.0938 8.27915 19.6382 12.0983 3.15178 7.2549 17.5648 11.8596 18.6441 7.91441 15.8383 7.70351 2.895 5.38163 11.2275 10.9878 17.5071 8.61037 17.4575 8.93033 6.32831 10.8689 7.02398 15.5667 3.36431 6.42015 18.4539 11.4027 6.63627 8.39666 6.01027 14.7623 12.9839 4.8715 16.8434 5.83108 6.81374 6.12412 2.58653 18.3945 19.7929 12.1015 12.3972 12.272 18.4881 17.0749 2.44417 3.44647 6.9498 6.49153 8.83886 10.8882 11.2418 9.02172 9.0131 9.07507 8.91625 14.8016 2.54144 3.20779 10.434 2.87091 14.4091 2.1201 13.5298 14.8058 11.7251 5.88471 19.5236 13.5475 12.8809 17.1143 12.5761 4.42617 2.15408 12.958 18.8909 13.3798 18.7576 12.793 2.8608 3.36841 15.3342 16.6117 5.16022 7.98416 16.8961 3.104 9.78236 5.25595 13.21 14.4348 17.0221 8.64993 7.62776 12.7172 7.40391 6.26505 15.3619 3.18069 3.55536 9.22399 2.20643 19.0346 5.02566 2.25943 6.7036 13.0271 3.04965 3.4956 4.75516 6.69965 12.2572 8.42512 11.6795 2.33601 2.32753 7.08121 16.7137 8.60751 8.58958 11.4052 10.9615 8.91302 16.5668 11.8092 9.7858 7.41445 7.46792 15.9345 6.64692 17.7675 11.6228 16.6046 11.3863 3.5478 16.8633 5.97438 19.9551 13.3722 10.8505 8.87388 14.5884 15.7156 4.34539 18.3477 
4.0
13.9482 6.40356 5.61596 11.0217 15.9552 17.1438 10.543 10.6036 8.92861 5.21202 6.34495 8.63062 3.16942 11.6569 15.0814 11.115 13.3606 9.04852 19.2725 7.4091 4.98492 3.9379 13.9622 17.4338 18.282 13.1048 6.81942 17.1965 10.7446 12.595 11.2788 3.59732 3.15368 12.5465 5.7205 9.52533 16.1528 14.8049 11.6892 6.24313 4.36133 6.32778 12.1516 8.0608 13.0271 15.3778 6.79374 10.2989 8.21754 5.50563 15.3566 3.54025 19.5505 12.3212 2.01157 19.1714 10.4637 10.0544 17.7742 17.2126 7.02338 2.90476 11.9577 3.43661 8.27203 8.18018 5.66507 6.77768 11.1152 12.2247 6.3202 16.0283 14.7473 16.1354 14.2386 10.826 13.6167 18.2682 4.23667 5.92832 5.92922 14.533 17.2801 9.77784 8.69171 7.47778 11.1716 14.3554 16.2938 15.1614 19.2775 7.32294 19.6292 16.8159 14.2933 15.4551 4.75589 6.29817 8.04849 8.35987 12.0953 18.3295 18.3505 13.4888 13.1707 10.5253 19.8674 19.4355 9.88485 6.21388 14.0498 18.5237 5.33605 3.04322 11.092 17.6844 17.174 16.378 4.93212 8.62173 16.4941 14.4852 4.2909 14.2683 17.2715 6.50835 2.75017 4.52938 19.3334 4.2319 4.86998 14.3159 11.8711 10.6335 9.34496 4.86696 10.4909 8.22606 12.1997 17.3615 10.8036 10.1887 3.02299 15.8181 11.5538 3.28656 17.2417 4.28526 8.2881 7.58015 19.4331 13.3193 2.56165 9.92313 4.67642 18.7524 17.6848 14.2497 2.9436 17.7492 4.00801 19.6507 13.5292 19.1525 2.74638 7.239 4.5189 11.1182 19.3427 16.8038 4.29775 5.03899 11.3703 16.2542 6.09677 2.75769 17.9738 4.85135 18.5791 4.06882 7.85039 17.2303 19.4652 9.50992 12.7691 19.2105 19.1965 9.44166 15.6293 10.3956 9.63917 4.41701 16.0587 18.5618 4.82605 11.8395 12.5499 12.8361 2.73798 13.9106 18.1365 14.6629 3.12422 17.8661 10.6077 19.5601 18.3619 3.50135 6.26243 8.66375 14.3544 18.9862 14.2025 5.06252 6.46907 19.9683 6.16427 3.92051 13.5139 18.9655 18.8904 19.3895 4.75283 14.0482 2.03959 5.31024 10.961 11.8096 14.636 18.7027 12.5183 9.62545 5.05773 5.0453 9.54206 18.2035 11.564 6.34367 13.0594 7.42094 18.3618 8.9878 2.21803 18.4515 16.2113 16.3987 18.5361 19.1819 6.57058 13.4641 10.1918 15.9163 12.2791 11.7629 11.3509 16.3711 13.7805 4.57911 17.5349 14.9582 17.8845 2.70464 16.0263 9.3567 16.0675 16.031 18.3147 3.3751 3.3128 7.93037 13.581 5.10119 12.4892 11.4255 14.2211 11.3418 11.2694 2.14867 4.40798 5.35122 12.5867 5.09015 16.6938 12.8491 11.6315 12.1349 3.65029 9.32688 10.3864 7.38926 17.5488 11.6437 12.7004 19.2958 5.07875 2.91124 16.9022 10.5379 18.1058 5.66746 14.953 10.7334 3.46864 6.33973 7.13748 14.9166 8.81498 9.99675 5.29447 16.8101 3.47668 18.3897 15.5867 5.88555 7.38384 12.2821 9.80937 9.21291 15.018 19.0696 2.23776 7.09949 11.4043 4.68756 7.01418 19.5177 17.143 12.8089 11.0737 12.3217 9.47965 2.33012 7.60904 10.2538 16.4146 4.14708 9.07469 11.7388 14.8514 12.2192 12.7298 2.46862 19.7847 13.9234 17.7201 4.77497 13.5263 6.69627 12.6997 9.79181 11.9716 9.96618 14.9904 17.4065 6.90342 9.37387 8.28182 12.9999 9.33668 4.28229 3.86906 15.9761 4.90075 5.5755 18.4306 11.0807 10.2615 10.7466 13.3444 5.50789 5.58253 19.2749 2.54383 4.79767 4.02477 7.29162 13.9119 6.521 15.286 14.5354 3.21494 2.75462 2.17897 10.5965 17.5757 18.3447 19.2485 17.4497 5.48457 13.9599 2.42777 11.277 2.35094 4.93267 10.734 8.57892 16.5927 8.89087 11.0027 3.57471 3.26555 11.1772 6.66091 17.8922 6.23067 11.0586 15.5402 19.5463 9.86214 13.7241 13.728 8.2064 13.2929 13.0722 16.4585 5.75336 12.2001 10.2868 17.0422 15.1251 5.12909 5.20289 8.83469 10.4516 15.3573 5.46074 9.24489 3.47856 11.296 8.44919 4.78154 15.2805 4.43242 19.0383 6.13948 16.2627 9.80964 4.10077 6.32456 5.45235 4.04664 8.82272 12.8179 4.07876 15.8968 11.8032 18.7789 8.44231 16.3456 13.9429 12.2877 19.0729 13.2474 10.1222 14.6263 11.1774 17.5015 14.6677 12.599 17.3755 15.7664 5.60831 9.89198 7.726 12.7148 12.7203 8.47155 8.04052 7.82549 16.3612 19.0219 15.4876 5.71643 8.09304 19.4215 8.48507 15.0152 6.09428 14.2592 5.88191 8.76973 16.3614 6.38848 4.42891 17.3971 2.69883 15.5216 19.5385 3.17221 18.4987 8.86248 4.3338 11.2552 5.30879 4.77829 15.9863 12.2576 5.19051 16.5108 8.34301 3.34837 3.86507 6.92649 15.8427 16.8979 7.64923 7.30523 17.7208 9.66222 3.18 13.1689 13.5036 19.5052 6.92831 8.14854 12.7917 4.66085 15.5018 16.8905 2.33223 4.53368 9.73682 16.0019 7.38024 19.039 3.5791 18.0352 4.34914 11.4815 2.75394 13.5115 17.7502 7.97382 8.2252 13.9832 14.4213 14.393 19.4434 7.13575 18.0442 11.8771 10.3827 12.928 2.95159 3.86027 13.3677 15.7721 8.22282 15.647 13.688 15.7527 13.0685 19.5254 6.00313 9.88404 14.5046 10.4199 5.53558 2.40767 10.3154 7.08236 5.05357 17.1279 4.30514 5.82277 12.6424 12.7872 6.83976 3.77886 17.2653 16.4802 3.67646 10.7247 17.1128 16.1066 10.0832 4.41844 11.7415 16.8639 3.24674 18.4891 3.00225 18.7786 11.9703 11.8623 13.7565 14.2763 12.6596 14.7254 7.38248 14.7913 18.5986 2.03136 5.07024 7.41511 11.5136 7.54154 13.9055 12.5841 12.4275 19.4081 8.74299 17.8059 12.8018 8.29516 12.8683 12.4254 8.96839 7.0387 16.4495 6.42904 4.85077 16.8462 11.7771 6.28911 9.97339 19.0347 10.2936 10.8463 5.76074 11.3084 14.4119 18.2318 15.1253 5.57521 7.12271 16.8283 14.3445 14.3018 4.39105 5.26975 2.22685 16.4088 17.342 14.481 19.5671 19.704 5.23544 14.7555 19.8902 12.8554 8.22936 4.87294 14.4851 13.9027 18.9332 4.25526 14.7265 8.30826 15.7492 11.1622 14.6864 19.5472 5.00395 7.92561 5.03496 15.236 8.8676 4.22312 9.22936 17.8007 8.06351 19.3905 6.99286 14.6843 10.3661 12.7735 6.08224 19.0923 19.8881 5.11833 19.3446 2.27829 6.15667 4.00148 10.0629 12.3684 7.97887 12.2986 12.5912 2.72411 3.09588 2.69234 5.27803 8.84526 2.62646 11.2192 12.6799 16.811 19.2994 16.8557 14.0628 18.2608 8.47529 12.1432 9.19358 8.91339 6.95667 3.85225 16.4201 11.6262 10.5881 6.68571 12.0401 6.99251 13.6449 3.02092 17.9601 14.4784 3.01055 3.69109 4.64191 9.09874 6.14397 2.80565 14.3397 6.63174 3.83524 15.6097 9.62526 2.37328 4.75065 10.3824 14.2022 6.42977 2.76666 13.3748 15.01 4.55026 6.09312 17.7862 12.6162 15.4976 3.18534 11.7799 12.8986 19.9586 18.4454 8.53791 5.01556 3.99347 14.7124 15.355 6.6661 18.024 11.5418 4.77135 5.63868 8.36103 14.274 4.74442 4.64919 6.27092 14.8915 10.8602 16.4679 17.5811 19.6658 17.583 18.3358 17.8245 4.59273 15.5448 18.6692 7.9235 5.61733 17.8734 11.0545 13.4124 10.6474 16.5595 4.53112 18.1994 4.35658 3.86312 13.164 3.86717 12.7757 13.7591 13.9048 13.513 12.6743 12.4212 7.74265 15.1276 2.73026 6.74616 13.1432 5.51327 11.4887 19.9155 18.7778 3.74101 15.1107 14.9979 12.5405 15.1465 7.90963 9.58932 5.85523 10.8654 18.6782 12.4931 8.27142 3.90766 9.80305 7.43847 15.3488 14.7709 10.1698 10.8389 18.8311 7.59273 4.85572 14.5884 12.1095 3.84221 4.61295 2.89803 17.9742 4.55046 16.1395 16.1708 3.65555 18.0802 12.14 18.9157 16.1544 4.43443 18.1757 12.701 6.86116 15.1041 19.3026 7.14646 2.46402 15.4549 19.4997 19.9546 19.1464 10.6533 10.8859 6.9811 17.0733 16.1309 5.72551 19.3444 12.1666 7.58926 14.2236 2.57377 12.1698 3.54208 13.1098 2.79747 2.00157 19.3978 4.01171 14.9689 5.39821 10.0806 8.61676 4.13229 15.8455 8.19068 9.6236 18.7279 3.79937 16.7034 8.48238 8.93532 9.19589 7.20765 10.9241 7.05662 4.24998 14.6835 3.27895 12.9382 3.54344 13.8185 18.584 7.4318 16.402 17.863 13.4795 12.8946 12.5612 13.025 14.8946 11.7283 18.122 7.40376 5.52209 19.9573 8.79429 5.46261 7.08208 18.846 5.43079 7.04048 10.3747 5.55497 2.84903 3.90292 13.1221 9.83661 10.9428 18.832 12.5992 13.7693 19.0827 16.2551 16.0539 17.5309 18.8055 17.4133 5.91607 8.21169 3.79278 15.0682 12.7954 2.66547 10.1387 2.7479 17.2688 11.4006 7.90658 19.5328 13.4567 4.50967 12.9745 3.37923 9.38824 14.6382 14.1705 19.9833 9.15555 7.99265 12.6962 12.1829 3.8573 18.3873 2.83974 14.8996 16.3311 13.3303 10.978 16.6188 10.6751 5.14857 3.8674 16.4093 17.5587 2.15214 17.2244 15.4825 16.3218 6.83719 9.59424 6.28942 14.8641 16.1284 8.50969 4.1579 12.3225 14.66 17.938 4.46836 15.5381 6.09673 2.01751 18.3686 10.3122 19.4925 8.08294 16.0281 4.45103 9.6895 5.98005 2.43034 7.60009 2.75549 10.6691 18.7058 10.867 9.46047 11.1177 6.00245 11.234 3.79238 2.48203 8.8962 17.7586 11.5118 4.5783 7.3402 12.5647 11.746 3.64197 
2.0
5.03607 1.29874 7.44832 3.79068 4.0717 1.77625 4.38258 6.17041 2.04914 2.14708 9.58321 8.93003 9.36896 4.4394 6.58823 9.43816 2.81191 7.07327 8.27695 5.95595 6.11845 8.1755 9.07649 5.89145 9.44712 6.39835 3.29709 6.8078 2.21186 3.74229 2.09639 8.68534 6.79825 5.88248 8.57261 7.93761 9.6586 6.49927 9.4866 4.68132 1.28598 5.11261 6.11284 9.76016 3.5672 8.92031 7.71934 2.02254 8.01461 5.14024 1.17641 2.35325 9.37684 7.35643 9.19439 7.959 4.1285 9.36906 7.69021 7.40788 3.3387 4.04842 3.78298 8.92273 1.41854 8.69266 8.91831 5.42842 4.24748 2.38959 1.62175 6.85301 4.17859 4.88223 1.38092 9.18285 5.4228 4.43844 6.15672 3.77155 5.31192 9.22426 5.02333 4.4029 7.94068 1.68136 7.4372 6.60766 2.68763 7.40822 3.63487 9.73429 2.11495 4.04533 4.65976 7.27352 8.74715 7.66425 4.51783 3.93692 5.22872 8.1606 3.96216 9.98929 8.36063 1.15091 1.40643 8.33503 2.51582 3.87343 9.4673 6.85835 8.93344 5.5928 2.63574 9.51744 7.39223 1.0087 7.57719 9.6925 2.76257 3.1683 7.56067 1.28773 6.93757 4.3827 7.51683 3.08715 3.64307 6.64724 3.22485 1.86441 8.62647 9.06576 3.12824 7.74647 4.72455 1.77865 8.27962 1.33116 8.31011 6.89498 8.91433 2.05867 1.61758 8.92837 2.15298 1.33698 5.44756 4.23691 8.33291 7.92112 8.75015 2.96683 9.46852 3.04642 2.58731 6.00024 3.34057 7.81559 5.97409 6.40667 6.71434 6.33977 7.0987 1.89852 3.18669 8.13343 4.42158 4.79049 2.16205 2.26323 8.15332 8.96283 6.45732 5.75075 6.61151 8.32854 1.03567 3.72914 9.95649 8.30448 3.36921 1.85366 4.806 7.78638 8.93061 6.46614 4.22872 1.12772 7.31364 9.01339 8.61679 4.6226 1.48258 6.21941 7.93713 3.99241 7.65049 6.51158 2.86174 7.37652 4.28655 9.2008 4.27688 1.32676 5.75209 5.9154 6.6712 3.30589 4.06572 8.78911 2.90267 8.18996 8.29722 1.90278 8.84454 4.27454 6.09043 9.4802 3.41013 9.28493 4.81501 6.3376 4.45654 4.89015 3.84711 8.08725 6.06729 8.22099 1.47894 3.59487 6.71384 5.89186 4.95725 4.19093 6.79603 7.02658 3.15074 7.13595 7.06141 3.78805 5.34633 3.83958 3.40352 5.91191 6.67437 1.33373 9.53898 9.74397 1.66275 7.49944 4.06365 5.2817 5.41991 2.54782 4.38748 7.71947 5.94679 9.2548 2.0485 9.99785 5.07759 5.44978 6.90549 4.85668 8.54958 7.25825 6.70977 8.89214 5.70166 3.59826 8.5557 3.11771 6.30199 7.43083 4.71024 1.52895 4.00436 3.26424 2.32132 9.17235 5.93362 2.41225 4.50518 9.2179 6.89989 3.5062 1.31257 1.53576 2.74175 6.76107 2.07385 7.27661 2.29831 5.49534 5.62309 7.95616 6.51022 4.40491 2.9009 3.54335 4.14953 6.09075 7.43639 5.05256 6.67847 6.34063 1.20783 2.13973 9.73721 2.66462 7.38234 9.20238 2.76041 2.58455 6.43444 5.48346 4.22276 9.17742 6.14353 7.67923 1.0134 6.37261 8.97026 9.55096 3.43924 2.50312 7.3118 9.04056 4.35719 1.6106 2.13602 1.39012 8.93531 6.00437 4.49462 5.76535 4.54285 9.57432 6.41509 3.88295 1.2692 4.3577 6.67161 2.14184 3.57175 4.85982 5.93489 5.75832 7.55265 4.62869 2.80089 8.40517 1.36447 4.58354 4.19839 1.85461 9.24481 9.59722 9.67559 1.12515 3.67976 6.83256 1.06551 8.63244 5.19627 2.33261 5.03031 2.84389 5.28348 3.36477 7.98459 9.93734 4.94292 5.01885 6.8975 1.96352 2.36757 3.55905 2.47382 4.01247 6.24994 5.02978 2.21395 9.88388 7.21895 6.61548 1.85272 7.7613 1.90576 9.25428 3.67724 3.39025 2.1385 3.00557 4.22353 9.2603 6.76595 1.6715 9.85215 4.29099 3.61001 5.17238 3.70269 3.52166 6.04722 2.17599 3.52716 8.30525 2.71908 8.48078 7.9023 3.50594 4.87134 1.65298 6.32082 6.20071 6.82213 8.41762 3.66151 8.38483 8.05908 7.30349 9.53827 7.18122 2.46529 2.04193 6.02804 1.05377 2.17418 9.2196 6.27765 1.52452 1.55336 9.6851 1.48956 1.89472 2.81727 3.20957 7.78653 6.46992 8.7688 8.90111 1.45516 7.78881 5.16982 6.87313 8.06839 6.35604 9.24059 5.66668 7.98682 5.37902 8.7881 5.92657 4.73904 3.00845 3.46326 8.8315 8.7808 4.58293 8.6471 1.77802 4.13308 5.37738 8.46577 6.81842 1.39913 2.35538 6.43452 7.35259 1.66034 3.42544 7.23051 9.57364 1.75107 2.70117 6.09465 9.1676 9.41233 7.2653 8.3622 2.7669 9.82447 2.93774 2.62239 3.65778 5.01866 7.54737 9.00686 3.24167 4.66733 9.20791 9.10711 8.7504 8.75352 1.09753 5.02075 8.71537 4.61915 9.24252 5.0267 5.69056 9.89212 9.80477 3.38931 3.72955 3.79243 1.37317 3.7914 9.11632 3.31711 2.75896 9.89612 3.85008 9.8041 7.7949 5.53783 4.38391 1.37505 9.63847 1.04182 3.11736 2.75696 9.07887 6.17293 4.14294 2.98284 2.34794 6.21309 4.7465 4.47113 6.93506 8.66783 8.16157 9.98417 3.90589 3.10156 9.07752 5.96549 8.22501 9.6019 1.40173 9.75599 1.58251 4.37279 3.77556 5.18913 2.22444 5.95661 8.34432 5.06491 6.28726 2.58516 1.28105 2.00281 3.13601 4.15953 5.56435 1.17367 6.20664 7.35889 6.50993 4.41038 4.85198 4.37824 7.55621 4.19759 3.69185 3.79494 4.80381 1.04024 9.96691 5.0643 1.80883 3.71101 9.39649 3.14394 6.13022 7.87676 7.04036 9.74717 3.13086 2.60373 2.66428 5.72518 1.53275 9.24178 4.1096 9.0782 2.2259 4.18746 2.16669 2.09553 2.83128 9.02601 1.45227 1.12452 6.51765 1.55227 3.79071 3.46838 3.57218 3.17048 2.59912 4.91301 2.22515 5.17301 1.7765 2.38261 5.22845 8.39799 9.59666 4.22427 8.68798 9.7658 3.10512 7.62149 9.65 3.19457 2.5199 1.63652 8.94138 8.39445 8.13619 9.38168 4.76376 6.04091 2.23498 2.81957 8.54155 8.82688 2.49558 9.69214 6.52395 2.8938 9.41196 3.07876 6.64077 7.14161 5.21315 1.0831 4.11222 2.9176 8.78743 3.14894 5.31261 8.58419 2.11043 1.50496 6.38788 6.46565 2.67724 9.23833 3.12715 5.67364 7.43828 1.49729 9.58807 2.31175 1.7392 8.32256 8.97616 3.55888 1.76461 3.60774 3.27798 3.13158 8.98577 8.68856 4.14828 2.62522 7.11211 1.06101 5.55101 2.23416 6.04675 1.7285 5.65425 1.35076 2.34587 3.67777 1.47903 4.54329 4.68198 6.9838 5.80207 1.41284 2.81114 3.04361 9.81248 5.829 1.54403 2.43897 4.02222 6.04454 7.221 2.92801 7.93066 1.18898 7.19092 1.06568 4.94285 2.64104 9.79406 6.95325 3.04186 4.78004 5.34877 3.61658 9.71494 1.61614 5.64214 8.51338 6.6336 8.79956 4.42452 7.66935 9.58758 5.50866 7.40799 9.94318 2.17278 7.71692 1.26866 9.92057 8.73306 7.33889 1.15297 7.93704 5.05592 6.75496 1.18784 1.72971 4.32215 9.21507 3.49475 8.21798 7.80933 5.62139 4.20767 2.91307 4.84926 7.18979 3.99499 6.45656 8.5393 2.49031 2.58531 7.78771 5.70762 5.36647 8.79708 7.43982 5.63232 9.23356 7.57226 5.46539 3.01451 5.25577 5.51378 1.49024 3.70525 5.90225 6.42699 2.39653 9.68643 6.38209 2.36495 6.13468 3.80553 5.45816 2.67766 2.16418 1.76431 9.13994 6.56522 2.02333 4.86137 3.75517 4.63482 5.5279 1.98869 1.90045 4.96172 6.09864 7.38196 3.77075 7.15409 3.71777 3.62494 4.3678 9.92175 3.01429 1.40764 6.0874 2.64887 9.97829 4.53843 5.18565 8.47048 4.80411 1.7101 1.62406 3.35302 3.36237 7.51974 9.79358 3.67864 4.80103 4.2426 2.61756 2.83357 9.77522 4.85983 9.53356 4.30024 5.80606 7.84014 3.85412 2.75342 5.26834 1.17529 7.00639 7.66022 5.50717 2.16965 9.15073 5.88401 1.58345 2.48348 7.67812 2.7922 2.14831 2.93024 6.08662 2.36803 7.94643 7.52775 4.73654 2.82613 2.44828 8.3033 5.98471 3.23212 4.11127 1.35262 2.19756 7.62601 4.76975 2.65279 5.14308 4.14957 5.65402 5.12902 4.26174 4.67757 2.53815 7.47538 2.31633 5.45299 5.51674 2.22941 6.92066 8.226 7.91062 8.60066 9.44714 7.39703 7.80141 1.55306 9.8134 1.66358 5.69499 2.64133 1.64763 7.67106 9.81393 4.10117 3.33299 8.16744 8.51871 9.69342 4.43082 1.16189 4.35801 7.80211 2.98283 1.58723 6.24777 7.28644 3.19212 8.96642 2.27918 5.58661 4.98318 8.58281 7.65567 1.58363 7.94073 1.65439 3.25866 3.71295 7.12754 6.01194 3.34236 1.83209 3.28109 4.78103 4.85736 6.34213 4.88917 9.568 2.9032 6.06305 8.64435 8.64978 4.80981 2.36312 7.77745 2.66766 2.34788 7.04201 5.76979 6.32497 5.5681 8.468 3.94442 2.5886 7.76937 9.46895 3.43627 6.89454 3.09582 6.47721 8.04115 2.85719 7.26287 4.42852 5.4437 5.9827 4.91204 8.91469 3.32422 7.88616 8.09478 9.09027 7.84444 3.51267 5.3852 9.83311 3.01216 6.86236 4.12161 9.6588 7.4248 5.71932 8.2771 9.88905 5.89189 3.88439 8.45892 5.57396 3.43643 2.41192 6.53683 7.66821 8.17518 5.35034 7.4003 1.9611 1.57781 9.48679 9.34471 2.26059 8.60506 9.59547 6.58631 4.33118 2.22567 5.69003 8.40625 7.0857 6.81232 7.77987 7.42338 6.53104 8.91643 6.63021 9.49607 2.96775 3.9219 5.02623 3.75282 7.94356 3.07769 6.04102 3.25188 1.46082 
1.0
4.26238 3.01628 0.788708 3.43185 3.71279 1.38747 3.73043 3.99499 2.34286 2.98837 2.14815 3.87438 1.97674 1.50661 0.685573 3.20959 1.05026 3.7051 1.81981 1.71767 3.12324 0.760976 2.04267 0.732419 1.29224 1.56754 1.06735 0.831452 3.7537 4.24905 3.81049 1.80116 3.7674 2.63836 3.89962 2.68961 4.27045 2.96752 4.95605 4.19728 4.89153 3.52121 0.903101 2.15575 3.11558 2.50311 3.04972 1.34421 2.8489 4.86513 3.69951 2.39389 1.13461 3.34953 4.53517 4.53044 4.76852 3.49396 4.02827 3.90408 2.56535 4.84934 4.62445 3.25773 3.52542 3.6607 1.45403 3.68304 3.65162 1.26084 4.31796 3.21421 0.666896 2.42693 0.699199 4.50983 4.88202 1.44998 1.54948 2.37252 3.46381 3.1672 1.10146 2.85649 1.85372 4.70726 1.45623 4.21299 0.58684 3.19843 0.696296 4.92367 4.26123 4.68961 0.773842 0.571757 1.90775 0.534271 1.42449 3.30126 2.01014 3.48727 4.85639 0.613907 2.92566 1.76455 1.96468 4.25409 4.45592 4.31573 0.821415 2.43164 4.31832 4.05962 0.690824 2.13252 4.26768 0.832575 3.81996 1.7674 1.1184 0.799787 4.25479 4.40812 0.916934 3.57942 0.931576 1.86203 4.51471 1.82969 1.2938 3.83427 2.79137 4.54878 4.18432 1.92789 1.7785 0.837698 4.76302 1.23187 3.43364 1.37597 1.19981 4.74704 2.81475 2.36029 0.893025 2.39992 3.90509 4.656 1.46322 2.89437 2.33839 4.91149 2.77235 2.65122 4.77456 1.38548 2.71833 2.08572 1.67562 3.2372 1.555 3.97295 3.73216 0.529478 3.4875 0.651056 4.69013 0.694658 4.29296 1.8124 3.32802 3.21348 3.21672 1.6326 1.33442 4.75679 0.893741 4.48751 1.83604 1.04021 3.54563 3.50799 1.82603 1.14162 4.20286 4.22263 3.24272 2.53159 1.70253 1.03839 4.44882 1.06666 1.2114 3.30907 1.36088 2.19558 3.02441 0.741681 4.97926 4.12833 4.3885 0.890773 1.06842 4.71812 3.10194 1.49056 2.73766 2.80628 0.638902 3.375 4.67216 0.779987 2.54954 3.23572 3.2645 1.5929 4.88543 4.46791 3.89653 2.49871 4.90036 3.35398 4.12163 1.24758 2.27656 2.33525 4.49737 3.49545 2.1263 3.12142 4.31857 2.17623 4.01889 4.38799 2.50072 3.08692 1.78305 1.81154 1.36381 4.43559 0.834694 1.69295 2.06656 4.60226 1.2801 0.918411 2.94103 4.36266 3.04444 3.00846 2.9776 1.32492 3.77576 0.504792 3.71039 1.32908 0.774282 2.44502 2.75302 4.05957 3.69717 1.1753 3.7348 1.12054 1.78861 2.2509 4.38728 2.32403 4.88535 2.67455 1.0312 2.44115 2.94756 0.72282 2.71386 3.16607 3.86516 3.61028 3.24682 2.54289 3.28951 3.7416 3.39405 3.60542 1.24041 2.30153 4.46043 3.97991 4.73864 1.43277 2.53069 4.70056 0.713777 3.25174 3.60865 4.48802 4.93743 4.45224 3.40696 4.2407 4.7319 2.24696 1.53718 1.48904 4.70418 4.89695 2.85018 4.06261 2.25538 4.07893 3.67709 2.22018 3.11552 1.3405 1.2205 4.99255 2.65376 0.893249 1.34611 3.48846 2.71395 2.49377 4.52475 2.91317 3.22563 1.16253 3.67484 4.05011 2.34036 4.99064 0.655156 3.95535 2.84354 1.28455 3.15808 4.61494 4.59151 3.79856 4.25314 4.81518 3.22411 3.30534 0.831065 4.47576 1.90261 3.75422 3.69809 1.19579 2.32301 2.26741 1.07076 3.76274 4.25479 0.724192 3.72109 1.87425 2.35498 1.68284 3.02209 2.32284 0.50765 4.3906 1.64373 3.3935 0.938832 3.13144 2.14925 4.2242 1.85675 3.66173 0.741886 1.87922 1.36752 1.48387 1.91197 0.885495 0.916171 0.707693 2.23444 1.48171 1.50312 3.74985 4.06674 4.83039 3.92599 1.12105 2.89708 1.44282 1.79685 4.05122 4.59313 3.56689 1.08482 0.702492 2.80108 2.28782 0.934109 4.72015 4.24506 4.59175 1.00736 4.87145 0.67704 4.14229 1.60449 2.52226 2.22702 0.519873 3.30684 4.20175 3.90369 1.67405 3.89678 3.00476 4.4954 2.83869 3.80262 0.582268 3.62162 2.66001 4.31901 4.46959 1.6847 4.78757 0.852651 3.00257 4.97208 2.67808 4.94345 1.0716 2.15885 3.8622 2.81104 1.96355 4.46074 1.4241 1.17666 0.541631 3.18747 2.94401 0.610518 3.51307 4.44647 2.15366 2.15445 2.53474 3.7471 3.55453 4.47002 1.40663 1.75508 3.24907 2.76198 0.603267 4.94752 4.73479 0.727154 4.39297 4.41812 4.41122 1.7787 3.29504 2.58299 3.04975 4.29575 1.62477 4.53664 4.97645 3.14843 2.37647 3.30853 2.71765 4.24835 1.19424 1.76994 3.35851 4.87436 0.680744 1.4412 4.36444 0.523781 2.2938 0.949381 2.1154 2.53904 0.580928 1.88633 3.90313 1.25961 4.50171 1.81711 0.64126 2.94944 2.58813 3.68884 1.53825 3.24971 4.69272 3.38987 2.48332 2.90697 0.574658 2.70947 2.89518 0.52675 4.07371 4.94774 1.28373 0.60246 0.622127 4.42607 3.27458 3.06975 2.84434 3.6479 3.8465 3.63622 4.99464 1.85988 4.53178 2.63655 4.98268 2.26344 4.82939 2.16302 1.73692 4.12676 1.58117 2.72139 1.65589 4.5471 3.06077 1.66218 4.89745 3.11351 1.52559 4.63737 0.755816 2.72001 0.98154 2.83248 1.37661 4.27908 3.41073 3.72401 3.55967 2.08555 0.71204 0.612299 2.39985 4.58091 1.60455 4.67976 0.515659 1.76802 1.24391 2.32454 1.61581 3.02614 3.8016 2.01951 4.15364 3.57646 1.25702 1.94671 1.81947 3.34791 0.652513 2.15712 2.12076 3.99342 3.06132 0.505898 2.30029 4.30661 4.01832 1.61293 1.34209 0.788731 4.16378 0.598826 0.815374 4.61618 0.849884 2.34629 1.30629 0.75824 3.46026 2.03685 1.18759 4.49534 2.69229 1.21306 4.47622 1.58762 4.05241 3.11599 4.02873 3.84391 1.81422 3.04817 0.824641 1.84113 3.68956 3.01194 3.08765 1.54402 4.96238 3.3731 2.9948 3.07535 4.33562 0.800089 0.723417 4.88643 0.740869 3.72841 1.5861 4.07803 4.86098 4.60056 2.00344 4.12175 4.61558 1.13126 2.56475 0.731746 3.8594 1.34819 0.926636 2.13678 1.5436 1.15795 2.79942 0.502785 3.58988 4.18758 3.77156 4.75571 2.22759 0.651391 2.72185 2.05483 1.5436 1.99314 4.06956 3.16642 1.4952 3.05369 2.1125 2.98779 1.13579 4.51402 3.7029 2.47175 0.803466 3.3636 1.51124 4.2015 1.0226 3.14422 3.62794 1.86578 4.86816 1.21911 4.75296 1.88456 3.54305 4.81757 4.72325 2.93506 1.41825 1.60491 4.62818 3.12809 1.78589 4.02776 0.762758 1.08492 0.575227 3.18491 1.16878 2.16444 3.78148 0.973347 4.01391 0.590732 3.35756 1.25982 3.05857 2.73105 3.81873 2.82777 4.46081 3.77416 2.81007 0.849601 3.16897 1.05914 4.38695 3.6344 2.15234 1.30445 4.25828 3.90102 4.71963 1.48754 3.24276 1.32653 4.67535 4.12469 1.6879 2.12015 3.56411 1.70141 4.10202 2.37242 3.25277 4.50308 4.74912 2.42991 3.1005 1.59606 1.45664 0.54527 3.96675 1.2092 3.88609 4.05259 3.30706 4.26568 2.51658 1.81831 1.60683 3.31529 4.09126 3.71734 4.40289 4.6171 0.77665 0.884747 4.14306 3.6225 1.28481 1.9927 2.63353 1.60863 4.70847 3.80284 4.32416 2.71219 4.81901 1.74413 0.681667 2.61373 4.57733 2.2659 1.90068 2.62217 2.60763 3.21653 1.20272 1.90986 3.38409 2.99729 4.47308 1.64797 3.88037 4.74175 1.48553 0.792222 3.9321 4.27047 2.46497 3.76913 2.06218 4.57112 2.73796 1.81251 1.51905 0.55401 3.72116 2.20047 1.77773 3.83296 2.49759 4.14272 4.75389 1.78161 1.73088 4.56834 1.98074 1.61509 1.66732 4.56387 3.49875 4.24711 3.47587 0.711884 2.70842 4.67238 3.67602 4.07982 0.935781 3.12452 4.40356 3.60935 3.96087 2.25924 1.26422 2.15601 1.75908 1.61304 0.525208 1.42932 1.20541 0.587167 4.89468 1.08323 1.49158 3.20708 1.63902 0.706987 4.50606 4.40723 4.78809 2.4664 3.92696 0.591259 0.678319 3.14545 4.77787 4.21761 1.5837 4.83834 3.69651 1.66046 2.68469 1.54194 4.16634 0.596131 2.12497 2.39855 1.46104 2.66482 0.906124 3.83914 2.55183 2.65776 2.87019 2.87693 2.22777 2.97976 3.52013 4.3014 3.1789 0.637133 1.42815 1.52263 1.29225 3.00101 2.98194 0.816067 1.41078 2.59607 4.71878 1.21773 2.80522 3.16462 4.99759 4.31969 1.60872 4.75611 2.25879 2.21608 3.46451 4.09199 4.62211 4.34935 3.63636 3.456 3.5723 2.00704 4.33195 3.35986 3.98265 3.21887 3.98918 3.73426 4.72652 0.804253 1.27527 2.39538 4.12663 1.82016 2.54887 2.03666 0.992362 3.65941 3.53497 0.996081 2.49487 4.54939 1.46272 1.54875 0.630106 1.20104 3.91621 1.97493 0.519755 2.85836 0.64802 1.65341 3.80003 0.998235 4.10576 3.43032 3.34837 4.93069 3.42144 2.01332 0.598057 1.54947 0.613812 1.14112 2.69065 3.48313 0.753464 3.27852 1.71641 3.39636 3.34095 1.08667 1.29251 3.19183 1.64773 4.4189 2.72924 3.36238 1.27 1.5918 2.53401 4.24359 1.64547 1.18175 3.5033 3.41672 1.28294 3.59687 1.15247 0.512137 1.95488 3.67426 1.73353 2.66299 0.602786 4.05277 2.09066 1.35941 2.70552 1.07104 1.10378 3.953 0.860496 3.94097 4.4699 0.561804 1.82773 3.94663 2.5724 3.62556 0.786859 3.91849 4.68822 4.86146 4.05698 2.23306 1.28289 4.87021 3.52939 1.08795 0.643515 0.642525 4.06329 0.802308 2.59957 0.716011 2.59424 4.89261 1.58168 2.73242 2.20564 2.17388 3.26821 3.14532 4.91305 4.63633 3.06977 
5.0
4.52084 5.62284 19.4643 2.89589 17.3361 14.4891 17.3092 9.86831 18.9227 23.2607 19.3381 13.2692 14.9529 19.9535 18.747 23.5686 17.8661 17.2736 4.06647 24.2517 12.7756 20.3047 22.1439 21.1125 19.0893 13.9708 4.96415 4.44798 11.5925 4.02394 24.0581 15.4021 4.74388 10.3074 16.2486 12.7108 18.935 23.5446 4.48449 23.5972 7.46141 4.40323 15.013 5.06701 2.9579 3.58472 17.1394 11.8545 22.0457 9.18896 9.32468 7.26902 9.44336 5.10475 15.3716 3.19132 12.7897 4.17538 24.4479 22.971 14.4303 22.3897 21.1981 10.974 16.4168 5.3487 4.6924 15.0302 7.46882 10.757 7.46445 23.0321 3.14871 5.69055 13.3861 4.93311 12.9997 9.88879 10.6307 13.897 13.3964 11.323 10.9737 20.3469 4.85868 2.78944 24.1818 7.66554 7.57773 15.7784 21.2394 3.29539 6.40589 5.36828 10.1633 11.4891 14.0587 24.8949 10.6553 16.4608 16.2803 4.1469 6.3423 22.1872 12.721 19.8358 20.8547 5.10958 7.2789 12.0918 13.9925 15.986 4.15329 15.735 14.2297 14.6438 20.8615 17.5718 3.8055 11.3826 16.9685 13.467 17.6549 8.77764 19.7797 6.44077 17.4259 2.63348 8.24576 24.5417 24.3352 8.33827 16.3315 12.2448 4.61213 11.3682 17.0968 11.6248 13.7793 10.6924 3.74075 14.5551 3.5224 8.82844 8.8585 14.6822 22.3973 4.79763 5.66133 22.9252 11.6249 23.7316 17.4093 12.7507 17.2243 14.3783 18.8067 8.97368 19.7336 8.25947 23.1112 16.3327 22.7684 11.7273 6.20442 24.0917 6.66894 24.6723 16.3769 7.91609 5.98396 17.1318 8.57512 7.77524 7.04358 10.0474 21.8615 23.1195 14.3694 23.9249 13.8373 6.58302 4.67278 19.1428 15.7791 12.4622 4.69076 19.162 12.2367 16.2187 11.6102 22.8861 6.34546 23.7591 14.8296 9.92146 12.1004 9.23863 17.8086 4.98831 7.34409 7.64109 3.75607 10.2316 16.2165 13.3841 13.9053 19.1827 17.3186 11.1995 12.1275 11.1214 3.83833 15.5391 19.633 4.58824 4.38954 17.2565 13.5109 23.7972 8.31399 6.31288 5.35545 11.6987 9.19612 14.26 18.7316 15.9436 20.3407 7.74711 21.7278 6.49632 5.96331 4.30388 5.84638 11.15 9.34405 16.6488 19.9826 17.6904 16.6936 16.7726 13.2411 13.9617 17.9827 21.0476 15.3403 19.5814 5.98402 15.1116 13.3546 8.05645 14.7775 22.2784 8.5448 23.0494 6.46784 11.7222 17.0261 5.04524 22.3659 17.6888 3.02422 14.6681 24.8817 8.4813 3.46901 8.89898 3.88151 11.4716 5.17653 13.9434 21.2572 10.3871 13.3686 8.49961 24.9585 8.62261 7.78017 23.6773 6.23823 22.3284 22.6052 20.8164 16.3607 14.5227 24.0297 8.45664 9.02244 6.48009 24.1028 4.70719 14.7363 17.6455 14.6963 13.7669 5.92836 2.82295 2.80149 5.34469 3.99726 22.8902 23.4139 20.7308 12.0872 7.78875 6.25618 11.7677 9.82334 23.0388 2.58904 8.97232 21.2599 16.0302 18.3595 22.5576 19.7919 20.8385 4.93732 2.60534 18.7788 22.8161 18.6898 4.6391 21.6321 11.7095 20.6435 9.34735 22.6147 9.55121 24.9847 15.2072 24.6043 17.0775 22.6473 10.2583 17.5687 24.9213 6.23889 14.2778 19.0046 10.8309 17.5543 22.6045 7.58906 24.1634 3.92739 20.3646 8.79394 8.90384 12.1709 10.847 6.21314 6.46028 11.3537 24.2797 4.85278 6.9832 8.16598 5.75577 10.1343 22.9612 16.1229 21.0605 23.8604 13.8415 24.8555 4.14828 23.3938 10.4262 3.23992 2.52051 2.79919 22.794 15.114 9.25329 19.6976 12.9968 8.83248 22.9259 11.5843 11.282 11.9096 9.1996 22.8585 4.59039 21.9994 22.7966 21.3176 13.5793 10.4649 6.12987 12.8626 9.4207 4.78378 18.3327 15.6677 19.1255 13.543 5.93936 17.5617 3.14263 7.77089 3.96556 17.8736 11.4835 14.8573 13.6397 7.48984 22.1223 21.3116 18.0342 10.8749 12.9214 10.6081 11.8476 21.3053 8.33201 12.3703 11.5866 20.5654 22.1206 16.6423 12.3989 4.35746 19.8704 11.9983 15.3059 24.6731 2.50836 23.74 23.5868 12.8789 19.6075 5.93179 19.5617 24.7642 11.2148 3.52424 23.0262 18.802 6.9543 10.8149 17.5861 11.3727 18.6558 9.99732 3.64209 12.7009 20.2584 21.048 9.27544 24.7548 3.74049 16.7011 2.78355 22.3587 9.82375 6.26099 10.6162 18.7682 9.70378 7.00282 24.4623 24.4588 9.05544 4.41102 23.7365 22.8766 3.06373 2.50552 12.2168 19.4024 18.7301 18.006 12.5821 17.2789 8.20418 7.08395 7.60047 21.75 9.39075 5.95264 19.2177 16.1638 22.5823 24.045 21.7961 11.2882 19.3668 16.0295 15.7537 21.5892 5.06094 11.4136 2.85424 24.7221 10.919 7.98531 9.39686 5.48631 4.86644 22.8429 11.0569 5.49177 24.5097 19.7619 18.1268 9.78947 3.67087 16.6505 17.4068 19.2142 23.6978 24.3426 6.99724 4.69021 10.7997 7.97872 22.7403 24.7502 15.6583 17.2251 10.0625 22.5167 6.56422 24.0803 24.9672 10.8966 19.8283 19.5198 10.4284 4.73843 3.71922 20.229 14.4337 3.70271 19.6759 19.173 5.92879 14.5951 24.5453 3.75547 19.9115 11.9124 10.096 7.81472 12.9267 5.35141 16.0567 6.20772 2.71147 23.031 5.43016 23.2323 8.24062 21.6764 18.3333 16.1367 3.9226 5.01721 8.11131 17.468 11.6959 24.1477 23.4786 7.5072 4.77558 3.60003 5.43413 23.0429 16.8007 11.8809 20.2023 18.7331 17.6316 20.2205 16.9499 9.80422 17.0478 15.7844 21.5274 12.3384 2.59626 8.0988 12.4866 17.3989 15.3402 7.43813 8.12293 10.2428 14.7581 8.92591 15.7938 23.3719 16.543 16.0983 12.2615 9.67193 19.5525 2.68069 11.3127 19.3889 3.15919 3.82692 4.90191 17.1936 6.2507 10.5717 14.0715 3.08467 6.63128 16.2459 13.3964 20.8782 17.073 23.6042 10.2048 20.5364 4.26738 23.9166 19.8234 13.084 24.4279 4.27189 15.5991 11.8616 24.2925 16.8444 22.445 18.8684 16.2761 6.37376 5.16265 22.4413 9.02477 14.6075 12.7893 17.5231 19.6187 7.95625 5.22054 14.768 21.1769 14.6121 3.35832 4.73507 17.1114 19.8799 11.5346 23.4194 5.78223 13.4713 15.9601 15.3719 4.30295 20.0114 2.94848 23.1559 7.74609 11.5094 8.16631 16.8927 7.49935 5.54043 5.65772 5.14405 12.5221 22.8918 7.89508 10.8835 17.2522 5.92139 5.60472 13.8047 17.4134 23.879 6.11815 5.21818 17.4727 11.4406 23.9987 9.28599 18.4989 19.2059 12.6936 14.3439 20.1704 19.908 18.4609 5.56176 3.18456 24.0866 5.32312 20.1918 15.8167 21.474 14.7945 11.6544 15.8798 6.84359 19.135 6.2126 19.3342 11.5717 19.3793 23.4833 4.29847 17.162 16.8911 19.5374 9.20982 9.48317 4.69258 21.3375 8.88543 4.9691 12.3198 13.7632 7.23399 15.0321 12.9532 17.9746 20.3676 4.9389 19.0733 12.3636 6.36429 15.9 17.8921 22.3431 22.9304 11.6212 5.31006 7.72414 16.7142 23.0687 17.1475 8.93097 20.5189 17.6963 11.4027 23.3036 4.66691 21.8866 17.7843 5.23892 23.764 12.8541 3.26997 23.9191 17.6141 18.7614 4.93967 4.87819 20.034 10.7987 23.8348 11.6568 21.8196 3.47596 6.09282 21.2939 16.6107 14.3777 12.6066 14.9077 15.9082 7.13116 3.46005 12.1132 21.9904 8.83677 13.3885 15.5284 14.9798 8.21219 9.5148 11.6183 10.3108 5.6987 5.11045 16.6264 17.8474 24.2807 13.1326 21.3447 3.90156 24.7681 8.28619 3.471 24.9016 6.79161 21.3613 18.8044 3.96116 14.2607 17.0961 22.5288 16.5989 11.535 16.8156 16.8339 16.8578 24.0578 4.5947 18.6244 5.07576 14.7031 10.6978 16.0673 18.5558 24.5854 23.5429 15.2262 23.8873 4.582 11.442 8.03474 14.6669 23.8189 20.3659 7.85679 10.8709 11.3688 21.485 6.3853 16.1265 9.9125 14.7355 20.6287 11.6351 7.61321 17.1605 16.2352 20.4948 11.9534 14.7774 10.905 6.17358 16.7847 24.2196 9.1408 21.3833 8.84115 5.40431 4.58521 11.1035 24.9643 18.9757 16.1972 23.5059 23.7924 9.77291 12.0155 7.52947 10.6615 15.0744 24.2607 18.3553 21.9699 21.3666 17.0246 9.53252 2.75589 20.8889 12.7977 10.5041 16.2372 9.20313 16.5846 3.28355 9.06465 2.53947 18.8572 4.53131 21.0378 18.6668 21.0961 4.28228 18.0339 10.0389 5.16929 20.0733 11.8996 7.96626 15.2994 7.72094 6.05574 16.5625 3.86821 22.5003 3.06454 5.21696 14.8097 11.9731 17.9103 10.8426 18.3405 16.7176 18.2426 23.6486 15.7783 2.70748 5.33253 5.18933 20.6982 11.592 21.9916 4.93779 17.6774 10.1265 8.70397 4.13515 22.3768 12.5028 14.2212 15.6653 6.71156 14.3303 6.86985 23.705 15.3587 19.518 17.8225 21.899 12.353 13.8055 20.0809 3.81124 9.02096 8.69601 4.42256 6.90087 12.0022 9.53866 16.0602 18.7739 5.10887 9.01159 5.76356 4.45999 21.2735 17.2554 24.1951 20.9653 23.3338 4.90716 5.70729 2.84976 9.90609 17.7842 7.85416 17.5806 20.0964 24.4691 17.8646 11.9105 3.29925 3.04466 12.3291 5.53223 15.3348 8.22907 11.3496 23.2571 9.67321 5.16189 3.40145 24.4705 22.4977 21.0901 22.1593 21.1113 20.3548 18.7049 4.03473 12.9281 6.64266 19.8783 22.6779 21.2594 15.6878 18.5506 11.6911 7.59047 5.65899 9.01832 21.8062 3.13466 21.5692 5.87219 11.2736 10.6907 9.61609 21.8356 13.2158 5.0249 14.1093 14.7535 
5.0
3.51432 21.0448 9.33311 18.5026 15.2096 4.41126 5.90876 4.28509 21.202 23.1927 6.08753 16.5387 16.7657 10.6296 17.457 4.67305 16.277 11.4862 11.5037 14.8146 12.7029 9.28498 24.2977 24.6444 19.7949 19.0597 8.00804 4.37844 5.73744 6.87601 6.9974 12.6404 22.0019 7.36887 17.2474 23.4774 21.1556 23.0484 12.8637 13.2675 4.87567 9.12295 15.9115 3.77094 18.4182 22.5895 18.3305 5.07296 2.79247 6.84208 14.6808 4.66962 10.8898 10.5476 21.9681 13.9462 11.3183 19.5392 7.79937 3.29802 11.1921 20.4772 8.11861 7.14417 14.1257 15.0274 18.2725 5.08335 4.68354 18.3078 6.15621 17.9426 15.5348 7.8518 13.6894 24.9688 18.5628 14.3395 20.3723 5.91184 11.1802 5.3468 7.67129 6.75181 16.5983 23.3617 10.4857 15.3174 9.30251 4.31825 9.44364 18.0477 24.4819 7.8983 12.7783 24.1462 12.6645 15.8505 24.0344 23.3778 13.3077 7.07724 19.3546 23.7574 6.09297 5.73868 13.0963 22.8828 13.6766 23.625 20.5278 14.1581 17.145 20.5455 18.8553 16.6615 10.425 6.4862 7.82944 4.90438 24.8996 4.28384 23.6824 19.7338 22.9786 19.0685 5.14476 21.627 9.37414 3.22341 17.7923 15.1291 11.3317 8.11201 15.4732 5.68261 6.56593 16.3232 5.06541 2.60007 12.6513 5.68383 18.3135 11.9292 11.6186 8.78859 14.4962 7.96049 13.5057 21.7979 17.6738 7.12735 22.6138 21.2532 4.76558 8.04902 7.71879 10.1596 5.70727 11.4659 22.4875 14.5865 21.9388 18.8174 14.849 19.5352 21.9719 20.7128 11.5714 12.8253 2.78814 9.04402 14.2933 13.2467 15.8163 23.9914 23.26 4.23146 11.2407 22.1719 20.0161 9.29128 6.88928 4.68046 10.3015 5.47383 7.95127 11.2726 3.40357 23.5861 3.77576 14.4411 6.71436 18.9352 7.99978 17.1341 24.2422 18.8377 18.2566 5.36677 2.82925 18.1448 19.2143 14.4746 7.32324 16.5369 17.6941 5.25979 5.95512 6.33479 8.6189 11.2805 19.6713 12.0783 18.042 6.03178 16.6709 13.1232 9.50596 18.7701 13.3985 8.00494 24.981 15.2297 10.7418 6.82052 9.13439 4.48196 24.1839 7.87773 3.17888 23.1869 16.6613 14.8619 22.0521 8.48799 15.3767 15.7704 8.67566 20.7987 18.8169 24.8644 11.544 17.7321 20.2258 18.8889 11.8941 22.9233 23.7824 3.80915 19.2044 3.49359 19.7338 20.8161 18.7747 7.40803 19.7339 12.8482 7.63509 9.47525 6.13584 12.8815 17.5361 17.2398 8.99135 12.737 23.7679 20.5171 7.00347 18.6558 21.0604 20.8211 23.6854 12.3914 7.81268 16.9344 24.974 9.07032 24.9032 2.87099 12.0485 20.5696 12.8297 11.9815 5.60422 3.16202 15.929 15.951 22.8315 3.17943 24.9276 4.93965 13.3496 16.9428 9.0715 12.6157 12.8455 3.71069 14.0864 7.33091 8.16816 17.8944 22.2186 20.689 20.1277 21.7919 13.1048 7.25616 10.2495 20.0878 11.7231 9.16467 5.23359 9.87255 22.1731 6.85863 22.8689 4.92786 16.0373 7.23252 13.153 10.5304 9.07112 20.4123 5.86618 5.02313 12.4741 3.92901 3.35165 6.90354 4.9907 10.5351 12.2498 13.6804 4.59141 10.9133 22.938 3.74722 3.48366 10.0277 15.4257 12.5241 2.70302 18.3681 2.95427 24.1164 22.5344 24.3364 12.0518 4.74145 10.0135 24.0256 10.2933 21.6727 14.7579 7.14167 18.0162 8.95152 14.3787 22.818 10.2399 23.6165 8.222 21.5718 2.54188 13.7002 8.19065 24.6539 17.1374 9.24398 5.3957 24.5409 7.91546 5.07971 13.8883 10.3191 3.1791 19.1296 22.7216 16.7125 4.84112 22.4733 2.59241 5.50191 15.3248 22.4328 23.3136 18.0878 23.4197 17.4248 20.8659 2.94475 5.3424 14.8305 12.78 4.21926 19.7526 10.6333 8.09903 2.71964 2.97423 9.57387 5.67077 5.54874 18.1711 7.07276 24.5199 13.1291 24.7287 11.6707 20.0508 9.87099 11.5899 6.73662 12.3296 12.2323 10.7967 20.1926 10.1972 5.42201 24.9864 21.0075 12.4621 4.99543 15.0932 13.7069 7.42252 7.09244 4.50477 4.65172 4.47003 18.5681 18.4237 8.83378 19.022 20.7659 4.68469 18.4391 22.0347 13.1839 17.2758 11.9287 22.8467 13.2826 21.3156 14.8873 4.10142 23.6864 5.73535 21.3891 12.5011 23.0271 9.91562 12.1317 11.6395 14.18 8.02864 13.087 3.16588 6.14262 22.3355 3.42015 22.5279 8.30593 4.18829 21.4258 20.5458 3.36851 11.4876 7.23211 24.5653 22.6428 18.845 23.5223 5.44207 20.0042 24.2002 10.5237 24.1051 5.73281 13.1441 9.01439 16.4507 23.9974 17.196 7.59733 15.3162 7.73253 7.28688 10.4925 10.7846 17.1575 16.1966 22.0959 22.5679 18.1887 6.19727 4.55711 13.2218 21.9939 10.6511 22.1231 13.44 11.9393 20.8132 21.0009 20.6782 6.67934 11.5903 20.9873 19.8586 23.139 5.00336 10.1158 24.9049 18.1385 2.60604 3.57184 17.356 22.4108 23.1082 8.12499 18.3114 5.76127 8.95443 15.8292 12.4557 24.6209 18.1071 15.7402 5.41317 10.7409 14.7855 12.4009 23.1831 22.2806 12.9093 17.3438 19.9044 23.5378 20.9971 24.8618 20.2008 14.5715 24.7706 5.7959 12.3559 4.46754 18.7135 20.5904 8.56839 19.4965 7.83511 12.8665 13.5375 22.4145 13.3899 14.7626 2.62803 24.156 3.80135 10.2926 10.8662 16.67 9.54125 7.9719 6.51465 8.14817 5.71402 18.9604 10.4786 14.3959 23.5961 19.4739 22.7912 17.5956 7.3804 21.2123 14.9292 16.213 12.3758 13.5559 21.7089 19.7956 13.4119 13.7791 6.51225 22.4141 9.69847 11.5316 6.09248 10.9961 9.89051 21.3372 3.71038 19.8027 21.1079 6.86045 14.3504 17.2971 8.16038 3.19052 10.7669 19.1563 14.2276 20.8928 16.6102 11.1756 4.24427 13.0779 17.8835 8.31476 4.74002 6.73892 18.9787 13.6375 11.385 4.6051 7.04343 23.3935 12.9901 6.2642 15.9273 21.9927 8.21219 24.8018 8.45877 23.1223 3.71474 20.2084 15.802 10.7564 5.03337 8.30395 5.14346 16.3082 11.3965 18.9303 4.45904 5.67478 3.25086 4.66077 23.111 14.9243 23.7426 3.77759 4.52488 5.87597 5.40306 6.26691 24.6971 15.3227 5.78939 6.58124 5.28154 24.1459 8.33104 6.9196 10.0076 7.57337 19.6306 4.77522 10.6768 20.3293 24.47 21.0007 11.4911 12.9272 12.2719 22.1411 2.95965 20.3552 18.7658 18.284 4.1369 14.4043 14.1098 10.1778 24.4402 15.8884 8.71653 21.8672 23.7974 5.50782 5.53541 5.09612 17.3751 4.60481 12.5388 9.22889 21.1363 22.0619 14.1638 20.4382 6.97816 13.5926 2.9594 21.4111 13.7008 22.1751 15.1878 12.8225 20.0549 15.878 24.1319 7.82615 18.62 19.3291 17.357 10.8132 9.26322 10.0763 21.6781 14.1887 13.4272 18.5916 19.5818 24.4149 7.99879 15.6674 15.8541 16.0731 15.0077 3.45524 18.1624 5.19224 20.905 6.39726 10.3427 5.59548 6.67179 18.3005 19.6427 14.5144 10.0083 6.80313 19.1689 16.2206 5.85225 8.9842 14.2896 14.925 21.4784 14.3649 9.24231 18.1945 24.9272 6.5532 22.6968 4.6365 3.01397 17.2807 6.02291 22.101 15.168 24.0823 13.0136 22.6499 9.3521 17.8681 24.813 8.04439 18.8117 4.13808 3.79943 24.4994 8.40422 16.5895 7.67366 17.9563 11.7589 19.3668 15.0023 11.1221 8.01607 24.2036 13.466 6.02765 21.8968 6.20812 24.5631 5.85225 8.35298 12.0406 8.51797 9.76628 5.54661 21.7335 20.6447 14.5415 4.91017 2.90386 22.9157 11.6786 22.0363 11.1092 14.4856 13.8029 19.648 10.0951 19.92 9.0769 8.89858 8.1853 13.8793 12.381 2.75211 4.56551 18.5079 22.0116 12.6935 4.20836 24.7781 5.64633 10.0189 22.6919 19.0392 16.828 20.4562 24.6603 13.5221 3.21482 3.36559 9.67719 24.548 15.349 21.7699 9.2216 9.69327 17.1927 16.9655 6.07646 22.6588 7.18168 8.96311 12.3597 12.0945 11.0461 14.0084 24.9478 18.1288 2.64969 5.43304 4.54232 12.8535 11.5955 19.0857 24.6283 3.51362 23.8503 9.59291 16.576 4.65191 24.1356 8.70058 22.1347 2.95918 11.3367 11.9449 19.5693 16.0791 20.6796 9.9036 9.68946 9.1182 6.42485 17.7777 13.0213 17.6113 23.8293 24.5525 11.8716 15.6916 24.1258 7.9896 6.03483 13.2159 16.2694 4.19794 13.3925 10.5952 21.7026 18.036 4.15512 2.57988 13.3871 10.5932 4.9969 19.7507 7.85304 20.002 24.3329 16.4642 6.5169 21.8299 12.4887 21.5031 22.5159 12.8008 3.01285 22.6827 24.3103 14.098 18.8818 24.1612 9.8036 5.49561 24.8471 17.7061 19.73 4.07123 4.67606 14.1649 11.5594 6.24802 17.0336 11.3912 10.1702 6.9172 16.2582 22.3761 6.53937 16.8905 11.7793 17.3343 20.7005 22.4327 14.9277 15.9956 2.71931 10.6242 9.38859 3.85108 10.4362 4.30393 24.0473 21.1046 22.7273 5.3418 4.47693 8.07975 7.03229 14.9918 11.8195 3.33095 4.90044 7.57502 17.8089 8.2106 21.8036 3.74227 4.68706 24.1407 24.9674 7.06762 21.2619 3.83984 15.4692 17.7213 3.85887 20.2549 5.855 21.973 3.41414 11.9486 4.52211 13.7754 19.9609 16.1908 18.121 14.6772 18.2583 23.5068 15.7237 13.3169 23.3123 4.92846 23.5105 15.7462 14.5399 10.7025 23.7236 15.3338 12.3257 14.2022 6.63879 5.99907 8.2206 7.29549 6.80434 5.02566 20.0337 20.9172 22.2979 6.70563 13.0665 14.5967 8.25065 13.0633 13.7395 
4.0
15.0981 18.9801 11.9781 5.41944 16.1901 10.0082 4.5716 12.0925 13.7505 17.4263 12.72 5.71288 12.2007 10.2036 4.45415 15.2669 15.7116 10.343 17.8819 3.19658 8.70349 15.8833 16.0036 19.3429 2.22884 19.0336 9.91184 4.52176 11.2374 2.44065 9.37274 8.73273 7.72487 12.5891 7.79089 5.00075 2.76348 13.3347 10.5568 9.85049 14.4163 14.5697 7.77704 15.4136 2.53375 17.022 8.38759 12.1688 13.4331 16.1863 18.6495 3.3147 3.46076 2.38844 10.0278 19.7755 16.4376 19.9824 11.4528 18.8395 3.98651 6.68042 10.9649 17.4302 17.7436 16.0155 17.741 19.0109 8.4516 3.93694 5.50539 13.1211 14.936 16.5388 16.3217 2.54644 13.9644 13.921 19.7691 13.1213 15.9889 5.18318 4.50027 5.16423 19.7703 17.5515 5.18299 19.5459 14.886 16.6382 19.8239 9.39012 5.12059 2.83428 6.47563 14.408 7.73878 4.83429 4.32603 2.86413 19.6418 15.2946 10.1711 2.17617 13.406 3.62411 15.27 5.14713 8.20478 14.9081 13.5832 2.83036 8.6129 3.96432 8.39361 9.02746 18.2939 7.53272 8.30982 13.4189 11.5702 15.5971 3.65311 16.3276 15.8761 18.8404 4.22656 10.1151 8.09347 7.23204 3.4673 6.21079 11.7702 18.7486 3.9814 8.7738 8.22183 13.2273 5.46174 15.9877 12.5156 12.352 17.9885 3.9881 17.3376 10.7719 19.7129 10.423 11.7421 9.3539 11.9227 2.64596 11.785 17.5667 18.4921 7.5421 4.03848 15.9984 2.71305 7.98687 8.98972 14.0065 16.5101 10.9377 3.32182 13.5014 15.0376 8.15844 16.0777 13.8617 11.6606 18.5765 11.7067 12.9829 6.31727 5.27308 18.9944 13.4594 2.26513 18.1058 10.8744 6.89799 12.2098 12.9646 12.1239 17.3657 8.8165 4.66017 11.9417 14.9689 8.60428 4.44503 14.4084 14.5669 10.2233 3.168 19.8305 8.61666 12.1149 9.06088 17.9666 13.1515 10.5542 5.15829 2.13656 19.8924 5.07552 15.3502 13.2136 7.49151 2.28141 18.0672 6.49888 2.90935 9.0333 4.59888 18.4795 3.92414 6.02575 11.0447 12.4687 5.7743 18.7433 6.89761 6.12913 14.9336 6.80006 9.26111 3.87885 5.0193 12.6623 17.6982 13.1804 3.83275 2.75368 12.7141 9.71251 14.5333 3.94324 8.87058 4.42424 13.9445 4.41649 9.53473 5.47272 18.9936 5.92903 16.259 10.0431 14.2836 2.44309 11.7948 17.0514 19.798 2.14692 15.739 15.7305 19.7385 11.8569 5.81281 13.0984 13.4957 10.8026 19.774 19.3099 17.7524 12.7944 14.9612 17.8908 10.7197 9.77421 16.4718 19.8543 7.50569 3.74899 4.97238 12.7018 5.61778 10.1067 3.1415 11.3047 7.59684 5.3156 9.74603 3.67024 3.78472 8.00586 6.34978 16.5897 14.2245 14.4344 9.65521 4.16941 18.6935 13.3323 16.4778 18.2446 17.869 17.1352 12.3533 3.67631 18.6271 10.596 16.7777 19.5305 6.47393 5.78136 12.0804 13.1408 4.11018 14.4499 16.9294 2.05331 9.12794 18.8142 7.47027 6.85472 17.8407 3.68463 19.0971 13.883 18.2462 4.99696 5.85674 12.8211 15.1216 3.72211 6.48585 10.1729 6.25223 16.159 14.0804 9.62303 8.79232 11.6101 8.39848 4.27844 18.7593 8.43987 15.7954 7.79331 2.66044 15.5161 7.79196 7.37672 2.25235 8.03361 7.27567 9.68309 19.4335 18.7216 15.3342 8.5854 14.2694 11.4327 19.7221 9.83127 7.1505 14.1162 3.96054 13.5819 6.08325 16.1724 2.06895 17.8336 2.11355 17.1917 9.9306 15.7225 5.88327 2.07465 14.2902 13.7117 8.31955 13.5363 4.38474 7.66154 18.4568 6.99241 11.2067 15.7824 7.39181 18.8288 3.40078 15.4706 19.3711 9.05374 8.79252 9.02686 9.01168 17.3326 2.55063 11.2576 7.65447 11.4059 2.98152 3.95944 15.8502 12.8899 5.95692 10.2858 8.97856 5.45961 18.9742 9.99715 10.9998 12.4157 5.84966 10.5932 11.3395 10.633 3.04431 13.3287 3.90579 13.8924 2.62286 9.11139 13.2397 10.5959 6.84528 13.2834 8.79816 16.8634 11.3912 4.28499 4.36966 2.01385 16.2171 9.20096 9.62313 19.4276 19.0466 3.19059 4.78926 11.7925 18.4929 9.79972 19.4748 19.7331 17.815 15.1559 18.6097 10.8215 2.30553 11.0465 18.5269 3.97216 7.31276 13.8791 10.1751 12.2187 15.8942 14.5255 4.46422 10.8744 19.1036 12.0476 10.7439 12.0743 13.9111 14.3073 11.4144 2.7015 19.7551 14.4576 13.6708 6.69501 14.7283 6.31827 7.37958 10.7413 16.3952 11.6329 18.0883 14.3482 10.2439 2.20955 12.168 15.3017 4.76912 13.9441 5.08824 11.5059 6.18925 11.7262 3.82549 10.2051 11.7957 18.2281 8.40357 17.5893 12.9351 11.5764 9.56751 17.7823 16.6243 14.9066 9.58993 4.21244 4.79845 8.80048 3.21036 18.3667 2.19136 17.6059 17.7073 6.92668 9.84925 18.6402 5.10306 10.2885 11.2769 7.27554 9.5016 7.46467 6.21693 10.9078 6.55893 2.36899 9.06145 6.80767 18.0865 18.4846 2.89707 4.85511 6.78722 10.9142 2.18232 16.1562 10.1247 10.8141 17.0581 6.54287 18.3248 7.20964 18.2906 5.95582 19.5101 7.19484 19.8477 4.70965 4.96766 13.5139 18.1075 5.64131 15.5489 18.5262 12.6999 7.14109 4.2028 5.55334 9.98127 16.0665 9.64162 2.60973 18.1414 9.53907 2.13964 17.5156 6.94362 16.6236 4.46455 7.39304 3.09796 4.8908 10.9418 17.5444 6.26644 12.8621 19.6515 12.7141 4.70174 15.338 6.75852 3.73309 9.51847 16.6082 13.9752 10.5455 8.59731 2.54592 16.1567 14.6192 11.1219 12.5837 10.0295 17.7383 11.7486 16.5727 9.05222 18.1785 9.409 19.5251 7.41018 3.26617 17.7454 7.23843 12.1416 3.31892 4.17883 11.8033 8.39743 17.97 18.6102 17.9941 10.8338 3.87493 16.7538 7.54187 12.1369 4.80143 17.1044 6.29085 17.6816 19.1016 6.53636 17.2369 13.3217 9.56744 17.5357 10.4494 19.3137 10.6688 8.06561 14.8758 5.37365 18.1742 3.06392 15.0288 17.8659 12.1551 2.57397 3.55652 6.12541 14.3715 7.50808 18.6956 4.9128 9.04226 10.0438 13.6067 16.0018 5.99655 11.6531 16.5933 11.8998 3.2092 5.76406 15.2029 16.7013 19.7183 6.05606 5.21121 3.07424 9.92607 3.38691 15.4894 10.3784 10.2818 4.35338 9.75364 6.91753 5.3485 16.4844 16.1979 9.32412 8.25178 7.06699 8.00914 18.0764 4.51169 6.60509 11.766 12.1488 2.25738 5.91118 2.71952 11.7947 17.8246 15.8307 9.95705 2.46284 5.73592 10.5992 8.44908 16.8452 12.064 15.8327 2.97866 6.059 2.17722 8.15 6.95372 12.9608 19.8687 13.429 15.1022 8.59359 2.86762 16.6946 15.05 12.7666 19.7337 16.6406 10.7819 3.76832 19.1342 17.7832 12.9846 4.21147 18.5042 5.24826 5.27375 10.0119 3.08893 19.1912 3.30282 5.49935 12.3699 13.849 17.7551 19.6616 8.87274 14.2263 2.21847 16.5213 6.35898 3.41291 10.9433 6.64521 16.3997 17.5352 17.4825 10.787 2.33249 7.33964 15.2152 10.6621 11.6012 15.4097 12.7524 3.8562 9.4782 12.0152 5.22609 9.8655 17.17 10.5941 2.46103 18.2708 5.3049 3.86839 15.029 14.0436 19.8044 17.5911 7.18623 16.9859 9.13651 2.92772 5.69363 18.3017 9.95252 8.469 13.5196 3.30209 16.1062 10.8778 7.42572 15.2432 8.05624 7.16792 10.4356 17.2965 7.65072 17.6161 14.186 11.6521 5.29542 8.30677 12.1611 10.7549 2.50411 12.3096 8.80955 13.6737 16.8321 8.48973 13.5441 14.6029 4.19226 16.9513 10.6246 16.497 13.5544 6.11292 3.92305 4.83809 7.02688 16.417 19.5721 16.536 2.32118 5.67103 3.49591 6.9613 6.59964 19.0221 18.8244 10.1113 2.70555 8.56399 14.1894 6.90838 14.7763 13.5776 17.9048 14.6318 10.2394 8.40356 11.0281 10.4818 7.19102 2.94772 10.3064 4.27658 18.1576 8.82001 10.0036 17.2824 19.2401 6.10556 7.61161 12.1761 7.64163 9.76878 14.4436 17.1408 12.5767 10.6904 6.11069 3.09414 14.5644 16.3371 19.881 9.04936 16.1043 2.06404 11.9215 2.6094 2.73405 16.0505 5.42307 6.59354 19.4714 14.8676 16.6081 14.7971 11.6379 14.6797 19.6209 11.8837 15.0656 9.07801 13.3006 16.4106 2.68701 4.54717 18.8379 11.9866 8.50734 2.56477 17.3135 9.56302 15.96 9.33358 16.1197 15.8572 15.6444 10.1465 19.2653 6.90909 7.44727 7.38466 18.5625 5.77032 10.046 5.14774 14.6976 3.32651 14.7953 3.51777 5.18302 19.252 18.9967 11.4553 2.19409 6.09773 3.5506 15.3285 17.2869 19.5115 7.99105 2.07521 3.99995 15.5916 5.90388 9.99745 19.3383 4.37267 3.72708 18.1892 19.1407 10.4449 11.9343 7.59661 16.329 11.7057 5.60091 4.71131 17.0414 9.24422 9.35338 8.89627 13.6473 3.35883 9.70075 10.3447 7.64599 10.7073 9.7495 17.6715 17.4474 5.58982 19.301 14.138 8.03625 10.3649 7.33172 13.5089 3.51849 19.9978 5.85644 8.54242 13.551 3.74222 14.1741 19.1132 16.6538 10.9546 18.4964 14.9678 9.40513 12.0409 9.95959 10.1136 4.51969 5.53679 10.0187 13.8397 4.809 4.32024 4.22465 9.37115 16.0252 17.957 9.3842 5.15591 17.5873 4.17916 13.1029 5.78458 8.19056 14.4959 10.7105 19.543 9.29833 2.93765 4.56949 3.59744 17.5169 8.93314 10.7663 7.81304 4.85315 3.3185 10.1853 4.20456 11.855 18.4799 14.9655 5.02031 18.6347 13.6289 7.34078 10.4587 16.7747 6.21007 11.8615 11.0178 
1.0
3.93061 2.04986 1.88967 2.32127 3.42456 4.04792 3.31204 1.05557 1.69995 1.87985 1.4464 4.1008 1.9579 4.77098 4.87209 2.09552 3.05587 3.1472 2.01447 4.0248 2.43238 4.48793 4.19163 3.22648 3.3383 2.0481 4.09284 3.39152 1.62491 4.69942 4.93858 3.30854 3.83841 4.14068 1.07224 1.10247 2.3713 3.22727 2.23345 2.21738 4.42018 4.16975 4.76304 1.89339 4.50035 3.85168 1.98968 2.88779 1.76699 3.01646 4.54808 3.19023 1.39295 4.57344 0.878943 0.982119 2.25324 3.27305 4.16046 1.0901 4.66612 0.501147 3.42151 2.68371 4.44087 1.44251 1.08643 1.96719 2.48213 1.36339 4.20155 3.11537 0.700981 3.76333 3.09319 3.70378 4.48257 0.645983 2.70748 1.88282 2.46042 2.65919 0.881704 0.546164 2.34742 4.35414 1.29731 1.74318 3.57334 3.81367 4.86458 2.58562 3.47915 2.39972 4.28894 3.89838 3.3178 4.86995 2.06887 2.36437 2.81179 4.11341 4.67552 4.41364 3.51732 2.2555 4.1639 1.10652 0.74504 2.88192 3.46577 0.760951 2.28751 3.63185 2.11412 4.57401 4.20329 4.91024 3.14932 3.98749 2.40761 0.969231 2.95692 2.04763 1.81977 0.608772 2.28704 2.50909 2.81709 3.2463 4.70547 4.93291 3.24559 4.60562 4.72636 3.52873 4.73723 2.77487 3.87656 0.991099 3.08384 2.38372 2.94161 3.57994 0.917687 1.14959 4.1434 4.19514 4.44866 1.54311 2.99938 0.695289 2.00811 4.82267 3.61351 2.21059 3.14934 3.18811 1.14879 3.19984 1.0547 3.80357 1.23148 4.00163 4.49938 1.4395 2.03688 3.62961 2.12179 0.983727 4.30686 3.06197 0.750596 2.07178 2.04892 3.275 0.538425 2.08625 1.16697 4.77083 3.65217 1.77535 0.773718 1.84929 4.76997 2.24063 2.43472 0.873903 1.63477 4.54373 4.59401 1.78206 0.914646 0.682436 2.43146 3.5893 3.61961 3.18573 4.40173 4.6377 3.82517 3.07805 4.70483 4.3385 2.95251 2.4627 3.93839 4.15879 1.35528 2.47436 3.68153 1.10234 0.963043 2.85074 4.26037 2.93462 3.23136 1.87343 3.44521 4.40192 4.64855 3.42784 2.8293 3.19463 1.04901 1.93228 1.6393 3.90462 2.98326 1.38619 2.72734 3.22685 1.39459 3.28753 1.49479 3.65502 2.85235 1.66929 4.99755 3.92139 1.59187 1.00514 2.48312 4.43083 3.11106 0.734225 2.1092 2.93886 2.57357 2.65511 1.09399 0.723938 1.26872 2.93883 4.04811 3.50385 4.87794 2.51117 1.73818 1.34626 1.29791 2.05393 2.53199 1.82338 1.27035 1.87552 1.77539 1.66078 4.56845 4.40052 3.85076 2.63036 1.98989 3.52851 4.6671 1.93745 1.90656 3.61198 4.33188 4.35204 2.62091 2.80336 2.75435 4.33418 2.7789 1.52128 2.93069 3.40349 2.58966 2.28586 1.66061 2.0028 2.60168 3.17322 1.44575 4.10602 2.2858 0.639084 0.819609 0.81999 0.674698 3.96157 1.35916 2.73066 1.30907 0.553082 2.12814 1.74324 1.24047 4.89135 1.80189 4.16662 2.34077 4.31961 1.72393 2.29183 2.16828 1.96597 3.14411 3.71474 2.64044 1.53182 0.888435 3.65279 2.76328 3.69949 2.71053 1.50595 4.66738 2.90897 4.57471 0.911795 3.70057 4.75381 0.620747 4.54471 0.827238 3.24615 3.06022 1.40922 3.58426 1.20087 2.25454 2.8775 4.34362 3.98894 4.22465 3.721 1.13159 2.40984 3.84224 0.886243 4.75465 0.933175 3.95278 4.76468 2.98197 3.55938 1.68003 4.70679 1.03457 4.54962 2.6623 3.53028 1.13109 4.2748 2.4703 1.77237 4.34028 2.93369 4.95664 1.43632 0.989998 1.39027 3.28697 4.48202 1.38298 2.38013 2.40277 3.81075 1.06916 0.836065 4.16581 4.99408 4.4247 1.58277 2.43412 4.49691 0.787588 3.65072 3.8198 3.14463 3.39993 2.95917 4.3783 3.08447 4.90687 2.11828 0.979438 3.99095 4.66214 2.6004 3.61002 0.765445 2.09028 4.03049 1.35809 2.97998 3.35544 3.84568 1.32888 1.81507 3.08687 4.07398 3.24231 3.74177 1.91107 4.98213 1.96222 2.69782 3.54052 1.34253 2.20716 1.00795 2.66909 1.56945 2.69292 4.79834 1.92406 4.47421 1.45658 0.655183 1.62485 3.38965 2.11229 1.27742 0.598297 1.91363 0.788679 4.8736 1.30065 3.02175 0.99785 1.05291 3.49616 0.799137 4.68609 2.96028 2.24232 4.04147 4.21617 4.40573 1.43174 3.97502 4.5313 3.73772 4.64073 0.845956 1.25073 2.2108 3.53439 1.62871 2.44698 1.59726 2.07847 4.60349 1.85472 3.293 2.30779 4.553 4.7613 2.16755 3.40135 2.82819 0.828892 4.40814 2.81405 2.03325 3.0983 4.10802 1.71504 1.07969 2.42439 1.84887 3.48278 1.85958 1.59319 4.52732 3.00662 2.78791 0.870575 4.1757 0.545167 3.9641 4.73268 1.0268 1.89116 3.70269 2.52785 1.07292 2.59308 2.1831 1.82034 3.86894 3.48333 0.968566 4.16553 0.829583 1.26312 0.644246 2.0669 4.27082 1.39394 3.32441 3.8646 1.44542 1.54572 4.27882 3.30562 2.32258 1.85158 1.92821 4.04564 3.36183 3.71925 1.45891 2.33257 4.53088 3.94914 0.806695 2.12159 0.817827 4.40904 1.75961 1.872 4.48733 3.51543 3.43012 4.77559 1.33101 3.27151 2.84624 0.666687 0.661987 2.61176 4.91192 2.86385 1.30351 1.80325 3.48652 2.69321 1.82178 2.1535 3.33344 1.44343 3.25292 3.27507 4.18785 0.502333 2.074 4.65669 3.19363 1.42512 2.66831 4.79112 4.45943 4.68432 2.03471 4.6096 1.98378 4.85124 2.99113 3.97294 1.19952 2.45925 4.12224 2.46931 4.88719 3.29849 4.7212 2.26858 1.70765 2.89239 4.47564 1.78334 4.60388 3.40575 4.64766 4.88662 1.8218 2.23448 3.99811 2.93615 2.80034 4.02697 0.704906 3.85533 1.18061 4.38711 2.52551 2.5208 1.18419 1.50895 2.45358 2.70669 1.6106 1.99301 3.11975 2.83548 2.7039 0.594194 2.18651 1.78551 2.13839 3.6514 3.98729 4.50512 4.87351 3.94873 1.15966 2.68347 4.12786 3.75835 0.522609 4.72795 3.22233 2.81497 0.948095 4.79826 4.04242 2.97205 1.97661 1.14711 4.86965 4.7895 4.92695 3.01761 0.832158 2.8032 4.25013 1.34721 2.72442 4.22596 2.87737 4.5284 4.44608 1.33031 4.31236 1.97592 4.80999 3.26282 1.71747 1.75074 4.96932 3.54006 2.24432 4.99056 1.71383 2.47627 3.3583 4.89704 1.38532 1.29259 4.40733 3.52964 2.66218 1.658 1.68478 3.6561 4.46307 3.91186 0.73643 4.90952 0.7198 1.71809 3.16169 2.00219 4.76929 2.401 1.65886 0.745919 2.11468 3.21277 3.56461 4.62913 4.80564 2.28258 4.13753 1.20053 2.68773 1.49732 1.83587 4.50939 2.77095 3.56402 3.83943 2.85259 1.46747 1.00387 1.56552 3.07815 4.4484 4.32787 3.92915 2.69549 1.8698 3.64421 4.59729 4.54237 4.71774 0.947149 2.48729 4.25832 0.522622 2.83767 1.25951 2.31491 1.69249 2.92569 3.55394 2.35247 4.21562 1.16393 2.22112 2.5736 2.98216 3.86346 2.29711 4.94321 2.97493 2.14084 3.97261 3.94529 1.57942 3.04691 2.80623 2.14627 2.76285 3.12726 4.93194 0.814993 2.37239 1.16428 1.01057 3.84942 0.802554 2.85091 4.67555 1.25989 4.78173 1.64597 4.72271 1.95907 2.5278 1.06118 4.29429 1.10849 4.52296 4.12981 0.80701 1.27182 3.65763 3.80696 3.37437 4.12465 0.99358 3.55147 4.47304 1.97106 4.89609 2.8395 2.60335 2.8167 1.28534 3.85973 1.69405 1.24857 0.756908 1.1402 3.00106 0.871487 2.8214 1.35683 0.750448 0.551071 1.01324 3.57349 1.77556 0.713496 4.11858 0.663819 3.89822 4.95181 3.77235 4.16461 2.80413 1.18891 3.17451 4.81087 2.6624 1.14716 1.17534 1.5025 1.2392 0.87468 1.47992 1.95262 1.25555 4.0782 4.2218 1.76757 0.739301 2.51265 4.65575 2.70849 0.621186 1.17729 1.21961 4.88459 4.82506 0.568583 1.71543 2.12803 1.60225 1.23963 2.85956 0.800475 4.8601 1.41629 3.95206 1.28125 4.73457 3.41991 2.91511 2.88715 0.657057 4.1467 3.95063 2.97393 2.1653 3.35379 3.06705 1.46936 4.20849 0.501901 3.22519 4.088 2.19641 4.9046 2.85327 3.97753 4.04285 2.9343 4.98111 2.54682 0.953086 1.53482 4.24342 4.22555 2.70547 1.79063 3.50225 0.90554 4.67726 3.80271 3.83861 2.31366 1.36448 4.62107 1.66317 2.06643 3.64601 4.9839 4.19616 3.15624 3.54176 4.61334 2.56636 1.61921 1.21503 1.81795 3.77928 2.63467 1.96895 4.15175 2.30442 3.80637 3.48712 2.87994 1.53177 1.87516 2.56836 3.50128 1.84729 2.61352 1.1056 2.07705 2.57774 4.65155 4.55893 4.11671 2.05444 4.48471 1.67278 2.77015 2.54632 2.41318 4.18722 4.07664 4.31207 2.66279 4.79343 2.52036 4.52137 0.937703 4.08331 3.64262 3.29535 2.15467 0.743218 1.46067 1.11615 3.10893 1.24183 2.94321 3.3556 0.821758 1.76219 2.79248 2.67308 1.81965 3.12785 0.783059 4.53251 3.09519 2.4732 0.90722 3.58843 0.999465 4.40789 3.57701 3.19132 3.31623 4.4254 2.1329 3.76198 1.76761 0.805818 3.90915 2.78507 1.70156 1.26266 1.60571 4.1718 3.21083 4.08388 0.716907 3.24178 3.43366 1.01704 1.76661 3.57393 4.28613 4.14859 2.60015 4.97665 0.876085 4.52728 4.98287 0.827047 2.34872 4.28174 0.755247 0.529303 1.91383 2.98219 2.79472 2.84223 1.80472 3.4963 1.53414 3.32595 0.918664 3.58917 2.28686 2.15765 1.3891 2.51745 1.62846 1.06661 4.83944 2.36763 4.08511 0.638239 0.568461 1.88846 4.87858 4.73734 1.91744 3.06746 
2.0
7.89522 2.59205 4.12921 9.73874 9.58304 7.98414 9.6938 9.5789 7.0193 3.39463 3.27163 2.29554 5.3365 7.14641 7.64181 2.94504 4.48871 5.8177 7.20832 1.86556 7.25759 8.10063 8.61737 1.95939 3.10609 8.13238 7.47237 3.69804 4.3797 6.79912 9.64661 5.34989 4.3555 5.51248 3.69355 4.93056 5.63877 3.95874 5.85479 8.37588 6.40728 6.32066 2.16569 3.43761 3.00324 4.47199 8.15867 2.8017 4.37293 5.64458 7.6641 7.92929 8.85391 1.06819 9.20893 6.12033 1.80999 6.08298 8.51289 5.29988 5.61379 5.22457 5.58247 3.02703 6.47695 4.78187 8.9024 2.22651 5.62804 8.32744 4.22491 6.14295 1.3381 9.72063 9.45657 6.01779 5.29383 8.08328 4.14285 1.98881 7.81844 4.24814 8.0503 7.71242 4.44019 1.17992 7.34635 7.20848 7.30854 3.86895 2.87687 3.42786 9.95795 5.19763 5.04127 1.04263 8.91943 7.27936 6.76532 8.95892 5.67958 1.77028 2.07163 4.0524 2.48749 3.65359 9.74778 4.62644 5.5091 7.99649 7.61206 6.09296 3.82934 9.17989 6.87693 8.37587 9.80192 6.10069 1.11011 4.53722 3.2467 6.84672 1.29332 7.12596 8.99479 1.34435 8.47869 8.74941 6.28127 5.4788 9.54279 7.36733 7.48561 1.18703 9.53841 1.80872 4.71966 2.02333 6.14384 7.01117 4.76339 5.69756 9.70998 3.48297 3.84821 9.08605 5.405 5.48781 5.78805 9.21516 5.95663 9.45219 6.95792 3.71744 1.49223 7.0954 6.62036 4.26056 8.97641 4.78228 2.09931 4.44879 9.74632 8.59852 9.30182 5.69717 4.64465 6.64866 5.0873 6.57837 2.25022 7.07681 2.98451 5.14216 7.70629 1.30988 5.75611 9.70757 7.64647 1.02362 1.31099 8.62765 9.71832 9.33122 6.46414 2.52699 6.20458 2.69462 1.04422 4.51178 1.24209 9.05841 8.84883 3.85262 7.13836 7.70647 5.94736 5.63991 5.28576 6.34119 2.83157 6.91196 2.17339 2.88541 7.91374 3.7557 4.99663 7.50696 2.87257 6.88011 2.36431 3.3659 6.34667 7.16226 8.60357 3.58441 5.47574 3.66598 5.1623 1.93929 2.78939 8.63329 8.60936 1.77719 2.9436 6.94835 8.73236 1.65242 6.80489 9.57421 6.23311 5.18749 8.3821 7.46206 1.52077 5.65625 8.10584 1.43329 2.10261 3.7897 1.95558 4.53409 8.07244 9.3045 4.93445 3.36278 7.19673 3.65405 5.39161 8.86974 2.09832 3.50231 7.69236 3.13005 2.03782 4.42022 5.73586 2.58874 1.79272 7.30482 8.82051 8.27872 6.13405 6.02098 7.35702 9.51137 5.40078 3.76584 8.92905 9.53978 5.67183 8.65584 5.20165 5.69463 1.03577 4.03649 9.1772 9.49275 9.45816 6.01468 5.2991 3.21833 5.74654 5.71379 5.90312 8.47679 8.11306 7.75133 2.51634 1.22127 7.83485 7.43933 5.50384 1.75184 7.51192 1.2073 5.56291 2.18732 1.4228 7.74792 5.56509 5.90975 1.47786 5.38533 1.24573 3.48158 5.27017 6.16614 5.24124 6.53543 9.72416 1.17304 1.97404 9.13655 2.84183 6.56108 8.88511 7.11795 1.04664 7.8166 5.51425 7.88817 1.62512 4.73888 4.92792 8.2117 7.76601 8.64433 1.99484 7.46205 4.6972 5.29344 1.00915 6.84751 8.42025 5.04033 1.16125 8.10954 2.54251 4.70499 7.35639 7.1938 1.70704 9.66813 7.88073 5.39389 3.12005 3.68875 4.41527 6.46769 1.6761 5.94431 8.89725 4.22638 1.18086 3.79359 2.72933 1.09613 8.1716 8.76216 6.83637 8.15244 3.83533 6.25059 6.06988 4.12708 6.52452 1.46525 2.46014 1.8878 4.37062 4.07177 3.81593 1.89057 5.49505 1.07115 6.17197 8.1046 3.31803 3.39862 1.584 2.9099 5.46495 8.74499 6.77149 2.46757 4.77041 2.10081 9.10807 8.06273 4.87996 7.52311 5.4595 1.92009 5.94949 6.6248 3.36945 9.99222 8.94219 7.28673 7.09278 2.2204 7.0233 6.09245 1.97662 3.76819 4.55244 1.98554 4.689 7.72766 5.17357 2.64969 3.79517 8.79821 9.50267 1.11136 2.18162 9.43814 8.91306 8.06513 3.82765 2.98878 6.91832 9.42173 3.42475 1.27134 9.65298 6.57869 1.34346 3.15641 7.95072 8.91362 3.44804 7.6061 9.52036 1.00024 1.25871 3.68881 8.71944 6.04697 8.96157 5.06674 6.42545 7.05824 8.76616 7.45597 3.50475 9.2184 7.11072 8.55922 8.37909 4.99836 8.21506 4.97132 9.18989 8.48481 8.48107 6.55724 5.06007 1.43213 7.24101 9.80287 1.95357 2.53699 2.35326 6.63839 4.63255 3.43555 2.14591 6.23433 9.21225 9.92332 4.20789 2.27027 9.81344 3.89773 8.5278 7.17623 5.81261 1.52332 6.4804 4.84665 5.18975 5.11954 4.16073 6.32709 1.47386 6.27133 3.56593 5.97357 9.78601 8.66223 9.12468 4.58452 4.48017 3.13017 1.07427 5.00548 5.88162 7.44604 6.18542 2.70636 5.62304 4.31471 9.33465 2.8314 5.07826 7.09888 7.42439 5.22181 9.39367 5.76552 3.15069 6.91102 8.61727 4.55493 6.11861 8.59259 4.42538 2.87254 9.80526 2.56084 5.94701 4.90329 2.87052 9.62403 8.18593 8.44869 1.31536 7.49032 2.54027 4.48658 6.98789 7.12625 5.91996 9.95347 4.93701 2.588 4.96163 3.24962 4.11373 5.82523 8.84135 9.96666 8.92014 8.95762 8.18486 1.33803 7.1061 4.52402 6.5756 5.91189 5.51345 5.20429 3.16029 6.94687 1.16805 4.5138 2.85223 8.0303 9.21931 8.97057 4.63221 1.41928 8.22749 2.23507 8.44714 5.60419 5.29863 7.72266 9.20624 5.5951 9.56708 2.18874 9.375 7.43062 8.52577 8.78649 9.6667 4.40954 5.70408 5.0973 9.33164 3.54506 7.19339 1.63387 2.54402 8.74173 6.52027 7.31593 2.38644 1.19501 8.36736 3.41863 6.93211 2.51346 5.64183 2.49361 1.92469 9.06366 4.39161 7.76272 4.55575 9.03773 2.06918 3.48432 8.83998 5.7435 4.64305 7.79239 8.08794 6.61741 6.05692 3.50811 8.97659 9.45995 6.53643 3.42429 5.71735 8.39389 2.24368 2.56226 8.82189 6.04502 4.77924 1.90161 6.96561 9.44569 5.032 9.08241 1.44868 5.1609 2.87655 2.58022 9.7548 8.1371 8.21825 7.85368 6.70761 8.77363 8.88596 1.96479 5.72473 2.71681 8.87245 2.17183 5.66952 8.87672 6.42242 9.99494 5.8004 8.16656 6.46821 4.25437 3.3179 5.46478 8.91316 5.58136 5.00934 3.29974 4.26259 9.9017 3.49118 8.75715 8.10253 2.39194 3.54901 6.11006 3.92598 2.40825 4.07519 7.67156 5.80693 8.88792 3.10418 7.37014 2.42199 3.72358 3.44548 3.54771 2.91966 8.60999 5.41429 5.4802 9.13731 1.86356 9.15976 1.12095 8.66579 5.71447 4.0909 7.56663 2.26165 6.57148 3.90023 1.7459 7.10709 9.7594 5.68498 5.83067 4.41755 8.22918 3.66601 7.87007 6.89689 4.7407 8.00436 1.14702 7.54032 2.01818 1.21549 2.75751 3.28493 1.37829 7.6811 1.91249 8.00789 5.33084 1.75873 4.46243 5.37229 1.65222 9.98886 7.14459 8.0207 5.43144 6.89983 5.05284 2.61627 1.58881 4.91027 9.83023 1.2316 8.36736 9.82932 2.08418 5.58523 5.2968 8.45436 2.52431 5.62572 9.13022 1.76655 5.32295 7.96351 5.25343 7.22389 3.19833 8.65032 9.06696 7.65206 9.72035 4.80631 9.84064 4.23278 2.33909 4.59475 8.541 7.08996 6.63591 4.04456 1.13115 3.97344 2.29726 7.22026 1.84341 1.54035 6.31112 4.23981 2.92461 8.73421 4.88606 1.63992 1.35398 2.76163 8.59306 1.58912 7.03375 8.16669 1.22986 6.44848 9.95239 5.50296 2.90805 8.17993 9.8205 7.10318 8.86281 3.10229 4.67934 7.44661 6.48526 9.49494 5.98209 1.624 3.07751 2.54913 3.64766 4.40031 5.83035 5.167 2.58725 2.37492 3.5236 6.10815 9.20349 5.73969 8.44911 6.984 8.36229 6.13452 1.05643 4.5997 7.33735 7.10065 6.82111 3.14375 7.22726 5.63158 3.83567 6.72526 5.34533 1.3217 7.62327 5.75886 6.08204 1.61247 4.67394 6.69728 8.74018 9.63638 9.20356 1.6116 3.84256 8.1585 4.63545 8.1191 9.41248 7.11566 8.30461 4.15883 7.72682 6.25337 2.88464 5.1148 3.04175 3.36028 9.03732 8.78684 6.79113 7.60046 6.78481 1.70911 8.75757 8.44315 7.10454 4.31626 1.71615 3.69031 8.24675 6.45728 1.05076 1.10174 3.27466 4.75693 9.84311 7.11792 7.32736 2.32495 5.93444 7.18045 1.10526 2.31278 9.45985 5.15019 2.07829 8.81807 1.35525 9.32301 6.91673 3.63673 3.33705 5.54327 7.64461 2.36275 8.85442 2.91486 5.01593 5.33555 3.51428 3.60997 5.61338 9.93514 7.47891 9.27551 7.1698 7.72476 9.33619 5.53711 3.61231 6.94134 2.94257 1.10093 5.32901 3.83351 5.7386 8.95293 7.15843 6.34728 9.03724 1.15597 7.60157 6.65944 8.78468 3.74446 2.75665 6.05856 4.29393 3.2167 4.47648 6.67362 5.45102 2.1249 6.24846 1.55038 7.89388 3.26281 9.29735 3.57535 3.66383 7.95102 5.41052 9.74741 4.82978 5.91997 1.98605 4.29712 3.58503 6.29052 3.80332 5.15367 8.31682 6.15226 1.01634 5.25946 7.1484 9.23943 3.86977 2.2324 7.45388 9.20452 2.63748 3.87581 2.84569 4.9895 1.28389 5.03598 7.13465 7.79473 3.34789 3.30742 6.76279 8.14553 8.54943 4.08575 7.20873 6.5564 6.61877 1.46823 6.86582 4.29284 8.84844 2.50197 1.89282 3.73096 4.86774 9.27976 8.53733 4.81458 2.14 8.38363 8.43181 2.11014 8.68245 8.17598 1.36233 4.95914 8.50877 2.4384 8.0099 4.22834 6.29426 8.85818 9.16452 7.15753 1.76368 6.86245 5.91181 9.80503 6.30181 
5.0
6.22348 17.7909 13.7503 20.1598 20.1321 23.0659 13.9409 24.3555 19.7109 4.75376 12.5682 2.57495 3.62918 18.9317 5.15976 16.4996 17.6157 10.5188 6.30742 8.8394 21.0587 13.4422 10.3537 8.99147 12.091 4.60164 13.6889 20.6237 17.4118 7.88393 19.9103 7.43134 3.09544 9.4749 16.5916 10.818 10.1351 10.7211 24.915 5.74985 8.47413 4.78982 8.4138 23.5345 20.7732 23.3785 12.076 12.7727 9.66372 17.2223 3.06041 12.2349 12.2375 9.15083 9.27283 16.9107 15.5232 13.444 4.55447 20.9829 11.6986 2.73595 24.2311 23.9748 19.2894 23.7187 4.77408 11.3215 14.1046 22.8938 11.3219 10.6156 6.15768 23.6234 9.3142 9.77556 3.82445 13.2299 23.9859 18.389 11.4873 23.8945 23.9735 13.4791 4.41553 13.6044 12.7825 5.94538 4.63215 8.39914 24.366 13.9279 21.517 22.1654 11.5647 21.8452 3.39625 12.7311 21.1583 3.85685 13.8679 20.5077 14.278 22.9986 14.1143 5.93215 18.4308 12.2425 4.95007 4.45672 14.8846 13.7302 22.3573 2.83843 22.6651 9.93038 20.2562 20.4769 7.91332 10.4695 11.763 24.5513 12.3554 23.3874 7.68314 5.20576 17.1331 12.0654 10.9917 19.5339 3.24566 6.57951 11.0496 13.1121 17.3531 20.7264 11.3066 15.3318 6.691 10.9739 11.7397 22.2801 19.3464 23.5852 24.7793 5.91976 16.1449 23.6666 23.4704 15.8178 2.89959 24.8892 13.1207 24.6727 21.7708 13.6348 12.6852 23.891 12.9872 16.3149 24.6364 20.4619 8.17896 6.11439 4.57174 13.8816 14.0709 20.4082 21.8069 9.37589 2.78842 5.10248 14.7052 11.1717 20.0236 4.64915 6.99389 7.06729 17.3136 11.4846 8.8162 23.0519 4.67919 3.64193 18.7702 11.7234 17.3761 24.2873 3.18375 13.2554 20.5064 21.9298 21.3757 15.1628 10.2419 2.55557 13.1536 17.1164 7.90862 9.93515 24.7976 19.5562 3.18271 12.8553 7.28103 14.8537 15.1477 3.02421 7.97647 14.7728 12.463 22.4007 24.5992 12.9797 18.8936 18.6972 5.13618 6.35163 10.4517 12.8067 5.01189 18.8341 20.3987 4.40315 17.74 4.09748 13.3594 9.46637 7.81187 20.7421 12.297 15.98 22.0709 16.3022 17.0997 4.05363 8.32378 18.7988 18.5284 19.2192 4.93728 4.59102 6.27603 17.6503 15.1722 16.2772 4.88802 12.0561 5.00325 24.3934 13.7939 11.9987 13.1749 16.6623 20.2008 17.3846 24.7445 11.0396 6.0975 8.87938 24.3607 3.81 5.62051 13.9971 15.5288 21.4817 21.5312 12.613 17.1125 17.7301 14.5541 8.14964 3.32144 9.13972 21.8268 5.68808 23.4356 10.9956 10.7111 20.7515 17.5159 9.37292 19.2152 17.5137 14.3506 3.27608 9.27791 12.6806 2.88927 15.576 6.66323 18.7964 5.91149 16.4966 21.2172 18.2229 7.18318 18.4002 6.2353 24.043 13.3486 15.6213 3.19194 14.1379 14.3089 5.59962 10.5805 19.688 10.837 12.5619 15.6152 19.3481 8.17835 12.5022 20.0441 10.3458 9.38905 18.2117 3.82388 20.2543 19.6592 20.6063 17.9048 3.18846 5.37306 22.6042 12.3786 14.1753 21.6558 19.3013 18.7361 20.4478 24.6559 3.19648 22.4876 13.413 9.81463 5.71443 9.89332 5.04322 14.8712 6.27846 20.0562 9.94216 21.3549 12.6815 11.1254 24.3338 13.3127 9.00606 24.3612 13.2256 24.524 7.34324 4.8117 6.99586 5.45158 12.0602 9.85009 3.65399 16.1782 20.3666 6.82392 3.02556 14.0805 2.93029 13.5653 4.11065 12.4882 10.7909 8.01274 21.8661 14.0808 14.8232 23.1938 22.1618 22.7696 6.4987 11.3197 11.1604 10.3163 11.1965 5.74102 20.3712 6.43842 2.81255 7.01424 21.1281 8.65057 23.4178 9.33051 4.74045 15.592 24.2157 21.055 14.5687 15.0908 24.0478 23.1281 6.27346 5.71425 11.6986 11.5772 19.9884 18.0554 8.24933 22.8911 23.1668 12.0062 8.22999 18.5042 20.3527 21.267 13.321 22.143 13.6245 16.3419 12.3529 3.78403 4.96398 14.7709 8.85568 16.4723 6.79787 22.3485 17.4062 12.2519 4.46394 19.0778 17.5247 23.4573 16.8507 23.6122 11.3704 23.1164 18.9608 22.432 16.4858 15.7149 7.64882 22.5087 4.83939 9.57162 19.282 13.7045 24.4177 17.0755 20.5755 9.65883 19.616 4.03376 21.3515 20.9109 14.1778 24.3817 15.4712 16.5089 15.4335 11.5032 8.69219 20.3547 11.0869 24.9132 9.69822 16.0364 24.8019 18.5511 18.0536 8.89522 16.837 19.4357 20.3311 9.08068 23.4789 7.93129 5.66391 14.3406 6.52549 5.87536 11.9712 3.79844 9.06641 23.8172 11.6078 21.4662 21.3138 13.6183 7.6871 23.2442 17.7312 17.6635 14.8286 16.1571 19.2111 8.43442 3.07889 6.07588 11.5517 14.693 18.756 12.6767 23.9826 5.52734 20.9687 5.38556 18.9887 16.0084 7.55819 19.0596 9.68374 8.20824 14.2152 10.6548 10.9819 18.8293 20.5195 8.12963 15.8188 19.6954 21.654 22.8354 7.67091 19.8537 7.04271 6.64282 20.6243 15.5384 14.6621 22.5548 10.7415 24.2452 24.7768 10.0557 22.4779 11.6676 19.3483 11.4468 8.89666 15.2444 15.8689 15.4182 14.4322 3.06826 19.3677 14.1069 11.4531 19.406 16.3422 14.8917 9.37319 20.58 21.862 18.1733 20.0621 19.9607 11.098 17.3923 3.30403 13.3211 16.5242 10.032 6.05589 10.8017 19.5436 8.35867 11.7538 6.73767 7.7886 16.1475 5.91885 11.0966 6.84423 5.14519 21.8112 18.7782 7.64593 15.0186 19.8836 18.0246 3.30085 5.54002 17.2831 4.19269 11.583 12.2586 6.15223 10.1376 4.35248 9.40818 9.47839 6.95706 2.64793 8.80124 15.7426 23.8477 11.2036 23.4596 6.11657 3.32242 6.13974 19.7309 17.9593 10.5388 9.57676 4.14211 8.3615 20.4894 14.9236 8.7385 23.99 14.3031 21.5897 8.65973 13.4801 13.4076 10.3707 8.2018 13.6268 17.8034 5.7582 14.1155 23.1259 17.1995 11.4231 19.8911 2.61211 18.7596 10.1231 12.2796 12.2479 12.7103 16.7837 11.2999 3.10988 22.0606 16.0032 19.9826 16.1244 22.682 20.2313 7.60019 12.302 15.0011 12.3722 5.13324 20.5211 11.0525 9.06041 9.22325 6.6094 15.6435 8.36154 20.8617 14.9755 12.8802 13.1461 5.06516 9.03812 14.3047 6.38768 7.78747 6.70514 22.3935 24.6343 13.8173 4.65068 10.6678 3.40453 6.9128 17.6415 21.6644 13.2564 18.4221 19.1621 11.5189 20.2809 18.1403 19.5886 14.9087 14.7692 18.6532 23.1614 11.6092 24.3031 21.9164 10.0067 23.4097 22.5202 21.8217 21.9572 2.64156 14.802 6.49907 3.42096 18.5676 19.637 16.6058 16.0496 10.3823 24.406 23.3511 5.95524 18.0741 16.8428 20.0074 12.226 24.8982 13.4179 23.1582 17.9907 7.71142 5.89596 17.4319 17.7822 3.91805 17.3177 12.4719 19.9495 3.77687 8.65508 20.8938 17.8689 16.8198 7.39025 13.4778 8.70362 8.63192 19.2689 20.348 3.46266 11.7423 4.47701 6.88838 17.1083 16.8767 19.4913 8.1444 4.96215 15.8216 18.3541 15.4614 4.16081 4.64911 22.1212 9.1091 18.9094 3.5536 15.2345 13.1427 20.7845 14.5495 7.56755 3.74978 7.83584 18.2803 3.39556 19.8343 21.2368 21.1895 23.5391 14.5862 18.2337 6.80177 11.9313 21.7877 17.6438 4.86673 20.3595 18.106 11.6522 19.613 7.63006 10.1217 15.1579 8.36405 6.90738 19.8448 16.4183 11.7656 19.9768 24.9655 20.2424 19.3737 9.68093 22.5924 14.9835 9.35479 24.2805 2.72674 9.57985 16.0467 14.9881 22.7228 16.8948 11.6311 10.4268 11.4848 17.1055 18.1673 6.76157 12.15 24.8906 11.2372 12.2553 19.5085 24.1664 8.95209 9.99841 8.4087 6.62237 20.0698 7.56201 6.89962 12.8049 19.9745 4.82535 22.8595 7.00052 10.7663 3.72675 15.3605 24.6673 19.2138 3.68853 12.0198 18.6657 21.3167 16.4657 23.5873 23.0376 7.23007 21.6685 14.5193 15.585 17.8005 9.20877 8.28836 7.99632 6.46269 7.42014 23.6803 14.773 10.2483 18.1021 10.8266 24.7038 11.1552 4.73765 23.2237 8.63835 16.6289 12.6353 6.98835 19.8094 10.4046 4.74441 6.09932 15.4544 9.96099 9.39436 7.37574 18.4849 16.8353 6.208 21.4413 22.9558 6.04975 11.4385 5.92524 14.583 10.8989 13.9801 24.6491 5.05968 21.849 20.803 24.0505 23.9216 3.29814 20.5614 3.09265 11.7115 16.9479 11.6265 2.91051 8.19191 13.0364 15.7917 17.4432 16.8568 20.6826 21.4035 16.3026 6.99239 6.09199 24.6646 23.6286 19.5367 17.3734 22.8618 16.6805 5.48748 19.7175 15.7676 15.4144 15.6097 17.1862 3.96495 14.2975 10.1912 22.3639 17.847 15.1086 20.0976 20.1195 8.53956 14.4745 17.8759 4.2302 16.998 24.8931 5.15671 8.11631 2.52791 5.49285 12.6058 5.93757 16.9794 6.27849 23.674 10.3008 15.8653 19.6128 13.3961 17.8286 15.1535 22.6852 23.4884 16.34 19.9826 19.7163 14.996 19.8918 6.55146 5.14886 4.73703 7.9312 13.4334 16.5751 24.298 4.81063 16.0627 18.6506 2.82606 18.4129 23.1468 11.7439 12.3713 6.63821 23.7504 16.5731 9.52734 18.0024 21.3048 13.5783 7.12067 22.5963 8.29073 5.78077 12.1993 7.15704 5.34451 13.878 11.5698 7.99978 18.5386 14.8255 16.1333 3.06153 16.0858 15.1547 17.7704 11.8059 3.217 22.7773 5.0247 9.23935 3.98351 18.5255 3.83555 2.78866 6.23222 6.1795 19.5691 13.2898 16.0053 17.2304 4.0987 16.338 7.61369 
5.0
18.5701 5.23895 22.758 17.8144 21.3039 5.81102 17.591 22.6283 14.8448 21.5443 14.2104 19.3199 23.8949 14.0942 17.2351 3.24662 8.17788 2.52342 13.2844 18.3529 12.4936 20.8983 4.00718 16.0214 6.78258 4.95711 4.74423 8.62113 12.4504 24.101 20.0766 11.5033 8.70152 14.9567 7.50791 9.69402 12.6331 17.7622 20.5321 5.53467 6.83858 4.32394 24.8353 23.5191 18.2709 6.2967 6.38296 16.0785 22.1156 15.0358 22.6412 19.0631 19.4237 24.2712 5.68385 5.67174 7.25414 24.3543 3.43308 12.578 10.0764 4.32684 15.2858 9.50403 3.6822 18.0617 18.3741 18.4919 12.858 10.7266 15.7113 21.6213 11.566 24.3198 4.9715 5.92561 19.386 6.02766 14.1552 21.7544 22.9665 18.1553 12.889 18.3335 3.73561 5.87858 3.10988 7.77261 15.6217 11.5693 7.88509 6.26957 9.03388 14.4419 14.6158 11.2625 19.8525 14.2726 18.8762 3.27863 14.679 10.4414 22.6371 6.23114 11.0954 22.5452 20.6243 14.9124 11.6845 6.33437 8.56198 3.43523 10.5586 13.721 24.5502 3.37076 16.1487 23.1092 9.82823 15.3342 11.5037 13.7983 17.6714 12.7675 20.8486 3.20758 16.6737 4.16928 23.653 13.1741 19.6649 7.52198 19.9593 21.5718 9.51191 15.6667 10.7207 23.0041 10.5556 8.87463 16.8984 7.31736 24.4322 3.36651 13.5698 24.6878 21.5291 12.0286 15.2949 11.03 21.8258 18.5763 8.99396 14.9781 6.36944 21.4154 15.5837 5.18851 8.13549 23.4497 21.6242 11.7161 11.0225 24.0866 17.2247 5.21153 5.732 24.6898 16.4603 20.1913 11.2836 13.7292 4.04717 16.1304 5.91387 10.3781 22.0283 5.12628 3.61091 20.3076 2.71878 7.38626 17.5331 4.92806 11.6612 3.28633 11.5631 10.3287 11.8401 5.75256 8.74584 17.1634 15.4067 16.7147 7.86237 17.7341 4.16353 13.8823 11.8875 16.522 12.5583 24.0924 22.0827 10.4153 24.4379 24.4804 8.97354 4.88456 9.81224 20.2227 6.46235 9.85537 22.8775 17.6013 2.8249 4.02807 12.5493 16.1414 22.3425 13.8949 9.25607 8.57081 3.8184 3.70441 24.2414 22.3516 4.72954 15.123 10.1267 11.5341 22.2623 5.34405 6.48346 15.1834 4.98368 24.8937 9.16537 8.62766 21.3968 3.88461 24.6501 21.279 11.6315 12.9666 5.64066 14.7767 11.0194 20.2245 16.6772 5.20231 24.3041 10.2735 11.0077 13.1176 11.7356 4.30147 17.4691 10.174 20.8002 14.8091 6.12772 8.54526 24.8343 13.7964 6.42984 11.9314 19.7739 15.6474 16.6118 19.3855 7.78803 15.9616 8.12012 3.213 14.0477 22.5828 13.7908 7.19235 12.8789 10.0749 18.539 16.3689 22.0509 11.3958 23.8087 14.6704 16.4489 20.5176 4.53083 16.5951 9.88189 9.74472 17.3428 16.7222 23.775 5.47881 21.3166 3.29387 21.4967 8.68141 7.44725 24.6206 22.0705 18.7835 20.6509 4.55811 22.0218 14.7925 18.0227 15.8064 6.60952 17.3463 24.6039 9.78161 16.692 17.9653 12.9101 4.30998 12.4783 11.7504 12.4676 20.3937 17.9136 9.77951 10.6106 4.29955 16.9501 19.9506 15.7879 16.2193 17.9522 7.52253 24.6291 21.7529 4.98624 4.10243 16.5211 17.4635 12.2458 16.3311 9.44391 6.75501 17.8611 15.5154 8.31614 17.3217 5.84303 19.4574 14.6008 13.9204 4.9128 7.73189 18.4206 10.2143 2.9655 19.1599 6.93251 8.44029 18.4188 15.2306 22.713 3.14676 24.6964 15.7196 13.4025 15.2554 9.09623 22.7552 23.8594 10.1941 19.7933 14.5813 22.0746 3.85281 9.7274 20.2681 22.595 7.61116 6.12585 16.6195 23.7073 3.68871 9.41037 18.5285 17.1311 7.06725 15.2393 14.0294 13.9724 22.7355 13.4343 2.797 8.18647 22.0061 20.0421 14.3436 23.8001 16.6544 18.7802 4.66316 9.64461 17.1305 3.11887 2.57246 20.3476 21.0925 17.7461 21.9998 19.8351 21.0126 8.16873 21.4707 16.0934 19.6054 7.19765 12.0413 20.9404 19.3284 17.0679 9.92848 3.5569 19.7046 3.44375 2.58751 6.5277 11.2177 12.558 6.9872 8.14232 22.0295 17.7369 6.33189 14.7056 3.76905 24.0588 23.981 11.608 17.645 14.8986 8.31557 9.40584 12.1295 21.6063 12.3025 16.1608 13.4642 12.5702 4.00574 14.79 20.2396 17.9157 16.7945 24.175 18.2951 6.08792 20.4993 7.78133 14.693 18.5696 19.7652 23.537 12.0134 11.4836 8.35162 18.7214 24.2218 22.8305 15.6302 23.614 10.3596 24.1103 9.0298 12.652 7.30589 7.57944 23.6782 6.84874 22.8619 5.39245 12.9917 23.7215 15.4081 6.87831 16.4618 20.9786 16.3828 10.2016 3.38915 2.71705 24.3339 17.1584 11.3144 6.87956 19.292 4.85684 5.39701 7.72113 18.7166 20.5329 9.99066 14.5359 6.26368 5.75031 6.1664 17.8932 14.6267 13.7355 11.4328 19.634 13.6986 21.0976 15.4035 22.8764 20.3071 20.1827 7.66184 15.7818 13.2718 20.8133 19.0731 5.32968 2.53314 17.6623 7.79352 22.3532 16.1047 24.5117 6.22719 19.084 16.0969 6.64614 22.6796 7.95686 2.56281 15.1316 23.9587 2.92436 23.9174 16.7281 10.1737 22.0309 15.1776 15.6878 12.9801 4.99665 15.2756 6.18731 6.02289 17.0617 9.69422 14.1456 8.82672 7.8391 17.1741 14.6758 12.8832 13.9286 4.24384 6.42211 11.1857 6.53922 21.3219 6.53172 7.46127 2.87267 9.14087 22.5111 16.3497 2.51546 6.74432 12.2173 20.7801 7.59144 7.30541 23.2339 10.2948 2.92396 13.0181 5.38178 21.5703 19.9577 7.81061 5.11468 12.3852 3.19032 16.631 10.5494 7.7862 7.86394 15.055 20.881 12.2008 20.1663 15.4666 13.9325 13.7471 18.6916 3.55995 3.08946 24.4915 18.4115 6.41451 14.8694 10.403 18.4053 10.8918 20.8758 14.7555 22.1003 13.6049 15.3872 13.7262 6.27197 11.2096 24.8307 10.443 7.55342 9.76859 15.3903 18.7271 22.7052 19.4371 2.5002 15.2848 3.89464 23.2217 13.4728 6.59524 5.23459 21.0603 4.51125 19.246 19.3327 2.97566 13.357 24.9657 10.0996 20.0499 18.822 14.1043 18.0678 4.4721 13.4559 3.81008 11.9692 24.9082 8.09755 14.6542 15.3236 20.9426 24.5616 4.45253 24.2859 17.8423 20.2101 18.0349 20.5039 22.8936 3.15813 24.211 22.7351 19.5606 11.8649 13.6844 8.47414 3.21625 15.3592 9.16323 9.33914 24.6956 15.3502 21.4181 8.96844 5.4214 23.9717 7.53799 14.6767 10.3515 18.4131 22.6323 21.6212 22.4992 18.6833 13.7311 15.7271 17.7758 7.26023 9.63245 4.12372 13.9043 16.8754 20.4465 16.8393 14.6574 15.1826 18.0876 23.5063 18.1654 2.56148 8.96265 23.8263 10.5487 19.3065 7.60817 8.04457 23.6203 5.94973 12.5232 23.6844 20.4128 22.9691 17.9502 22.2915 24.7756 8.63125 5.35333 14.9374 11.2961 8.71878 15.8435 7.73393 16.7919 11.8929 22.3011 21.1058 12.1257 9.44041 17.4456 24.0746 18.0931 20.6554 14.103 19.8011 4.13151 5.10621 13.9201 23.6385 8.60203 10.5363 23.2758 12.4448 19.3937 5.15103 15.1404 13.905 8.5995 13.0379 5.6318 9.61321 20.0151 23.9729 9.0185 23.1644 5.70972 3.86026 17.4207 22.006 7.91885 17.0584 16.4582 4.29949 22.51 21.8392 3.0954 12.041 5.2701 2.73334 16.9341 14.1927 9.76551 23.5094 16.203 8.573 18.024 9.53819 14.6949 16.2574 15.2893 13.2921 18.401 24.7383 5.09778 6.72844 20.5923 3.59508 20.9272 21.8084 21.5986 3.9238 10.6681 20.4002 17.0345 15.2767 10.1673 22.3172 10.7227 18.8613 9.59352 7.74076 18.5648 23.2496 18.8754 10.2779 7.10882 3.84667 5.96179 6.90384 3.06495 4.86929 11.6543 21.0388 2.5174 10.0842 24.7622 22.5103 6.08437 21.0561 11.3293 18.1497 11.2749 16.6556 19.1831 6.77362 18.2932 7.57688 9.05718 12.3002 15.54 17.1147 8.53407 3.75019 23.5613 21.9519 15.062 5.88254 6.19446 21.7061 19.2933 6.71503 20.1615 23.4864 24.9945 10.6796 6.85946 20.2099 9.27995 23.6621 2.59848 18.9276 14.4167 3.67778 13.5366 17.9106 22.4518 13.43 16.5624 11.2459 6.4124 23.5053 7.37416 9.69161 11.8273 7.45221 17.0073 21.5423 9.82156 24.995 18.0579 4.75425 5.53288 12.1327 24.3548 4.07976 8.10035 9.37212 12.8276 11.9622 8.47558 6.84639 16.323 14.4398 21.306 2.56763 16.1178 8.31045 22.1403 15.0648 5.37955 23.3047 16.2065 16.6561 9.8241 3.01997 2.51197 23.6062 9.32071 5.86371 24.5158 16.9185 19.1943 17.2565 3.62335 20.0115 4.97477 14.3452 19.2534 7.03065 24.3443 24.4752 11.727 13.0444 22.5307 8.67323 21.7292 7.37563 12.3995 8.88942 10.0927 13.8171 20.4918 7.74926 11.6536 16.4822 12.7607 7.06536 4.43006 22.5405 13.7542 21.3589 22.8722 23.0876 2.99543 20.1411 8.93559 20.9002 4.81061 10.2039 19.7256 23.8256 22.8537 21.6709 15.4652 15.0564 10.5789 9.05824 4.03437 24.0395 23.9096 16.0944 13.3317 16.7699 4.85561 8.05072 15.2089 21.7199 17.3269 12.8309 14.7268 7.65219 23.8947 19.5711 23.4842 19.5682 24.7505 5.99861 18.2687 21.5411 7.6111 15.8019 8.77994 20.1839 12.3224 4.75873 23.1747 7.50145 6.4093 6.87542 22.6851 4.37822 10.3232 24.2849 4.05802 13.4502 11.137 12.1553 8.56785 5.11173 13.4374 14.8575 3.85056 15.4072 13.6638 14.6432 9.81066 7.05739 21.6453 21.5823 7.35015 22.3706 5.58447 
4.0
9.28814 15.4842 9.35437 14.2253 5.62303 14.1778 17.5137 6.47378 9.10821 10.4822 5.56268 2.19945 19.54 14.1016 3.17169 3.21733 9.55648 6.67915 14.3033 10.5102 4.12652 5.90497 8.00195 9.76208 2.89001 10.7255 8.53536 4.49405 6.34986 16.6549 5.88698 15.8007 10.9156 2.18709 19.6004 3.68861 17.7982 3.31081 18.9754 7.01666 10.7572 15.1248 14.6148 7.03723 19.6984 17.5552 6.32427 9.53955 9.12389 8.17486 12.3622 12.5943 14.4334 15.1233 9.04207 12.8999 13.077 9.12915 5.68621 5.73029 7.55993 11.6334 11.9309 5.48435 5.29808 12.0149 14.3831 5.83682 12.326 8.9168 7.62915 14.4908 13.8561 4.67499 16.5943 9.53176 4.6887 15.8479 11.2543 6.38332 6.47521 18.8479 10.6987 10.3643 8.83131 19.6743 7.54519 7.84745 5.30256 4.74796 9.70581 5.01995 7.18135 15.8471 10.5048 15.2451 8.17544 16.1452 4.14779 4.0258 16.928 6.35036 19.5427 16.5697 4.38913 3.94568 19.4723 10.9554 9.03944 2.53194 16.1178 17.9012 12.9644 10.2713 15.935 6.13398 11.7809 14.4331 18.8808 2.36126 17.4152 7.04024 8.99222 6.84342 2.73193 8.61858 17.3166 19.5684 13.0159 9.04654 14.1934 6.02743 3.30386 14.507 17.8873 9.59277 4.56929 11.5406 14.5737 5.49656 15.7577 19.2006 4.67454 9.41154 8.674 4.3092 4.54676 17.6333 18.7215 10.8155 12.5219 3.86382 6.49196 8.25531 2.29699 17.5971 3.20797 8.31177 6.67772 15.1058 9.0161 8.47844 12.6723 8.02962 13.1322 5.82332 18.9378 16.5657 18.8379 17.8546 12.5768 16.2596 10.329 11.4883 18.2875 13.399 14.415 19.1165 12.8632 6.00808 14.0706 18.7788 2.04492 19.4437 10.8386 19.4335 16.7252 9.59339 11.0843 18.3314 19.503 2.67476 17.1014 19.4915 18.5906 12.6363 14.0699 14.2769 2.07222 15.1599 15.8649 5.07354 7.51352 5.26499 16.7174 9.07018 11.9234 3.51417 19.7268 15.1395 11.0669 19.8203 7.22451 10.821 9.12998 19.8554 5.98924 16.4061 17.7354 11.0607 4.31423 9.12344 19.3108 5.25892 17.9256 16.4273 11.8077 10.8673 7.75246 9.3862 17.7725 9.71296 18.5486 19.1742 12.7691 17.4491 7.36557 17.6627 16.1524 2.57351 18.8776 3.11501 11.1943 15.0479 14.558 11.9812 9.56059 11.5195 12.7065 11.7954 17.1398 16.1435 8.32965 8.1746 18.2231 14.0078 5.87093 14.9184 5.03649 18.1587 11.7939 4.21097 7.62395 13.2285 14.016 7.92436 7.08238 18.6645 11.1946 19.0232 11.1481 10.5596 10.864 8.07133 13.1349 17.0848 5.42419 9.83944 5.22381 18.5226 6.98167 19.0149 19.1039 2.90226 6.04093 10.0128 4.9653 6.23706 7.04823 17.8884 7.84358 2.36242 5.78661 19.3518 2.31534 11.3761 7.62253 18.883 6.54581 3.67948 5.6041 6.95009 16.6878 4.62112 17.4108 15.3275 4.6322 12.7411 10.1549 8.51693 6.1102 10.6173 10.0343 16.2689 2.14686 5.31342 9.83695 12.2069 16.8664 17.4282 7.29682 15.5521 8.64895 9.7464 3.3017 10.9502 13.639 16.4913 4.95214 19.4 10.6053 14.1786 6.47223 5.28269 2.15214 11.0726 10.9718 6.49378 15.2828 4.24256 12.0605 10.6758 12.3139 11.2222 16.3128 18.5529 9.14139 5.26947 7.5851 15.3668 13.8588 15.2289 6.18455 3.41496 10.7261 2.99466 15.8887 14.689 16.4908 13.5757 11.8173 4.61621 2.06016 12.7625 14.1556 13.9014 12.5254 15.3947 4.72912 13.4712 8.53708 9.23133 19.4297 17.5192 14.0324 7.42187 11.4937 5.65311 3.31362 4.57893 16.6313 5.1435 4.47855 7.45276 17.0078 18.2737 14.2022 5.20719 17.0756 19.7918 2.87009 14.2971 16.259 15.4636 19.0634 8.94743 13.4895 8.72772 6.39525 16.234 16.5933 10.452 7.69879 6.76539 11.5297 10.7913 9.56689 3.96704 8.48229 12.1471 12.2432 6.9663 11.8 6.22879 9.86511 6.07944 12.7914 12.2161 16.0576 9.90003 14.369 5.02323 17.8797 2.98899 6.54675 12.665 11.1214 5.1661 9.78756 13.724 17.953 7.40318 15.2034 3.91929 5.92528 9.31877 10.6065 6.77722 5.32202 5.27433 11.4124 19.4033 19.8634 18.0721 15.3942 10.3557 9.76149 9.2546 16.2887 14.6207 10.1266 17.0052 13.254 10.689 15.7261 8.6511 7.17856 2.73453 19.0943 14.767 10.842 10.8937 12.9934 13.881 9.92717 14.6474 2.22737 8.78152 9.88436 2.30327 15.8059 15.4264 15.6463 9.58107 2.46096 9.45299 7.19527 12.2981 14.5142 19.2899 9.98171 6.15723 5.09666 14.8708 17.1942 12.6359 3.7192 14.9491 6.88095 19.977 13.1953 8.01468 8.92345 12.2814 14.9147 19.812 14.8608 5.70137 19.4694 12.4597 9.56611 10.7366 9.63026 2.17201 7.77471 19.631 18.676 8.58141 14.4632 9.87108 11.0734 6.66308 8.0808 8.78651 6.50892 16.2609 9.6316 12.2516 6.27236 14.2147 12.609 18.4885 18.9915 2.08973 16.7813 5.97241 14.7188 4.50697 12.8288 8.43759 14.3693 7.0754 16.8331 7.98555 17.5102 4.92579 19.617 15.2945 11.5023 8.84598 3.93659 3.93056 16.9925 18.0178 2.52491 13.7602 16.758 4.35547 7.98694 18.4648 10.9025 7.44558 13.5462 16.1559 9.40349 7.08874 13.6432 10.0933 7.01096 14.4426 9.38459 14.5032 3.49837 12.7667 9.84534 4.49925 6.26449 8.76848 2.22098 17.1041 6.28719 5.55132 7.83234 16.3736 8.42862 14.1638 16.9815 17.6211 17.0921 4.75073 9.65934 11.7453 4.2302 4.3055 17.1048 4.65738 12.7052 8.0243 17.2154 18.8116 8.0 19.2617 14.8097 11.8366 9.28155 11.0877 9.74109 9.26802 4.81529 16.4468 5.86298 10.3834 2.73137 13.918 15.846 18.1381 10.1424 14.0769 16.8465 4.20304 3.61272 13.4588 10.0264 16.1039 7.97932 5.1242 12.9252 3.46182 4.52417 18.8251 11.6828 2.3359 19.4983 19.7729 8.11449 2.66697 5.99726 17.0086 8.63733 11.8231 14.1883 12.3736 18.0479 17.2468 10.8892 15.0827 11.1517 19.2032 5.4979 4.89867 17.2444 16.6307 5.27519 14.9077 2.44441 9.09235 6.97737 18.8974 8.87662 5.82932 15.8415 10.3356 19.7086 14.9156 10.9217 11.951 9.03761 3.51462 9.77741 6.9154 5.62946 18.2369 7.51289 16.6275 17.509 6.59989 15.1684 10.0981 6.40187 14.5889 8.46277 13.937 11.0283 13.3199 11.8881 17.9417 14.2479 11.8035 3.15536 9.28698 13.0567 14.8109 6.99166 18.3167 12.4347 14.8414 9.28956 4.93682 6.04633 9.19086 6.60746 8.61037 6.79146 15.1226 2.02171 12.9533 10.2082 2.13927 10.3303 19.9327 7.72766 2.35636 9.60814 18.6657 4.77959 11.9775 10.1138 19.821 16.7503 16.8711 15.5478 2.62062 15.7915 7.24872 11.6628 17.4448 17.4813 8.44476 9.22483 3.03712 10.3364 10.798 6.32636 11.3116 7.17576 5.63462 5.05105 2.76197 11.336 10.3525 19.4898 13.4713 14.7387 19.6076 12.1087 18.7246 18.8083 17.6013 19.4678 6.22159 15.2431 6.47008 8.29275 15.8922 7.63572 5.77579 10.8966 11.3128 10.9474 14.0983 8.9539 5.72472 19.8322 13.7295 6.62659 19.6534 8.81336 9.46826 14.0407 5.13016 9.31126 2.51818 4.1153 15.5146 2.52295 16.4857 13.7425 17.9194 15.1531 4.48021 2.31949 5.23581 12.9966 6.31623 16.6317 2.76146 15.3726 6.81623 5.08797 14.4294 7.41034 8.21571 10.3067 7.63846 19.1865 19.6695 11.0541 17.6859 2.71374 8.85989 16.534 2.80075 19.7814 4.70592 8.02857 16.7793 11.6472 18.1747 6.89135 6.22202 5.58094 6.19403 7.89155 15.3718 11.2596 13.6664 2.90981 15.5543 12.0137 16.5852 13.9857 16.2191 5.92592 15.2515 18.7166 16.5832 15.7805 8.59358 11.0085 4.87529 4.86491 2.58688 8.17778 14.1826 13.6223 7.77636 13.405 9.8981 4.15646 16.8999 14.5404 13.7703 15.5874 7.61367 10.2603 5.55391 9.2593 15.3186 18.5756 7.2626 6.79933 15.0888 4.69188 17.0228 8.02858 17.7014 7.22073 17.5297 3.72423 10.768 3.74277 14.1038 2.23341 5.96764 10.7223 3.35053 6.93857 3.38112 12.7736 7.41971 7.57446 7.92739 18.2784 2.86804 12.3966 16.901 16.3554 5.12225 4.20156 5.61155 6.18112 11.5442 9.19818 10.1241 17.6622 10.0973 17.7312 10.102 6.45941 8.61491 17.8559 16.7503 10.3634 3.66979 6.76425 14.8616 18.0215 6.04545 7.06308 19.9629 9.01667 5.80892 6.90335 7.56428 12.2975 11.9852 12.9612 11.509 11.9603 13.8331 9.27064 4.42528 15.382 16.7229 10.9075 19.2794 4.70576 17.6152 5.52527 17.031 14.6767 19.1417 7.7424 13.3887 3.83047 19.2874 19.381 5.66908 14.0327 3.67425 12.5574 14.7553 15.3702 3.4465 16.6238 17.1588 3.39357 11.7576 11.9623 10.1816 15.7117 19.8588 17.6293 3.18069 4.93749 19.7887 3.853 15.9339 8.98533 18.6654 16.3807 3.10702 15.7201 19.579 17.6791 19.8228 16.9576 14.087 11.9858 7.33163 8.81681 13.3098 13.2114 17.7831 19.4236 18.6292 8.69503 5.10007 10.9658 12.9873 17.8094 18.9536 7.09999 17.7876 2.41902 18.8397 4.71009 8.39756 16.189 19.2577 3.01709 3.25261 7.7459 16.9899 15.0406 11.5618 6.69 15.4831 16.4118 10.6148 17.4591 11.3317 2.53821 15.6911 8.0438 5.86195 19.1199 17.5699 2.55474 14.8184 13.0169 12.6421 16.6408 13.1511 16.469 8.62378 6.7595 3.90537 7.66601 14.8713 
1.0
3.4611 3.74605 1.93429 1.06922 1.66505 2.70906 3.82806 2.75097 2.41852 1.13836 3.5596 3.44426 2.24467 3.85624 2.10235 1.5248 2.89712 2.55064 3.10347 1.51144 3.0165 0.55322 3.98673 3.69686 4.99216 1.63516 3.38542 3.92079 3.27884 1.07046 4.6554 1.23589 1.41848 3.71678 4.21816 2.2162 1.51714 3.86395 2.98402 1.65808 4.42693 1.10003 2.60536 4.92385 4.88305 4.94485 2.30995 4.17793 1.84593 3.5013 3.06437 0.765578 3.79838 1.87405 3.31749 3.98419 4.24792 2.10595 2.07403 3.99723 1.6841 3.3819 2.54819 2.14067 3.24094 2.25042 0.647373 1.87207 0.814401 4.11273 1.03601 3.11218 2.88504 3.22939 4.5294 2.22916 2.79562 0.994567 0.567678 4.41536 2.73388 1.72787 3.01984 1.2067 1.17032 1.73372 1.06786 0.894597 4.50115 0.878375 2.92089 1.58047 2.14622 2.93443 3.60947 3.62287 1.85212 2.44301 0.609962 0.727145 1.45027 0.843466 1.04889 1.42767 2.82015 4.62064 4.73748 2.21271 2.8076 3.21979 1.28623 4.54183 3.84816 0.97898 1.54957 1.50584 1.54555 1.82916 2.1506 3.87943 0.955161 3.01174 2.33588 4.31626 0.822677 4.56379 3.41035 3.43671 2.02775 0.820778 2.00228 1.05815 1.98274 1.18694 1.90832 4.31786 4.2366 1.42318 1.76863 0.938476 0.533732 2.20257 1.3221 3.386 4.07801 0.68343 1.49157 4.17044 1.25184 2.34997 0.549277 2.03898 4.04034 1.37052 2.11222 2.31178 2.91051 3.72337 1.21771 2.61031 2.39557 0.840096 4.72897 2.22824 2.13437 4.01659 2.82077 1.395 2.1158 2.34155 1.79521 1.68184 2.87834 3.89265 3.47756 0.800478 2.91471 4.9502 0.942126 2.04435 4.53152 1.97843 1.81825 4.62244 3.4141 3.62436 4.92639 4.13563 4.64629 4.48424 4.49425 0.945734 4.43541 3.88754 1.70298 0.686996 2.79226 4.44853 3.3135 4.67025 4.41619 1.6355 0.622867 1.42962 1.03528 2.60744 3.00073 2.16179 4.95159 4.56843 2.25584 0.807896 1.04146 2.38949 0.582694 0.527944 3.96093 0.748077 0.838201 0.817838 2.30618 1.53516 1.89845 1.51898 3.47913 4.77984 1.34555 3.47044 1.50805 2.84156 3.23458 3.55371 0.573265 1.61992 1.69054 4.38005 1.98796 3.53203 1.08548 4.87038 1.88405 4.00746 3.04561 0.977782 1.85309 3.75079 3.03857 3.30255 3.29233 3.02167 3.29074 1.84985 1.20584 2.68255 3.78461 1.67995 2.21063 0.763915 0.586247 1.20099 1.49794 4.79714 2.75288 0.854397 1.99959 3.66491 2.57048 3.94281 1.50936 4.71918 4.8715 2.85063 4.00952 3.4168 0.682626 2.40716 3.45237 4.72263 4.45265 1.64224 0.746905 4.03031 4.11041 3.68456 2.20053 1.85051 1.70281 2.05249 1.66588 0.516863 2.86291 4.08753 2.64269 3.15943 2.35807 3.78026 1.58475 3.69572 3.96825 0.738978 2.16198 1.58933 4.9443 4.55085 4.22749 3.12611 1.2964 4.28561 1.23984 2.45801 2.6625 4.39192 1.89026 3.16435 0.506917 3.23626 1.68503 1.58081 4.39897 2.03437 1.2329 1.64595 4.62168 1.42532 1.48759 0.515244 2.86061 1.43816 0.695408 1.1928 0.722681 2.60108 4.29788 4.93059 2.33517 1.44324 0.539506 3.64527 1.77473 0.639119 3.03058 1.60257 2.57649 4.54543 0.515086 1.11931 4.07325 2.38069 0.593681 4.03292 1.81476 4.29727 3.15174 4.18861 4.31703 2.09609 4.7425 4.69408 0.891779 0.833902 4.67527 3.69176 4.30593 2.07306 1.55869 4.89876 4.0212 4.02398 0.549151 1.16429 3.26372 2.83012 2.05421 0.794651 2.67379 1.74553 1.1411 4.39589 4.78573 3.455 4.40037 1.98396 1.08769 1.2868 3.51453 1.61248 2.41169 3.06798 2.28183 1.7681 2.40364 4.37221 4.84507 4.28338 2.32346 3.41028 3.37556 2.51731 4.92529 1.31314 3.46207 1.05339 2.16776 3.55747 3.95491 1.66527 4.00438 2.2839 1.01509 2.79997 2.50393 4.75778 0.61855 1.32873 4.05105 2.22252 1.26544 3.31534 1.37673 2.89554 3.14452 1.05216 4.66908 0.856727 1.00264 4.11362 3.51402 4.57955 3.46923 0.677366 1.41613 1.35473 4.58595 4.36295 3.64956 3.85643 4.29141 4.3381 1.18901 1.10115 3.61088 0.942605 2.47078 0.549026 3.8012 3.07972 2.73393 1.59789 2.70067 3.12517 1.19149 1.71977 4.03409 3.60379 0.78175 1.49003 1.42281 3.38364 1.74965 1.75908 2.34994 4.13776 4.80822 4.21666 4.33054 3.32352 3.63013 4.09872 2.03699 2.92951 4.91928 4.28682 0.629357 4.74002 1.81248 3.55018 1.54087 3.36707 1.86125 1.6803 3.46851 1.80012 3.84363 1.26809 2.81859 2.22319 2.15614 3.87362 4.85751 1.34974 3.03572 2.83852 2.81753 1.52498 0.861868 1.99082 3.70764 3.84585 2.28877 3.99246 4.07949 3.54855 1.45754 2.07937 3.49844 3.41361 3.03852 4.44411 3.96966 2.43863 0.853685 3.51108 2.06926 2.5285 4.32911 4.85432 3.03062 3.95323 2.52751 1.00792 0.535672 0.82341 3.01087 4.91894 0.961356 1.33319 3.78316 1.29296 4.33107 3.02084 4.06309 2.5822 2.72128 1.79691 2.13698 4.8662 2.87313 0.989969 0.541718 3.37509 3.2592 4.6599 2.82775 2.40546 4.35529 1.92881 4.15218 3.87875 4.86734 3.07945 4.95194 3.79229 4.16332 3.67133 4.94708 3.31284 4.16035 4.92425 2.224 0.762809 3.91675 2.61958 4.14898 2.74893 2.6793 0.768998 2.86157 2.68361 4.63544 2.80084 3.09818 0.948834 0.620692 0.514066 1.09573 1.45262 1.03104 3.54973 2.32539 4.82807 0.690459 3.6301 3.80632 0.524995 3.92351 1.81533 1.74958 0.544153 4.08297 2.02767 4.2821 4.56399 0.782618 4.59333 2.00067 2.21004 3.08503 2.05187 2.10608 1.21685 2.89447 1.98317 2.3673 2.73248 1.80489 2.60198 1.66575 2.51565 3.65296 4.37011 4.36961 2.27538 2.02624 1.37607 2.7883 1.90325 0.976341 4.23244 2.95694 1.84822 3.68725 2.24065 1.50094 4.38407 2.84867 2.07353 1.33065 2.51938 1.9845 1.22527 0.916095 3.80008 2.48634 1.97904 4.39181 1.25459 3.60207 0.642186 0.741685 1.73159 4.12959 3.79897 4.31399 1.38025 3.56549 1.83095 1.41638 0.523169 4.95898 0.954842 3.24102 1.67181 3.72075 3.52807 4.86984 1.93453 0.636948 1.8718 1.10973 4.5672 0.838307 1.36162 2.90799 2.4164 0.974243 3.03576 2.59769 3.00516 2.84211 1.97089 2.72325 3.01137 1.72149 3.67552 2.69599 4.38863 1.16357 2.25098 4.02982 2.37982 2.48565 3.56992 4.90698 1.67314 2.7206 1.22246 4.32389 4.45079 3.27156 1.97992 4.56703 4.08018 4.52158 4.026 0.76894 4.69781 2.14842 2.20577 4.79428 1.43559 0.894385 4.54197 2.20596 4.53986 3.04128 3.76913 2.06138 1.63292 0.840394 0.635096 1.78871 4.36718 2.14759 4.72021 4.39328 1.72183 1.51348 1.52407 4.74401 2.19217 2.47865 0.569849 1.18995 0.621437 3.324 4.77619 3.25693 2.42528 2.52614 2.34671 1.67416 3.95874 3.66785 1.42701 1.98109 3.27588 4.05365 1.77936 2.4642 3.03196 0.780418 4.72491 4.17393 3.27815 3.01312 0.603437 1.27167 4.39893 3.2156 3.50078 3.45688 4.44194 4.08641 4.99374 2.72421 2.0905 4.44982 2.16263 3.70073 3.02866 4.85176 3.12139 2.81326 4.94886 3.61101 3.31523 4.03578 3.95215 3.57532 2.33593 1.46683 2.09097 4.83266 0.504692 2.98715 4.80457 3.62761 4.4725 2.74722 1.49693 4.23275 3.58817 3.73503 3.50729 1.02511 4.78391 2.67381 2.22332 0.517811 2.22844 2.49993 2.58674 4.59666 0.997792 0.670793 3.74164 2.21192 2.51354 0.552905 1.07531 3.27505 3.49876 3.13992 2.90164 4.51068 1.70141 3.85086 1.0372 2.01347 1.63547 1.1583 1.01972 3.26025 4.5895 1.29676 1.71934 4.82704 3.15284 3.30108 3.0923 1.06132 0.509417 2.6249 3.82726 3.45929 2.74908 2.08926 4.63421 0.998167 4.44655 0.911188 1.42594 3.17369 1.25791 4.56245 2.14207 1.49259 4.7847 3.70833 1.96571 4.67017 3.45561 0.976554 4.68264 1.28297 2.17569 2.30616 2.43313 0.626545 3.49321 2.12661 1.60625 1.02824 4.53403 0.61684 2.62686 4.86512 2.9536 1.29449 3.38511 1.53691 0.656511 4.68513 1.55855 1.64411 3.03364 4.82166 2.57678 3.12106 2.46686 4.32366 3.97872 4.07421 2.35132 0.806959 3.41245 1.57535 2.88534 0.87316 1.02761 1.16004 4.87786 0.929329 3.01039 3.28101 2.32342 4.58772 1.5111 4.9667 1.99485 2.39558 0.714311 0.93486 4.80337 1.64505 1.30157 4.41123 0.676395 0.513127 4.05672 4.40331 1.70288 3.28172 3.36376 1.17916 3.29622 2.38778 4.34732 0.701365 1.62474 1.55346 2.90569 1.76597 2.05981 1.24645 2.88641 0.596616 2.89143 2.72032 0.654496 1.64362 1.56153 1.38495 2.3032 0.838261 3.16474 3.25704 3.75735 2.05204 1.96677 3.74072 3.51927 1.5111 1.19043 2.9882 0.807297 0.915653 1.31908 1.59057 3.83687 2.01454 4.16784 1.34856 0.994174 2.88485 3.47225 4.37349 0.652376 2.6666 4.74454 3.76824 2.38046 3.50253 4.64749 4.13832 0.794604 2.93292 4.13591 2.18302 1.80216 1.49557 3.61556 1.61659 3.98822 0.78075 4.86983 1.66959 1.39471 3.19134 4.00385 1.92021 0.942129 2.15796 4.65627 3.20578 2.74381 1.05923 4.22856 2.36425 4.06282 4.59707 4.88192 1.05585 2.16134 2.87712 2.05179 3.91471 2.79277 4.4442 2.22985 3.7807 0.58623 3.52289 4.76372 1.26122 1.07382 0.713126 3.9241 2.37316 1.11032 
2.0
1.1119 9.33729 4.06754 4.99252 7.85344 1.26689 9.77358 6.45149 8.72698 9.84263 8.79701 6.4593 9.98066 3.5743 5.21789 6.84436 5.13131 4.07437 6.1362 2.90079 8.83119 9.92958 6.82958 3.11356 3.44168 5.4046 7.86808 9.96563 9.81416 4.4777 5.68601 2.3272 7.77777 8.70846 6.11076 4.92685 7.8343 9.43749 2.34867 6.40485 8.56006 2.81822 2.92793 9.44843 6.21479 4.1807 6.09852 1.50909 7.05762 3.22741 6.18918 3.60195 1.87007 8.56114 9.42136 3.68715 6.18602 6.04488 9.68031 4.13319 8.72878 6.49375 9.74312 7.76248 3.55514 7.19895 2.46377 9.97869 2.40652 6.78373 6.4153 1.47637 4.76704 5.89147 7.48893 4.03238 2.12876 7.20564 8.95026 8.87955 2.96381 1.30195 5.45247 2.16218 1.90367 5.83245 2.50658 9.97378 5.62541 9.54166 4.90872 5.47661 2.94498 5.61473 5.62444 6.60347 9.61754 1.8577 6.63003 8.84136 3.34482 3.20967 4.21093 9.59726 5.48949 7.08714 6.21709 2.64592 7.99658 7.06024 4.77544 1.15965 2.02196 9.3611 7.95931 3.82018 4.76776 3.72423 8.91499 7.51256 8.02495 1.05887 4.94517 8.10103 5.92282 7.45343 8.04958 2.78699 7.3856 2.01198 6.42254 7.54894 1.79603 4.02267 7.40757 4.16455 8.36603 8.95833 4.40906 1.3146 6.71434 4.80894 7.26098 7.26912 5.15122 1.24629 5.55251 8.65547 8.17019 4.1205 4.41088 4.80844 4.6468 2.78877 2.2411 3.20244 8.24441 1.77597 4.92276 7.46568 1.52699 2.26737 8.96388 2.47639 4.27904 9.93342 3.11181 4.04108 9.53238 1.58646 1.92108 6.65481 7.80018 8.16953 7.77835 4.84353 5.01781 3.57724 4.88442 2.58839 2.69088 8.80861 7.69314 6.33217 7.75022 1.95193 6.30752 6.06763 4.61393 7.50175 2.33273 3.00801 1.95649 9.50779 4.68622 7.33945 5.68478 8.05593 7.86482 1.55552 3.62131 7.58125 2.16892 8.87376 2.39433 4.51308 2.38363 1.23423 4.03504 5.75204 9.41698 2.38011 7.78181 1.47922 8.39521 3.52033 5.5915 4.79725 7.71501 2.07423 2.85765 9.70354 6.55284 5.99826 5.83591 6.89544 3.33126 8.19469 7.2763 7.90751 4.64233 7.50237 1.76267 1.08077 3.12797 8.76949 8.25908 5.864 9.81742 6.50843 5.36325 4.94707 1.42171 1.6326 8.76706 1.72632 3.08511 1.77531 7.42403 9.60194 5.09372 9.69066 5.9239 4.60739 6.04099 4.23654 6.57415 7.87089 6.95031 8.43952 7.68868 5.40883 5.85464 6.14192 4.58337 6.75139 6.33316 8.73082 6.77879 3.90001 8.50494 6.44913 3.90989 6.11702 4.97967 6.78868 1.84274 2.04722 4.26543 2.46533 7.49826 6.67153 5.13338 8.4762 2.88306 8.59271 7.43968 1.73876 2.82719 2.15298 9.90423 1.81213 2.92909 9.88384 8.34662 9.20031 2.20739 9.7878 7.87898 3.73745 5.95989 5.95217 8.55593 7.55518 4.32946 3.99493 4.98153 1.13196 3.07706 3.84254 4.37331 2.92444 3.06172 5.33989 4.58327 2.08091 4.9276 4.19219 8.57593 9.73666 7.49806 9.73892 7.86345 8.39156 4.37676 8.05984 2.39772 1.86948 1.2558 9.91302 7.41953 8.35984 4.43089 8.00485 6.76473 1.04122 3.02353 1.09214 1.12749 7.78689 3.41029 8.41624 2.7805 5.4525 3.35899 6.96919 8.25226 9.24569 9.37207 3.09186 7.46139 1.67783 2.73687 8.9042 6.80798 2.59768 2.783 9.06744 7.72195 5.80721 6.84672 3.37839 8.16844 2.75932 9.44235 3.69573 4.61026 7.83772 6.14075 7.69832 7.92736 8.71873 4.65476 7.97559 5.79329 8.31517 2.63173 4.94992 2.00877 9.80227 8.65307 1.13107 2.29223 3.22563 2.9408 8.20265 5.02739 3.19115 4.27119 8.44056 1.46789 7.13708 4.59535 9.96357 7.89893 4.68801 9.86693 2.31582 8.25599 6.591 2.57684 5.88145 9.70048 7.73358 1.4949 3.63117 8.65254 5.74397 7.11869 2.7009 6.78082 7.67319 8.32928 5.3025 9.44923 2.25927 9.75411 1.46641 2.12083 1.27347 3.33677 6.11645 8.2187 1.4485 5.61395 9.97652 7.9438 6.48887 3.19934 1.80946 1.54996 5.66314 8.97456 3.48785 5.57578 3.47832 8.48717 5.39689 4.53371 5.9362 8.05565 4.66927 6.55597 3.8718 9.08146 6.75213 9.4977 2.87379 3.0681 3.80597 7.99701 5.28695 9.84725 6.43568 9.99209 2.79671 1.51187 7.25354 4.19539 2.09566 4.55636 6.77428 9.02478 7.13211 6.7238 7.14213 9.49178 7.4407 6.06014 5.18998 2.54679 4.05502 8.6755 7.33049 2.38136 5.50229 6.71241 7.77926 1.18756 7.38001 4.02118 6.61009 6.87422 5.01473 4.04223 9.14215 9.24037 7.70275 9.3955 2.15927 5.10564 5.03297 1.67684 1.46126 5.89766 6.79164 4.96146 4.24725 5.19654 7.94925 3.51443 3.83099 9.73636 9.22938 6.20817 8.18832 3.36372 7.75965 1.14703 3.83654 1.45327 7.30462 2.9988 4.5459 2.28031 7.58076 8.53337 9.38305 1.8504 4.1535 8.86834 9.58662 4.68605 3.41622 8.92171 3.7747 8.07034 3.15132 4.57154 7.98447 9.24769 6.17333 3.02272 2.0438 4.08158 8.55407 9.88069 5.77488 8.66932 2.92971 5.43227 1.52991 9.41388 1.39009 4.63349 4.55881 8.05271 1.44983 7.30438 6.70893 4.14362 7.60165 5.03093 4.95686 9.50768 4.95163 4.27397 2.2722 9.12915 6.43653 7.18512 3.31339 8.01246 7.12315 8.62978 9.45559 6.49616 3.08967 4.91713 8.65058 7.52401 7.38911 9.73718 9.61865 6.37299 4.59473 9.80486 7.87258 3.33841 1.42752 8.71107 5.07364 7.87602 6.9657 1.48089 5.21957 2.70117 9.93625 1.33868 1.16469 7.345 2.58851 6.18032 9.9719 2.66762 1.6497 8.25244 8.59688 8.8284 7.86263 6.53864 8.40415 6.21323 7.60531 8.35285 3.01533 9.8188 3.09267 6.63957 9.98927 4.59399 3.66025 9.48131 3.83433 7.23819 9.62999 9.3129 5.85265 6.95674 2.25797 4.34297 2.31642 5.67334 7.26428 4.68236 1.47624 9.19952 2.4448 9.67961 8.90148 9.86116 6.86517 5.96347 6.65266 1.08196 5.13659 8.69244 3.78588 1.42406 8.27386 6.51137 9.68927 2.58558 3.63527 3.71502 6.75152 7.85527 5.44467 2.11873 7.86231 3.52415 3.39547 8.13605 5.24497 2.75421 2.83669 6.56351 4.12096 4.4041 8.04112 4.57225 1.70657 6.31187 7.05536 6.40688 6.04149 5.53478 7.63206 4.29121 9.14952 8.04608 2.74406 8.04108 9.0313 7.38888 5.18062 9.88424 3.989 8.78697 2.72572 5.9872 8.7831 4.21277 9.41826 7.18921 7.12122 1.91224 1.39444 7.44311 6.97893 6.88683 2.81211 4.46342 5.2526 1.83252 2.35708 5.08127 1.24432 5.03581 1.83163 1.80646 9.47882 2.72677 3.32485 6.09657 4.35238 3.38918 2.46519 7.83302 8.11391 2.52759 1.25492 9.50423 2.67787 6.39151 8.98667 4.59577 2.76939 2.15658 8.74202 3.6876 6.90133 5.06278 1.97206 4.75823 1.68338 7.0097 9.66004 2.19605 5.9632 2.10876 7.56605 3.01757 6.29963 3.69259 7.05366 9.7928 4.26786 3.28133 6.99868 1.77752 9.0967 2.00598 1.27989 8.75277 7.1378 1.98887 1.35187 3.07117 2.66702 7.181 6.39974 1.41045 8.51768 2.1566 6.57608 2.73386 9.046 3.36453 5.81976 9.95773 7.92844 7.33691 5.75689 4.82601 3.29115 2.35457 9.1837 6.49178 2.67141 3.06973 2.63159 2.30597 1.31114 4.58557 3.51407 7.31287 9.2824 4.4929 5.35581 4.95289 5.94495 7.36382 5.60374 7.47222 6.23581 7.20247 3.5201 6.53957 9.29092 6.35275 8.65758 7.5699 4.89872 3.3631 1.41652 8.25527 6.2859 8.30832 3.18403 6.80263 5.73503 9.06839 8.55527 8.37864 1.53434 1.06436 9.1367 7.26164 1.75948 3.95123 5.4313 3.20048 9.38735 6.76792 2.30598 2.48055 2.24186 8.04417 1.54086 8.19667 2.27187 2.36462 4.96067 4.23319 4.66102 7.88975 5.64815 9.45098 5.26971 4.334 7.73951 8.58149 4.90901 1.90085 7.30189 7.32791 3.94669 2.6749 1.79286 9.17326 9.74519 2.97107 5.60195 8.39558 7.43172 5.14076 4.17425 3.79013 6.50031 7.33505 4.21594 1.59858 5.74593 2.725 4.482 3.14533 7.03063 1.67885 8.6458 8.68077 1.38173 9.39638 3.75083 5.9316 3.922 8.50025 7.74441 1.85819 7.13194 5.08435 1.59344 3.11898 9.94399 7.71919 2.4822 3.74188 1.16888 6.91437 3.59213 2.50272 9.75395 4.53803 9.96373 9.51075 1.3735 7.69331 3.94039 1.5011 3.85118 9.55195 6.69432 1.33439 6.91443 6.64476 6.3345 7.20327 9.78095 3.1093 9.09664 1.046 5.07713 6.39441 2.11516 4.66713 2.58865 9.92193 3.27729 8.06515 7.34296 3.20537 4.65905 8.46718 1.5239 4.92558 3.04343 2.57071 6.71829 6.46356 5.02046 8.49236 5.99461 1.39018 2.16938 4.92365 9.31362 6.41303 1.82286 7.99387 5.77112 6.28024 9.9132 2.3399 5.17265 7.14135 6.40056 9.8831 2.44028 4.8652 7.7833 3.81324 4.35141 7.8149 5.19025 5.27942 6.10957 1.57976 7.55508 7.28808 3.24734 4.16429 5.37265 9.30803 7.36117 9.13424 3.53745 5.08241 7.1784 1.21965 1.76405 9.14785 5.45611 3.87494 8.08952 9.56054 1.21218 1.29603 8.95799 4.32935 2.78831 9.39449 8.38714 9.05603 4.245 3.22873 5.7168 4.2824 1.58873 2.3922 6.43952 7.04454 8.33099 3.85865 7.61322 1.13411 2.87946 9.7844 7.35585 9.56662 1.26121 1.76764 6.92204 7.75672 7.67783 1.0648 9.86187 5.90062 9.39275 3.26387 4.76162 
4.0
19.6973 17.4088 9.52148 7.99903 9.64394 13.6248 12.2327 3.75055 9.39721 3.20344 16.3798 16.2551 4.19428 13.0459 12.6264 17.5146 17.0095 16.4989 8.68978 8.16912 15.5953 8.4606 9.82267 18.6684 13.6555 15.8681 17.9287 14.3267 15.1523 16.5687 4.31006 19.2598 8.74508 9.57376 9.04829 18.2054 3.36265 11.6948 16.0177 5.2257 5.9082 7.56314 8.53156 8.29356 4.09696 6.03211 16.6215 8.76081 17.4267 13.9618 2.94929 16.7097 9.28111 8.38705 10.3514 5.18711 11.1659 6.06789 4.01679 18.3215 18.0777 5.42307 11.2972 12.3229 6.00604 7.84622 10.1505 14.3651 8.56771 19.4049 7.21606 14.3517 9.77427 5.92247 8.52445 12.5639 3.93221 8.44268 17.8384 16.1918 15.676 14.0773 17.6273 11.7482 17.1339 5.23609 13.6749 12.3652 3.2267 16.2404 8.31872 8.97396 18.0989 8.31848 19.3233 14.3667 15.6834 3.98478 9.3859 11.142 13.3982 3.80105 5.27472 10.5329 7.97657 18.5209 19.6005 15.1173 4.42948 9.61698 18.2203 2.41185 5.14141 17.1908 14.275 10.348 4.09853 16.2655 9.85825 9.63165 13.2498 14.4619 10.3197 3.98462 4.00116 4.05622 12.1999 7.26988 6.84191 11.4218 9.79889 14.499 18.1047 18.853 11.3768 11.7227 10.8576 19.7719 19.988 15.8038 4.92952 18.3182 5.94724 9.07383 7.06822 18.3216 5.92971 11.8714 10.231 10.657 15.7027 13.964 7.00841 3.98277 9.49113 7.85287 8.18079 17.8614 4.97489 6.95983 3.40745 11.2635 2.92001 3.69765 17.0488 7.45418 8.44187 2.42301 16.1211 10.2624 16.9016 10.2722 3.38444 8.73333 9.43514 12.8795 16.5631 7.16292 3.11522 15.9792 6.69874 17.5161 2.74606 17.8888 18.6369 5.22705 7.29094 11.877 16.6456 13.383 7.93255 9.41273 12.1674 6.28991 4.76618 3.29838 16.7036 17.4221 15.1257 5.68486 8.83224 16.7537 10.5424 7.97002 14.3577 10.4733 7.33645 15.5796 2.59393 4.08165 13.8416 4.63137 3.78055 17.8719 5.2622 7.4814 6.63109 19.7927 7.16327 12.154 5.01468 18.6937 8.59345 8.65361 4.77025 2.95492 19.8406 11.1604 17.6536 3.49797 13.8205 11.108 15.4175 2.18033 12.0976 14.1439 15.0239 18.5726 18.5399 7.97354 15.9901 6.11859 7.60529 14.0866 14.8665 16.6778 12.2615 16.3659 15.8481 12.4513 14.5386 9.57971 10.5184 18.2901 7.7145 14.7563 7.7261 11.3862 5.13297 16.442 14.5946 7.34681 4.65467 10.8409 13.6647 9.65112 7.74099 11.839 17.1693 11.49 12.1706 5.90953 9.44219 4.98835 5.38899 8.90236 2.45799 6.8106 3.49055 17.7153 15.5064 19.1486 18.8337 9.84895 5.9986 7.09269 19.2889 17.8436 12.4062 9.38528 14.1191 17.5998 14.3336 13.5575 5.49312 17.581 4.72284 18.4485 12.6325 15.8995 13.1913 5.10763 15.5899 14.2847 17.5022 5.07935 7.66178 7.93501 4.16779 5.07112 3.4324 14.2515 7.18584 3.00392 11.4519 5.45522 7.90828 8.44568 16.5463 6.08695 11.0431 14.4275 16.7612 4.38978 17.789 3.64277 15.937 10.5746 13.1025 16.0288 16.9183 18.9683 12.0986 16.7317 6.39561 9.04503 12.5833 5.45387 12.3791 12.3397 6.71994 16.184 9.30634 2.24501 6.82742 16.3105 3.78243 11.6909 4.31186 2.11715 3.95255 19.7067 14.7308 11.6621 7.50779 11.8664 19.9905 10.0391 17.3236 7.61668 14.6754 16.0221 3.73129 9.48735 3.51114 11.0923 2.42169 9.18523 12.9602 17.848 14.9825 5.57039 17.9499 14.7977 9.068 7.51536 8.73362 2.53532 9.20124 12.6471 8.88507 14.299 17.2098 6.97201 17.4246 7.91201 5.29387 12.3832 10.0792 8.10693 8.72701 11.0511 8.67458 4.23247 3.19025 7.6971 11.6605 8.34312 7.73856 4.74891 10.7688 12.6717 8.40026 7.37994 12.8043 17.4844 17.4093 13.4308 3.56821 12.3193 7.07043 15.214 6.91496 9.60697 15.2567 4.2009 13.9411 13.6741 17.5406 5.59219 7.30756 6.13038 6.95716 7.77067 17.6946 10.6376 2.40053 11.637 5.38928 12.0619 12.6529 10.8285 8.00634 9.00861 19.0466 19.82 5.34121 10.7403 3.75867 14.9086 14.3563 5.47724 14.7385 13.0803 9.29993 17.0806 6.26808 9.76021 17.9581 7.11904 4.15551 18.4446 7.03921 9.3175 10.5606 5.21683 15.6911 19.3891 17.4538 15.1454 6.1516 9.24999 11.7078 13.5652 16.5314 2.61641 16.8223 9.24098 12.7301 4.98536 18.2806 18.4145 6.48428 12.9976 15.5401 4.73382 16.5497 4.18331 11.6551 2.06559 8.01504 6.09131 3.53249 15.1903 16.7492 19.8001 17.82 13.38 17.9812 4.81256 3.42786 7.85938 16.0128 6.33282 3.68266 6.14911 4.06403 19.9265 5.11438 14.2922 19.2516 16.5633 11.8761 5.96343 13.6999 11.0426 12.7965 11.461 18.7853 2.80229 12.0654 11.5815 17.5124 14.1092 6.55172 5.3779 2.02397 18.6339 8.7546 8.79932 9.2434 3.40712 16.3871 11.2148 17.6496 11.1595 9.59309 6.81915 2.18532 10.044 2.79617 19.9219 12.2977 13.7416 16.1824 7.11894 12.1123 10.9487 11.8151 5.34708 13.7391 19.2486 19.3827 12.8213 8.71203 2.36495 10.5797 7.85505 12.5612 19.7984 17.1198 6.56286 15.5173 5.84593 15.3822 6.44643 10.3501 15.0029 18.6911 4.86302 16.3379 6.74816 8.22738 11.3769 18.372 6.71181 17.5731 8.99348 10.1918 5.22574 19.8896 17.2764 6.75476 16.2571 4.72734 14.3472 16.7373 17.7245 19.4694 14.7681 2.16981 16.1969 4.40732 6.30746 14.2041 10.9759 6.44998 6.58786 10.0135 10.5599 6.46517 14.6173 7.8257 2.49174 17.254 10.203 13.0889 11.5891 11.1582 10.2483 12.7702 3.55762 10.3002 10.9318 10.7874 2.98649 6.45573 4.76998 5.57266 2.72753 7.55987 9.56224 8.7703 15.6566 3.84532 10.2188 6.06618 7.81785 6.61374 2.4715 13.1506 9.95107 6.63987 3.46735 19.8139 2.40148 5.20845 2.24493 11.1746 14.4126 18.784 3.09352 3.04059 14.802 12.3133 8.7952 10.4033 17.0193 4.16073 6.74959 12.0641 11.5878 9.67667 2.98149 10.3943 4.92842 12.3982 5.03137 15.2272 11.5663 7.88306 16.7286 14.8835 8.72087 3.17623 17.8474 15.3291 6.27795 16.9093 9.64601 12.4664 7.14525 17.033 9.28804 14.5573 10.9904 3.18157 2.14722 15.7801 16.3619 8.67153 4.9946 19.9188 12.1928 13.1316 15.0687 15.1848 3.68722 8.76673 16.0285 17.1722 9.58974 13.2539 13.7892 8.94536 3.83758 2.27159 3.24051 3.25922 8.5955 4.66169 18.8486 19.913 5.67366 9.22406 8.13962 5.23603 17.3282 16.1442 5.06735 8.70696 5.44449 8.05363 18.2625 13.7053 12.1037 11.723 3.16561 7.39622 10.5316 7.38798 17.0424 10.7477 15.4304 18.7084 7.88215 5.68097 11.6933 14.3596 2.17851 2.3534 16.5023 8.25682 16.5937 3.57436 13.8084 7.41255 8.50483 19.3539 4.19441 14.4266 18.4339 14.5841 17.121 3.60884 9.35954 14.8535 4.55576 5.73508 5.91266 19.3942 2.98413 4.43535 2.45405 18.1613 14.8042 13.2153 9.03524 14.0463 14.1039 18.1103 10.2421 5.22222 13.8205 10.9724 7.92125 8.62187 5.28397 14.39 12.7891 7.54922 13.1422 17.2404 11.9239 12.4232 4.66943 9.87534 11.1409 9.65468 4.4578 19.9389 17.2492 5.65565 9.491 13.8186 5.19322 12.9821 19.6013 14.7294 5.075 5.60873 12.3092 14.43 12.0609 14.3375 15.0459 11.5724 16.1701 11.3382 13.7585 5.68431 16.9466 6.82174 12.8982 9.78382 14.0135 6.84735 3.79131 18.6276 18.5104 3.26125 12.3926 13.5915 4.41348 4.76901 19.4224 13.1838 6.73859 10.1403 13.8853 16.1919 15.6268 4.54686 8.97278 8.46129 17.3131 6.03258 11.3481 6.3072 10.9777 9.11725 6.81399 19.5597 10.4804 14.5325 7.36323 15.2411 3.97733 10.0908 6.61217 16.8764 6.42087 19.6871 14.6169 6.43632 15.9424 13.4339 19.0722 15.9133 9.11763 11.9279 7.8937 3.53049 2.11485 15.6507 8.18202 9.5832 6.72601 2.50186 6.57073 6.91336 16.2806 2.46443 11.9564 13.0168 12.4425 6.4038 17.6117 4.78315 19.8891 5.99911 15.6814 4.869 19.8739 11.8075 19.061 6.70327 19.6718 4.46128 9.65834 17.1259 16.9067 7.99765 2.03798 9.65895 11.7622 6.32157 15.4482 13.411 4.0756 17.8012 17.2311 4.61389 2.31402 12.9964 8.61534 5.79237 17.4335 8.51938 9.89184 5.56687 14.6212 4.0294 7.97201 14.0887 11.92 5.35893 19.3291 11.1084 10.7364 16.7735 7.3223 11.6765 19.2308 11.364 4.90332 6.47753 15.5906 14.5721 19.7063 19.7964 4.18671 3.84789 18.5203 6.11807 11.6119 11.441 18.1444 8.35972 13.603 7.32425 3.62586 10.7357 17.8449 3.24993 6.88112 17.2555 5.65832 8.93921 12.6995 4.8543 11.5696 11.4042 7.12956 12.1567 7.76397 4.40273 15.2488 12.8728 16.4209 5.02629 11.3154 14.8273 8.933 12.4203 16.3035 15.6216 15.0073 7.6377 13.8209 3.92837 18.6493 3.62475 17.4097 15.4193 10.0304 10.3403 10.2295 18.3253 4.23696 14.0075 18.1239 15.6296 17.9038 15.4983 19.0694 12.8941 12.729 10.8507 4.00718 4.71755 12.8725 12.9194 18.058 6.82793 9.23697 15.1584 11.1194 16.8063 19.6318 14.537 10.8461 2.44418 7.81974 12.5886 15.0131 16.7338 12.4465 3.59158 8.26177 16.4907 8.85285 12.8844 4.22815 5.60957 16.77 14.3121 14.0549 7.95264 12.8975 
4.0
3.67588 7.97706 9.90267 5.05565 15.5561 8.41478 19.8315 19.6478 8.91076 11.7955 6.98882 3.05082 19.2516 19.9192 2.44031 6.71957 3.13384 12.8065 14.3825 3.3986 5.82543 12.3936 10.9255 10.0555 15.4532 14.9538 7.85295 12.0405 16.6254 17.2452 18.3571 3.47291 18.5311 19.3859 17.7517 8.85386 12.5155 13.4543 4.16132 4.90573 12.1329 2.81754 2.1862 3.63818 4.67473 7.18539 18.545 17.6407 3.17581 8.39111 12.6934 6.60146 9.89577 7.89888 17.419 12.0535 8.27787 7.03774 4.41388 3.3465 10.384 8.96209 7.8222 19.8457 6.80656 15.3388 10.7657 6.35724 8.05638 8.76071 17.8452 16.7802 6.4278 19.8871 16.6182 2.98509 11.3399 18.3101 17.0541 7.91851 5.15467 14.1483 15.9654 15.9353 8.47102 19.3666 3.41488 9.3562 11.8963 3.82244 2.10056 6.25308 17.2938 17.039 4.71635 16.4598 17.5067 16.7047 16.2895 14.8104 13.5593 6.89955 12.4946 12.603 6.33364 9.04741 2.94449 2.29167 7.72406 18.5957 10.4568 18.4029 8.26721 10.4208 11.2983 17.6807 18.2492 19.961 7.40464 19.4564 11.289 3.0748 5.57769 11.2465 13.3989 5.62687 2.65853 6.5763 4.52078 3.79997 3.67762 12.0301 19.5396 18.1336 9.98127 2.52813 7.77325 6.2891 4.33476 3.83032 17.9386 11.5417 14.0019 3.26601 15.595 17.9984 8.8015 3.69069 8.063 7.54342 3.13968 13.6692 17.8212 11.509 11.0197 18.8853 3.3783 4.07397 7.02753 15.7783 6.6226 6.38797 10.2945 8.40545 13.6476 14.4228 12.4363 13.5318 6.05424 11.5499 10.4683 10.9457 13.73 2.84497 9.6982 10.002 16.1043 8.11828 5.59434 7.39054 6.88003 4.67252 7.6311 7.132 15.2428 8.7865 6.11077 3.80031 2.54572 16.9257 16.9619 9.97125 3.47089 13.6795 15.5143 10.8979 16.668 19.4245 2.25058 17.4124 13.869 6.715 11.5342 10.0548 4.47935 18.3996 18.314 17.4276 2.64617 10.4648 3.80583 13.7777 13.8026 4.60423 9.14978 4.8045 13.6887 19.516 6.0449 4.69454 18.8496 5.92491 7.35996 3.38291 5.60912 10.3326 12.7209 5.041 10.5206 18.4933 14.075 2.79098 7.29467 9.61663 16.2312 6.64678 19.2025 14.2971 9.3776 7.68159 7.95653 5.16952 10.5748 13.422 16.0677 7.29174 3.22636 19.4686 13.6784 5.2534 17.5258 16.3434 16.8733 16.0115 18.8798 4.56324 18.4655 12.4525 9.30806 8.94068 10.2599 12.6809 8.82009 11.1104 15.7932 2.03442 15.7681 7.28309 16.55 2.82591 9.1769 2.2251 14.6559 12.8115 2.04969 2.46538 7.04714 19.3855 10.6512 17.7285 6.11618 8.50203 2.76704 7.59434 7.83479 13.3228 13.9393 16.3845 6.35303 13.5918 8.67912 19.2751 10.075 18.7365 17.6561 10.6361 14.2112 19.6953 19.8632 19.5975 10.8073 16.472 10.7597 7.84153 9.24978 4.41683 13.3889 18.6222 4.2476 18.2332 5.4746 10.0106 8.29108 8.71235 5.49182 11.3674 13.5868 11.1933 2.71594 18.0413 18.4695 2.75032 10.2473 11.2947 19.2899 15.1063 16.013 4.45563 12.7802 8.27326 2.74471 16.2959 17.8947 17.9186 9.93338 16.6365 18.1282 9.45903 12.7606 15.179 13.3104 5.87992 5.00637 14.5637 9.87695 12.2821 6.9332 16.6546 12.617 16.1548 7.14724 19.0503 8.89733 18.3751 9.4357 10.8222 8.36341 13.9342 13.5808 12.4788 3.11635 3.38984 11.1504 7.15671 19.3669 8.04612 5.26531 6.03802 17.5661 7.85878 9.34259 4.99462 10.0117 9.06782 15.8163 3.45876 8.9324 16.5564 15.834 4.52031 12.0475 9.93647 6.93031 5.25054 16.6039 4.36058 15.6769 4.25246 16.889 7.06077 18.309 17.4378 12.2207 4.61366 2.32814 3.03034 16.4138 7.93221 16.0825 10.7962 5.7231 19.9841 17.3225 6.50014 12.2623 7.23644 15.7338 10.589 11.9008 9.82751 14.4467 2.10128 11.6356 3.46452 11.522 10.8034 3.44125 8.04828 16.4135 10.5528 9.59485 2.02434 18.4068 18.8869 12.4789 11.4606 6.03524 15.8396 11.8598 4.85187 10.4717 14.9835 2.64371 16.6502 19.8976 7.69892 8.10799 4.52256 7.84807 5.66997 15.6102 7.33496 12.5337 10.6064 3.77308 18.8626 6.13913 10.1926 16.1462 18.2271 13.0978 9.26269 2.34412 4.06027 18.3436 15.2029 11.6615 5.39401 16.539 4.57962 10.1642 6.27732 13.2795 5.99461 14.2571 9.11955 5.27522 2.16659 9.72908 11.7602 2.50821 2.23943 7.27359 15.2656 11.3671 5.31685 9.48651 17.4515 5.758 8.22371 6.34026 19.1333 3.19172 12.4939 8.13458 16.1013 2.84806 3.58462 16.9238 3.8242 10.6163 19.3176 17.4208 3.87807 16.1123 10.5466 14.3772 13.102 2.6722 7.05104 17.4408 10.4808 17.3229 3.65745 18.4886 12.7535 3.7288 7.58609 6.43729 7.74952 19.1149 4.02503 10.5299 8.45008 16.1672 10.9304 19.0988 2.77724 8.90893 16.0533 16.8058 6.10896 19.5539 3.19329 5.3585 9.52087 13.336 4.6786 16.7028 12.7546 10.3152 9.07242 19.6931 6.91275 5.16081 3.10632 17.2376 5.8801 9.91034 12.8399 18.9216 9.47191 12.7057 9.0469 6.10611 15.3083 5.50565 9.82849 6.5041 16.4154 17.7746 11.4523 17.2324 11.5533 3.14846 8.41841 19.3408 19.2698 2.07663 3.75221 2.81743 14.6817 13.4408 18.5232 11.0707 13.982 16.1501 19.5906 15.8878 9.67396 5.71315 8.57611 9.87025 17.5314 18.7863 11.062 19.3449 10.2858 10.6985 11.0168 10.7526 17.0403 8.95326 19.4474 5.51307 19.4094 11.7061 16.2771 16.366 13.386 18.2197 8.45119 12.1893 11.9347 2.29504 15.2679 10.293 15.3117 17.6789 7.93725 17.1913 12.111 12.4484 10.3651 6.84902 2.03781 9.37205 10.1651 17.4068 13.4079 13.2469 12.896 15.3812 16.3736 14.2129 14.5265 4.34218 10.8769 6.04293 9.12582 9.06722 10.3282 10.4107 4.78158 16.1714 2.01265 8.13401 2.74372 6.21445 19.2221 2.39495 2.79525 14.2846 10.1143 6.937 7.84942 12.0583 16.2985 4.23831 18.7736 16.3373 4.14693 8.66168 10.4394 19.0614 5.83433 9.58108 5.99996 17.7988 3.10247 19.4847 6.39316 11.7122 12.7522 2.05477 18.0717 8.00153 4.86153 13.2235 7.95971 11.8239 4.73096 6.20594 10.636 8.68929 9.55446 11.5096 18.7438 2.33335 16.8177 16.9201 7.62672 9.0665 11.4227 6.46343 13.1921 17.5997 10.5388 5.34543 2.00023 13.3469 13.1803 13.8671 10.58 4.20352 7.51096 19.3168 4.97208 2.80232 8.87476 4.83886 9.4974 10.2452 11.5531 18.2792 9.75322 10.3116 7.24902 4.00679 16.8352 19.1441 7.29739 18.7122 13.7863 19.4094 5.60229 12.1826 9.27194 3.93734 17.3005 10.0531 9.48208 11.835 4.15157 5.53534 7.25965 4.07858 19.655 19.1214 15.4556 19.5811 6.89297 11.2655 9.51053 8.73682 14.1008 17.0419 4.26274 19.4426 8.96298 7.77867 3.98312 6.59525 2.63641 10.6692 14.6363 12.0658 6.49987 9.35927 19.3687 4.15012 10.6302 12.5112 16.2226 15.4966 11.005 11.3446 19.0775 12.5095 4.4318 15.1531 12.8174 9.22985 14.2041 11.7985 15.7251 2.69216 11.4834 6.18082 6.10276 8.75804 11.4086 19.6853 10.119 9.42638 10.931 5.60542 17.883 18.62 11.377 13.5434 6.74445 5.44878 8.73607 17.7865 8.82097 7.94974 14.6764 12.6597 15.7511 14.3031 9.28635 5.85609 17.6748 16.5255 14.5432 8.74255 5.43946 11.6393 9.50761 14.6427 17.0337 13.3184 2.24524 10.0963 3.24675 11.0117 15.4748 10.095 7.55476 11.5413 12.9425 18.2948 3.23372 10.1788 9.5234 11.2054 8.69889 8.19747 14.0488 9.35531 4.07072 13.9012 11.8608 10.4344 17.9674 18.1298 14.0928 9.41231 15.5241 7.24097 2.67743 6.63399 10.6383 4.56916 14.0798 12.8913 15.4425 5.36031 10.7585 6.47169 16.0025 12.1837 17.3525 13.1828 19.2432 17.8203 8.59479 12.3543 18.1002 16.6274 7.9527 19.8158 9.89842 17.38 9.99447 14.8517 4.95723 12.5889 5.48267 8.1321 16.4218 3.29489 10.1941 7.62081 4.32152 16.3402 16.4662 17.4596 16.8545 15.1159 2.47012 6.82924 15.8991 18.7861 8.21017 19.7867 7.75169 6.98848 17.2501 3.07927 2.09087 15.0121 13.1657 8.93542 6.16875 14.4509 3.72414 7.83158 9.22835 2.33406 3.78966 4.23603 2.14772 19.7334 3.95611 14.3291 5.31057 18.8466 5.9058 4.70025 5.70357 19.5572 7.49505 17.021 10.2401 6.47185 18.5663 19.6954 8.31055 7.43292 8.48649 17.4861 14.5594 2.50871 10.4128 14.118 2.88849 14.4596 13.2837 16.8573 10.6872 11.6812 10.538 2.06797 8.28914 10.6237 16.5592 12.7447 10.655 8.6877 5.8471 19.022 8.28251 8.59742 17.9159 18.6601 14.3428 17.2494 4.91856 8.5077 3.0432 10.0382 6.99833 15.9405 18.2164 13.6592 16.366 19.2773 11.1367 10.3871 7.10445 18.1718 10.5626 14.8311 13.6993 10.9816 4.0057 8.16756 15.2965 14.113 7.22649 8.84807 12.6859 6.34346 6.95653 18.7847 19.0124 5.11958 19.8473 16.0117 9.21224 13.8322 6.64538 2.82363 17.1773 11.0678 10.5947 10.3905 11.6449 8.83678 7.06464 14.8486 9.81479 8.77807 13.4054 7.86906 5.69224 9.34021 18.0293 14.7018 10.1581 18.9392 7.71916 14.6968 13.7653 12.093 12.1631 7.30186 7.26172 17.532 12.7155 16.5366 14.8397 5.28704 12.3851 6.94323 5.11233 13.753 6.04952 
3.0
7.1558 1.99034 6.03215 4.69217 13.8422 11.8309 12.4025 14.1492 9.43466 6.76735 6.37656 1.75306 9.16074 14.6031 5.4408 3.80422 10.6239 2.52044 4.94192 9.82458 5.66788 8.77072 8.96141 9.47645 11.6993 5.26015 3.0243 3.2533 7.71981 10.7826 10.3919 10.6918 11.3172 2.64866 9.18849 1.85568 6.36518 11.4614 14.112 1.84043 11.6821 14.2883 5.4785 10.5503 13.8993 10.98 9.35127 14.4963 14.2876 6.88519 11.503 2.86537 7.29334 3.21238 8.96252 8.11211 5.53333 1.78778 3.39562 2.32076 9.9985 3.95988 10.5693 7.08943 13.2169 10.4005 11.6507 5.1856 1.62524 1.55208 1.58928 11.7231 4.40014 13.4721 6.33356 14.6105 6.49745 5.32298 8.13167 7.02115 2.65129 11.2595 1.6658 10.6347 10.0817 2.96206 12.2707 1.8999 6.16133 9.56641 1.98606 4.5689 13.7913 2.24036 7.69319 4.25342 3.73582 9.15647 5.08524 2.25193 12.1658 8.61151 4.72177 12.8986 7.66161 12.0423 8.91707 11.1835 13.9248 6.18787 11.7126 12.8948 8.9485 4.1487 8.18349 10.5315 12.3974 9.59157 6.32858 14.7388 3.44597 8.85162 7.79513 5.51414 13.3264 11.1805 4.68694 2.43477 7.83485 8.89138 12.7068 4.15738 12.0473 12.6497 12.3825 6.43859 11.494 6.66142 7.62772 10.9273 14.5429 6.00693 5.88559 4.47822 12.7422 6.87183 7.60741 10.2373 7.872 11.9241 11.8148 14.7482 4.45454 2.58793 3.99568 7.33059 14.9739 13.4635 14.085 3.47967 3.55425 5.14385 8.27834 5.03737 4.34751 14.6782 12.9305 11.885 2.87953 9.93108 4.78754 10.9072 5.60567 8.08887 6.30283 2.97774 7.4251 6.06209 14.7873 7.21636 12.4042 13.0345 1.64357 8.76746 6.45892 2.90886 1.93392 5.3501 10.2461 9.39856 4.03251 10.8295 3.01394 6.01648 10.6114 9.06005 7.66098 9.70985 7.71052 13.2498 6.25475 9.89171 10.6419 8.09649 3.25886 13.1189 4.47748 10.9448 13.7193 7.66656 1.87126 2.21569 10.1597 3.24892 8.96524 1.85627 10.4356 4.13687 14.1294 1.56221 2.79754 3.42177 6.28558 2.52088 11.9134 5.17587 2.56565 3.42628 2.09956 13.7592 11.0532 13.0154 2.51097 10.5228 2.85948 12.8761 2.04042 5.65871 8.2835 12.2763 12.1766 9.94631 6.30568 12.765 7.57139 14.145 5.66581 10.7945 7.56563 9.78339 13.7749 4.61419 8.42458 4.09549 8.21108 12.1856 2.53176 8.85256 12.0492 12.3696 10.2921 9.84201 9.77495 5.1342 9.99404 4.74266 7.53235 8.53451 1.88038 8.14639 14.9557 12.7139 10.6785 3.47638 9.33531 5.67673 6.33914 10.5518 10.3672 10.0824 6.23468 5.54882 2.23677 2.81102 14.5658 10.6086 6.78672 7.55079 8.22765 8.84107 4.01851 2.65633 2.88463 1.97574 3.67816 2.02895 3.50442 14.9088 4.67588 5.2682 8.10086 13.3966 11.0897 12.845 3.93579 11.6458 3.50326 5.04602 3.42998 12.0499 7.42706 12.9401 5.03297 13.3225 9.05447 4.61539 7.3019 12.7764 8.60107 11.9386 1.93935 9.49987 1.97828 5.08545 6.54015 1.67917 5.55094 7.59259 8.79715 11.8175 9.2288 13.1812 4.41606 11.6003 13.1421 8.10175 13.9891 9.65741 6.15095 11.2507 4.57802 11.9715 14.4391 3.80825 6.25535 10.1828 10.9409 11.6477 11.8556 4.54069 2.85354 9.76657 4.18472 14.2514 6.98165 6.48868 9.43882 14.4726 14.1673 3.68827 8.08186 9.20402 3.55317 1.7852 6.93229 3.82502 13.4301 2.26186 9.2087 5.52825 5.41817 14.4514 10.7844 4.4 14.7325 5.8476 2.40124 9.39701 12.7824 5.18614 11.5918 10.9697 1.85438 14.0473 2.06121 12.0821 11.1301 3.73044 1.77789 12.8777 14.287 4.14934 7.52275 9.74272 4.93439 7.99977 10.1479 2.01484 7.13183 7.44808 12.2942 13.0892 14.243 8.09134 4.81755 11.1704 11.3728 13.4391 3.17466 6.42135 7.13838 13.6665 2.0173 7.25825 14.0247 12.3888 3.24584 4.54229 11.0733 3.70789 2.77168 3.9178 3.65587 14.2794 10.2386 5.04681 11.5812 14.6521 13.9534 1.99015 5.78642 3.62841 5.77494 11.485 2.86195 2.39656 5.2127 14.3691 13.6609 5.68394 8.4842 5.90106 14.7419 4.68228 4.28124 13.2274 3.39632 7.49413 8.99525 5.74634 8.00944 9.85087 6.65161 2.1175 6.50527 3.85218 2.80295 2.66849 2.62573 4.47702 10.1314 10.4479 10.2937 6.11609 13.0099 12.6747 6.80977 10.8758 12.2724 10.3341 10.1337 13.9035 8.44306 8.17031 3.49907 6.48484 11.1747 12.3249 11.1121 3.6616 14.1457 1.87256 7.68501 8.62197 9.6662 2.50295 6.0526 1.61175 9.24363 12.5989 5.62334 14.1172 9.35646 4.46144 10.9142 11.5695 3.68751 7.43085 5.41961 9.82039 8.06608 9.65477 9.06415 13.6395 10.369 9.25228 9.9896 13.4831 14.1309 5.62477 6.92565 6.78476 7.11285 5.16319 6.89479 10.0165 10.081 7.60177 12.001 14.2723 10.0433 6.76825 2.05283 12.6231 14.1954 12.4806 14.2696 11.4924 1.82594 5.84032 2.82293 5.80457 10.4305 10.1719 11.4607 5.65357 11.7845 14.3591 4.46637 13.2438 3.22504 11.8277 10.7014 10.8524 10.3922 13.4245 6.98192 7.06237 8.17879 13.943 6.53965 13.0183 9.63906 13.5456 8.31628 9.45259 5.60697 6.33179 2.8423 5.73358 4.77285 10.3038 14.4496 8.68518 5.46937 10.4777 11.0679 2.42791 13.9163 10.8917 12.3557 13.4914 7.6746 13.2606 11.4146 11.4484 13.0588 10.0266 13.8379 2.82039 6.25927 12.0573 11.8433 14.5044 9.42274 9.73895 8.23915 13.9715 10.4422 9.21769 2.47538 2.48711 10.2055 2.03597 13.0276 4.60179 1.55349 9.91613 7.86593 14.6647 8.19621 8.94037 6.25712 1.60794 14.839 9.87709 7.65136 5.75208 11.2671 4.40379 10.9025 10.384 8.63933 13.4765 9.0726 13.3554 7.74065 1.5954 7.07022 8.45344 6.944 14.7176 14.8729 4.79231 2.63084 8.56547 9.58365 9.97669 2.32079 8.58231 8.071 10.7865 3.26021 14.284 13.9437 12.1333 10.7198 5.75711 7.60871 6.03775 8.25137 5.05409 13.164 12.3793 8.15293 10.2341 5.87421 9.16644 13.3937 11.3009 4.48161 2.07946 5.74756 13.7872 4.09984 10.5337 7.38525 9.23491 12.9425 4.01489 6.67626 7.32296 10.6351 11.436 11.4491 14.8905 10.3616 5.26502 6.96074 9.1071 2.09442 12.6751 14.3253 6.03963 13.1587 14.9651 13.1511 1.86512 9.38049 6.50281 5.13752 9.48048 8.06878 3.93853 9.38003 8.2586 4.58183 12.4409 9.6348 2.70086 2.72721 9.7041 8.79199 7.73625 7.24592 8.47595 8.30813 7.91687 12.1305 1.8584 13.8474 5.25996 5.02714 14.1288 6.3822 13.9865 7.97165 7.3331 7.00201 8.9059 12.7097 14.9 12.6821 9.69799 6.35053 9.52728 12.2607 10.8405 13.1055 11.5891 8.37514 6.93387 10.3594 12.8148 11.6072 12.1718 9.32723 5.4896 13.5873 13.209 10.0434 2.42642 13.3078 10.6751 12.9363 13.9591 8.89507 7.58458 12.7359 2.20753 2.09086 5.3943 8.46579 8.36376 8.69226 14.4563 9.26901 14.2501 14.201 4.61808 2.31813 3.89815 2.93149 5.21844 11.059 2.40002 13.3281 10.2307 7.53847 4.28025 10.241 5.80185 9.56666 14.1398 12.9117 5.43825 4.96236 3.82118 12.9164 5.08801 6.63307 8.8454 12.82 13.3697 2.23878 6.37001 3.28721 1.69739 7.6897 13.4189 6.9043 10.5528 1.72809 7.1336 6.45868 13.653 4.84399 11.2957 7.42807 5.76552 12.275 4.87145 11.9285 10.4191 3.83983 10.3269 5.37109 14.2618 10.3563 3.96549 3.07835 10.3147 13.893 6.03643 1.60875 8.37276 12.6044 6.36491 3.54087 5.80195 13.9014 2.25365 14.4662 6.4827 3.20443 6.906 5.4411 13.6501 3.03107 8.12051 9.64759 3.38028 13.1679 5.50696 9.01328 6.97371 14.1759 11.4739 9.0402 11.9845 13.9803 9.23774 11.5926 12.6465 9.29376 9.60307 13.8937 13.9459 3.62421 10.7648 13.4817 9.58979 7.61633 2.88173 12.3744 8.12231 14.9771 10.6711 13.6928 5.93598 14.7351 5.27562 3.99418 8.43046 6.08427 2.65076 9.06374 11.5673 9.06134 4.22468 13.9151 4.57157 10.3071 2.57884 10.2504 14.0294 12.662 4.90046 2.62841 7.13267 6.34565 13.4564 7.09282 11.8197 3.46993 10.3384 8.50849 1.56257 7.63674 7.23004 4.85725 10.5511 6.36916 4.94507 10.2425 13.523 6.62692 4.48704 9.8527 8.99072 12.1557 8.88074 8.63422 2.1147 3.4204 9.02491 4.92266 1.97317 7.87267 14.3165 3.78354 12.9784 10.802 13.2963 9.31182 13.6893 10.5211 6.06649 2.64042 10.7709 8.63508 7.22892 6.90775 12.8498 9.64494 12.5956 2.9342 12.0164 9.63454 3.92021 12.8576 6.72358 7.79197 11.9014 7.4778 5.33205 7.01472 14.7073 8.55988 3.55164 10.3489 2.77167 14.8469 10.0296 6.51235 14.1117 1.53098 5.33537 5.25192 11.9167 13.4341 3.09123 7.78453 2.65923 7.64702 4.00029 13.5723 9.97662 5.87816 11.5204 2.68167 5.57489 9.76054 7.93457 8.47657 6.40361 9.86832 5.56824 3.89542 7.3525 14.1921 4.40257 13.0622 12.7194 8.32325 11.3346 9.48165 11.1997 2.59712 6.3335 12.568 9.14742 10.9454 10.7439 11.2584 7.35762 8.70743 7.9849 4.95943 9.12032 11.1503 6.89642 6.57866 12.2959 9.44808 11.4813 14.3892 5.66211 13.8703 11.7944 13.4787 3.28234 8.429 2.72772 13.5326 2.1456 12.7346 10.4427 8.20069 4.82779 
4.0
10.9083 3.25239 6.33764 17.0555 18.838 15.921 2.66019 11.0576 3.1483 2.45655 6.34616 2.77511 4.70594 15.2315 12.3441 16.2082 19.7903 15.7578 8.67446 3.70727 7.2968 7.55598 10.5273 6.86212 5.97875 11.3138 10.8992 2.17948 10.7291 17.3332 18.7687 16.55 12.9004 14.2668 13.8118 17.504 15.6648 13.1433 6.65552 19.2567 15.4117 3.68232 15.6709 17.5422 12.1864 13.8975 5.30544 14.2363 4.16561 11.9894 10.9538 14.7691 11.174 19.5271 9.36843 7.32593 10.2384 12.9193 11.6086 4.83781 8.1819 18.1736 9.52874 14.7607 8.25672 11.9457 18.8061 17.644 5.81596 15.8774 11.5069 17.4879 4.02475 15.2235 17.1919 10.8903 4.61025 16.7678 5.56147 9.98167 18.6508 3.02861 9.63841 2.15065 16.4041 7.75237 12.4914 17.5571 5.17454 15.6974 2.49632 7.43513 10.2192 19.7061 8.13746 10.185 3.69375 10.0661 13.3471 2.25398 6.63632 13.1611 14.3847 18.8063 12.9914 8.41014 11.2547 13.1823 14.6723 2.49618 14.664 4.14638 10.6626 17.8838 5.51763 15.9244 9.1572 4.62598 17.9543 18.0296 13.7416 8.45963 12.9206 17.8783 2.61105 10.1906 19.2844 9.19386 17.8284 3.36769 11.487 19.2003 13.6209 13.2452 18.7349 11.6048 12.7163 12.0353 6.73024 14.3691 3.71772 9.44897 8.9403 13.2703 2.5182 3.52623 12.4063 16.2506 16.7534 16.7552 3.09084 9.55545 12.2942 10.4804 17.7651 12.6621 16.7777 10.6002 13.4344 6.99614 9.17797 3.55316 13.3032 17.4372 18.4152 7.59327 16.2787 13.6141 8.00414 4.35477 3.01475 17.9894 5.74206 9.70557 11.493 15.7314 19.435 4.8899 3.14446 17.3774 17.6634 6.96004 14.5099 13.2844 2.58742 17.4971 9.43885 8.86927 3.78997 2.62066 16.8279 5.63862 2.16014 3.28804 4.89851 9.00672 8.81496 6.8819 5.01289 17.9032 2.06035 3.08739 8.03001 5.16972 19.3913 17.0582 2.19999 5.74522 17.5308 2.87185 17.5978 15.641 13.5083 2.27354 6.0959 16.704 11.7768 19.7098 15.8762 10.1702 14.369 18.6506 3.4806 14.006 15.093 12.2008 12.4013 15.039 4.76654 5.00049 7.20939 10.8786 14.4906 11.4148 2.22309 6.62466 7.96171 15.0121 7.71479 11.3655 9.824 4.33194 18.6572 7.4652 11.0595 3.94155 19.0085 9.64005 2.41811 19.7817 10.5369 6.82351 18.8863 15.8017 3.1835 11.8207 6.19496 2.88266 11.9651 11.7519 4.36654 15.0514 15.4157 8.28489 9.30083 17.9815 10.5665 12.6566 7.4001 10.7852 11.4661 4.48359 12.2332 6.09294 18.239 7.36198 4.23884 5.42283 19.6829 2.25589 16.4677 14.8389 2.4062 11.6754 15.3638 19.8983 11.5031 3.64332 17.5849 18.8879 19.7691 2.45125 19.862 15.3497 10.4546 19.2044 2.89761 14.895 12.5581 9.15572 18.3036 17.3085 7.65824 8.82901 7.57747 12.9405 5.28495 11.9311 10.1185 10.389 7.82968 7.0529 13.2821 14.4701 17.9947 6.1601 11.4738 17.4779 7.78134 18.8721 13.2821 12.7337 2.01759 17.5307 5.65031 3.42361 15.4244 10.0575 10.0877 15.7256 14.2212 13.6003 5.91961 17.2258 19.2707 9.96899 17.5762 19.6233 17.7622 17.8601 14.9212 14.7247 16.4346 2.87034 13.6185 4.72712 11.3383 12.2998 6.53912 9.79075 9.13542 3.74332 5.20614 7.9 18.9404 6.4719 2.27929 14.0141 5.69861 12.6023 8.07845 19.5065 12.1044 3.0563 8.14617 16.8937 8.05833 9.3087 12.8493 10.8525 16.6631 3.92454 10.0198 6.52717 3.75915 6.88534 9.6342 2.12467 7.99839 2.70438 9.53275 12.8 16.458 19.331 17.1771 8.82965 8.79278 17.8443 10.4471 11.075 16.9263 15.935 8.47736 10.7339 11.2818 4.17774 9.53151 10.3819 18.5516 6.09119 2.91695 15.3028 12.0058 2.98789 9.93777 2.10689 15.3399 2.61295 18.8871 17.6403 15.0617 8.57185 3.07822 3.1816 14.4172 7.54731 12.9153 18.9285 3.8553 19.3052 9.00246 13.7731 19.0319 2.4895 3.29249 13.3666 7.35288 3.20643 13.2743 15.473 16.0563 15.3974 18.1997 15.6111 8.83342 12.0014 16.3489 9.98702 3.98897 11.9061 12.3353 2.71445 3.14044 11.6879 15.4494 8.32459 7.4564 7.14199 4.04163 4.56511 4.43394 5.59992 8.94421 6.48802 6.21509 2.03771 18.9322 18.8267 4.44239 17.9721 5.22371 19.6621 12.6535 14.1462 2.01867 2.37768 7.21468 10.0044 18.0774 12.9037 9.79386 4.95554 4.33751 11.2504 14.3721 16.4263 12.5706 16.3308 19.7944 9.70287 14.0773 3.07114 14.8601 16.5616 17.4218 10.8124 14.9511 19.6894 8.20539 3.99894 15.2006 7.89237 7.87911 16.1577 13.1997 13.0944 8.59516 10.1655 2.24366 12.1238 9.09771 3.80581 16.1174 8.29005 16.6527 19.6145 18.4195 13.7486 6.01643 12.0148 5.4255 13.6556 6.4438 14.741 7.49051 11.1113 19.7349 13.5515 15.9905 17.8921 12.3211 3.23092 6.80311 17.9727 8.3904 3.88089 15.3268 2.83644 5.05097 9.50051 2.03982 15.5747 6.5349 3.85535 3.59794 14.7762 6.44017 16.6358 2.47109 17.2042 17.012 12.9044 10.1192 6.26388 10.4632 2.83206 12.7074 11.2579 15.3337 2.72387 4.35931 6.4315 16.8891 18.3332 8.95094 16.8066 12.5578 5.4657 9.44214 7.80495 15.4083 14.8714 9.748 17.66 14.6643 8.42704 4.14905 19.6184 10.2598 3.60629 7.24051 8.93047 4.43268 15.2399 9.42065 17.629 13.3578 19.5645 10.9182 12.0982 17.8188 3.56059 17.3588 6.43096 5.91915 18.5794 5.87048 4.57534 8.832 13.2591 14.7284 14.2703 12.5897 12.73 5.53847 15.7703 6.91161 5.10856 10.9598 2.35919 18.0716 12.2809 18.9669 11.6526 8.80436 11.9748 16.6501 12.6904 14.2505 8.12153 4.55595 17.817 18.9412 6.50579 8.56567 14.3518 15.8217 12.7056 8.31352 13.048 4.31399 7.32086 7.14376 6.34079 8.41808 15.4907 18.6068 7.38446 15.853 9.70045 14.4946 16.8787 9.23633 14.8774 5.41463 16.6838 8.30326 10.7754 10.9034 17.2253 6.16423 18.6491 18.079 5.68686 6.60198 3.21649 9.83213 19.9933 9.40752 12.9113 17.5572 15.5818 6.7552 9.42378 9.42158 19.9626 17.6169 7.53105 19.1742 8.06889 7.21493 12.2162 2.49334 11.3951 6.51479 14.0765 5.87368 19.9251 8.75599 16.0208 9.05172 9.84882 12.0227 10.2561 7.97093 16.0682 18.853 4.56256 5.28566 6.49243 19.8877 16.8584 7.40418 17.1215 6.55745 11.0534 19.0708 16.9198 3.80973 17.1914 8.48682 15.4781 5.87437 12.882 13.9712 8.46451 4.06834 7.02169 5.15928 3.86534 7.63956 10.8031 11.7416 12.014 12.6498 13.0143 6.74099 8.40955 17.8964 4.62679 3.32919 4.32429 6.8738 7.67211 14.1823 18.2002 12.7729 9.40833 8.37557 10.8344 5.52083 8.77497 18.8167 9.35432 5.85859 4.1373 13.2187 14.9808 3.45871 3.31954 5.61208 9.58132 12.0814 10.9272 3.395 16.0117 18.7698 19.9585 14.9236 5.24705 16.0846 16.7049 18.641 19.3017 18.3777 7.94022 10.7451 14.9384 17.1042 7.39986 14.3956 13.1662 10.1747 8.54791 5.46083 5.52786 6.34528 6.63406 15.802 4.17583 13.648 7.03935 9.09813 10.7378 2.85918 10.911 6.20926 2.97078 17.0074 5.08622 19.0788 2.2049 3.92059 19.3053 18.1748 14.5755 10.8118 7.71355 14.4711 17.0449 11.9044 13.6523 12.966 15.213 8.09616 14.7392 8.74196 19.9168 11.6625 15.2373 16.5624 5.6193 14.9988 16.7134 17.0089 3.58723 6.4012 19.9852 8.15713 14.8579 5.88782 13.3579 9.79163 3.99517 4.05752 10.1496 11.1597 18.6343 10.9887 18.5058 15.2645 11.8162 8.17668 6.50288 8.69717 6.11039 10.5106 15.5408 10.008 14.5271 13.2888 17.025 7.6166 15.2188 13.2738 7.33675 12.2611 6.97021 4.78599 8.09337 16.9867 10.4777 13.8365 16.6969 17.6729 6.41779 17.2991 6.17211 13.1001 17.3047 8.1215 19.2936 11.5549 18.1367 17.5749 6.0016 16.9749 8.8319 13.5437 7.10754 3.63236 5.45275 7.853 9.28787 14.3569 13.2199 3.63652 2.3675 13.2971 8.31505 7.74252 13.8921 6.22157 9.47255 9.17925 3.98947 5.35876 14.3606 4.59944 7.52002 9.7759 7.75111 7.82374 10.5163 10.2971 14.4787 16.4033 19.9114 9.96033 8.18897 16.2215 11.557 15.0138 8.87544 15.1343 17.5296 5.45078 18.206 6.65052 19.7265 2.0844 17.638 16.6501 18.7508 5.16056 2.32289 8.14243 17.0848 11.5105 5.79933 13.0629 15.5535 11.2424 16.4759 14.1093 14.0763 8.97147 10.9024 17.6163 7.70825 6.59017 4.8309 2.47046 4.96989 10.5764 5.06486 6.06243 5.4668 18.8412 15.0983 14.2799 17.7977 14.116 13.5432 6.53855 18.7517 8.878 4.34696 2.85268 6.79481 6.8151 3.79759 13.9444 14.8455 15.8301 9.31921 11.3923 19.339 13.5837 13.0559 16.819 6.58077 18.5764 15.2449 13.1175 7.3896 5.7697 10.3786 10.7174 19.0289 17.7466 9.15594 7.88906 3.42758 12.4104 15.2227 16.0879 6.68995 14.2236 19.7009 15.3371 12.8945 19.9847 4.50688 10.6491 9.18201 10.1452 17.4593 18.4876 19.1323 2.66489 4.17519 10.2665 5.43062 14.4063 17.756 19.8898 10.8225 11.0687 5.26204 10.3295 6.35824 16.6605 7.9761 12.2429 13.9259 13.5113 10.4565 3.62879 8.07373 19.8224 5.37873 7.52299 2.12171 11.757 13.1666 2.73272 3.56177 5.06909 11.412 
1.0
4.4567 1.49837 4.9947 2.97852 3.83593 4.4795 4.27488 4.82943 1.21698 4.88131 2.83223 0.823265 1.97747 3.30897 4.77195 1.35584 4.33609 2.583 4.82804 3.48643 4.03793 1.07348 1.42453 0.804139 0.604114 3.91114 3.42619 3.29634 2.89603 4.82551 1.32862 1.96893 4.74389 3.85991 4.1379 1.96863 4.88985 4.71347 4.6896 4.95718 1.4955 2.96006 1.65729 1.48754 3.96383 3.39424 4.00047 2.63202 1.32571 1.25404 2.10204 0.612317 1.9407 1.57083 2.34507 4.68161 2.76247 2.39604 1.37919 1.50852 2.9185 2.65492 1.3263 4.31302 0.854377 0.877148 0.675815 4.00438 4.29249 0.554501 3.61933 4.571 1.25515 1.8754 0.574754 0.972173 2.4022 4.58645 3.14986 0.781893 3.93309 1.73091 0.795342 1.83452 3.80335 2.51413 3.39729 4.62247 1.50558 1.04595 1.05913 3.19578 1.66483 1.21 0.822995 1.81375 1.19852 0.910049 3.0806 1.09837 2.79069 0.943196 0.923507 0.93988 2.93083 4.7501 4.6829 4.40413 1.76709 2.29214 3.90876 2.39197 1.02393 3.30546 4.03856 4.30063 1.23429 0.68212 0.505315 4.43695 0.536163 1.22802 0.535207 3.43261 1.78362 4.54793 4.88456 1.41137 3.22232 4.30734 1.26631 1.1582 1.97945 0.621413 3.21595 1.04034 3.6181 3.32073 1.64688 2.43038 4.00615 1.3441 2.34523 2.38127 4.24955 4.00832 3.15419 0.803267 2.44009 3.40479 3.09767 1.89282 4.96759 4.17321 0.693533 3.06348 1.14659 1.40214 1.70624 0.628669 2.40745 3.40654 2.5889 0.986483 4.30191 2.63228 1.36488 3.5564 4.07313 4.93759 2.19874 2.71794 4.04019 2.50142 2.40672 2.00133 3.04694 0.608861 4.65664 2.28005 0.725465 1.5634 2.60727 2.21539 3.32388 1.97621 0.737101 4.20292 1.84862 1.18234 3.11267 1.07094 1.27119 0.533911 4.84622 4.28087 4.04935 4.82021 1.99291 3.37961 4.21277 1.06478 4.13742 2.95382 3.26315 2.44944 2.42005 4.3362 0.638706 2.11525 3.2522 1.81364 1.49327 1.0905 3.97142 4.58746 3.53968 4.5955 2.68581 1.23545 1.20772 2.47451 4.05789 3.92598 4.86649 3.5045 0.778005 3.63402 0.861204 4.33086 4.97705 0.60905 3.1145 3.28016 1.32878 4.34508 0.542116 2.79976 4.09146 0.80245 0.533121 2.77442 4.33906 1.6317 4.24451 4.96988 3.13184 2.14935 1.46029 3.85332 2.37643 3.31563 0.765057 2.0409 0.625336 0.964152 2.78193 3.12211 0.565892 3.03361 4.22505 2.11118 3.44871 0.551304 3.51643 2.77537 1.70554 2.61876 1.21734 1.09028 3.50658 2.64918 2.02409 4.57207 1.50729 4.10693 2.57832 4.23662 0.534622 4.49893 3.34167 4.93569 2.96266 2.86802 1.78494 3.82003 3.52782 1.53829 0.641757 4.67934 4.83341 4.36234 1.9766 2.90937 1.79368 4.72048 2.81733 1.8558 4.76732 1.52195 3.60218 4.28514 4.63043 4.95801 4.69118 3.73265 3.53889 2.75704 2.19201 4.97707 1.13026 1.69155 3.35039 3.8924 1.41507 2.58722 0.754819 0.92667 2.10758 1.08378 2.10584 0.957529 4.64599 2.89793 0.799718 1.77491 2.15215 1.83821 2.07662 4.94061 1.58066 3.82175 3.48318 1.77477 1.30742 4.64307 3.89957 4.21941 2.90772 4.74475 2.881 1.32883 0.873656 4.74011 1.5637 1.137 2.02113 1.93784 2.88529 2.65189 4.83621 3.61851 4.36969 3.7268 4.01094 0.813133 3.72642 2.05856 4.41872 3.83364 1.51436 0.562753 1.77897 2.30528 3.12 1.37586 4.26138 4.951 4.30012 4.23436 2.77954 3.87781 3.03888 2.4808 4.72408 0.615018 3.96947 1.4468 2.88521 1.6545 4.1101 2.96302 3.31472 3.74288 2.66449 3.24605 1.87749 2.67569 1.13684 1.91233 1.74236 0.843439 0.511236 1.86893 2.06256 2.27967 2.24545 2.33136 0.595489 1.961 1.8293 0.718261 3.51202 3.109 4.15737 1.17313 4.14522 1.74419 4.46624 4.96291 4.92856 3.74185 4.58612 3.00364 3.77352 4.63985 3.75703 4.26293 1.13673 1.94839 2.2593 3.2895 3.02645 1.71179 2.10861 1.61963 4.19864 3.57209 2.5655 4.31051 3.29237 2.58473 1.70926 2.85067 2.65471 1.0361 1.82634 0.697228 4.10514 1.01309 2.86315 2.69019 2.88933 2.47457 4.1934 2.09363 4.57241 4.57485 3.44979 3.51388 4.12167 3.48903 3.67022 2.94464 1.42876 2.49041 4.00846 3.68908 1.52132 0.529718 3.25924 2.9088 1.714 2.06643 4.94777 0.54989 3.94906 0.90192 3.7338 1.3958 0.576318 3.26467 4.88004 3.49726 3.32259 2.39734 2.5351 2.22911 0.700569 1.39586 4.58084 3.22409 3.6072 1.05043 2.79419 1.43358 1.36146 4.43851 3.07343 0.565309 1.43157 4.51974 0.978918 3.14801 2.10177 1.98281 3.83825 4.97302 3.82842 1.59429 2.66591 0.662803 3.03561 2.79942 4.14735 2.61653 2.10026 4.82486 3.43755 3.58249 1.77659 1.53336 3.52395 2.10753 0.810131 4.28042 2.40395 3.1134 4.9911 0.522851 4.3268 4.8501 2.89731 3.42939 3.34993 1.47618 0.576478 1.24313 4.45976 3.5159 4.91802 2.14605 3.50697 1.94347 2.96428 1.37535 4.7062 4.14417 2.41119 3.34187 1.4502 4.50245 0.54846 2.00038 3.68849 4.36694 0.889133 2.72186 1.62037 2.64247 3.23864 2.41769 2.95249 4.25902 0.953303 2.16588 1.97081 3.7676 1.13829 0.589165 4.17702 4.81315 2.535 1.73507 0.739435 1.2343 0.847966 3.70798 3.00831 3.04013 1.26111 1.80311 4.34567 1.51393 4.39354 3.89244 2.0195 1.69383 3.94479 1.81262 4.91247 2.98043 2.77943 4.50481 2.29507 2.12137 4.70124 4.65649 3.91325 2.82287 2.16678 2.5952 0.640387 2.73818 2.68839 4.18424 0.943891 0.583056 1.67673 3.97036 1.4161 3.1281 2.97264 0.833344 1.61971 2.81813 3.81862 3.38759 2.49765 4.76848 0.519578 4.88561 4.0974 1.88819 3.54321 1.87352 4.85976 3.88027 1.30969 4.84849 4.72205 0.868823 0.92091 2.66804 0.785852 3.40314 4.07911 4.46146 4.79908 3.58879 1.445 3.79305 3.70258 3.59557 1.18531 2.32736 4.99121 1.29255 3.95984 0.746391 2.63927 2.75992 3.09787 4.16873 0.840492 0.927909 3.21412 3.82065 3.3124 3.59257 1.01412 4.70916 1.9152 0.55858 2.53905 2.54702 2.83506 2.65897 2.59997 2.17966 2.58187 1.9018 0.651615 3.26413 1.55145 3.49379 1.35554 4.94996 3.40223 1.49093 2.08277 4.81194 2.49633 3.82599 1.10592 3.28492 2.15518 0.963045 1.73069 2.35053 2.97951 1.9289 1.1169 0.725834 3.98381 4.97153 2.03895 1.30398 0.795305 4.09536 4.83569 1.59678 1.1673 2.22367 4.29981 0.929216 1.55702 1.73778 2.75663 4.13598 3.51793 1.6433 1.08237 1.50985 4.65643 3.61326 1.4119 3.75215 2.40308 2.15831 1.28585 3.67503 3.84823 1.67368 3.98729 1.90584 3.39214 4.11332 2.31777 4.3433 2.45951 1.04079 1.06288 2.61578 1.52853 3.80726 3.8972 2.79142 2.72427 1.60633 2.97878 1.09024 2.72666 2.65594 4.98298 3.34824 0.742832 3.2571 1.32585 4.98337 1.29391 3.97967 1.82692 1.21354 0.566347 3.22507 3.56142 2.77652 3.57758 1.91588 0.652043 0.90186 2.40627 3.5625 1.25003 0.784655 3.23688 2.95666 4.45581 4.31139 0.968809 1.74199 2.4291 2.78763 2.6399 3.61141 0.938341 4.41776 2.91443 4.88161 2.09973 4.28658 3.88558 0.694403 1.05561 2.59294 4.9423 4.59502 3.34236 1.38527 0.950695 2.73741 2.19772 4.54907 4.49979 2.46649 3.55753 0.796402 4.46181 2.02728 1.99206 3.90728 2.61689 0.651085 4.33158 3.97302 4.59225 1.76855 4.23159 2.89158 3.36577 2.59971 4.42738 1.3648 2.58411 3.87101 3.42804 2.64768 0.94518 1.40923 2.90005 3.79946 2.89517 2.36237 1.99012 3.68685 3.88994 0.797546 3.33769 2.98904 1.97092 4.92577 1.52674 2.95478 1.90543 1.20372 1.22711 0.66131 0.641492 1.56245 4.27527 1.02538 1.32705 0.513053 3.94453 2.81607 4.14367 1.8793 2.15472 1.41968 3.2047 4.90719 2.37131 1.60652 0.767839 1.50149 2.94398 2.04966 0.512234 4.83922 2.13468 3.34562 4.62995 3.61006 3.58507 1.28708 3.48196 1.63376 1.97347 3.63743 0.568526 1.10448 0.611291 0.657364 3.06409 3.71207 4.72881 4.13342 2.66659 4.89032 1.70053 4.15841 3.01123 1.44215 2.45988 3.41387 1.39869 1.29178 2.35343 0.704449 3.58783 1.61382 3.18458 2.4942 1.90281 0.589332 4.19663 1.69492 4.40468 4.53884 4.74534 2.45631 4.87741 1.18228 2.91098 3.20827 3.87838 4.77597 1.29976 3.20493 2.10334 4.37641 4.28478 3.32084 4.31579 1.98113 4.43638 3.34897 4.59084 3.29651 0.891981 2.55071 4.62352 3.88245 2.41537 1.20786 4.35153 4.42407 3.89542 0.926518 3.14243 3.38036 1.53429 1.44293 4.79534 0.759766 3.97506 0.68133 1.60703 1.77273 1.11879 4.8137 2.75251 4.61116 0.881153 1.07149 1.23003 1.60493 1.13833 3.55928 3.12057 0.505228 2.61254 3.32045 4.41176 0.644952 1.94691 4.90471 3.13628 2.72599 3.21983 3.18765 4.07468 4.9835 0.648792 1.69225 4.77265 1.4771 2.23362 2.66232 1.12281 2.75907 2.08922 2.63783 1.26087 4.66945 2.71773 4.78236 0.526258 2.00809 3.97015 0.712306 0.737284 4.33374 1.44743 0.578192 4.03063 2.13996 1.09097 1.14785 1.51541 2.65811 2.71264 2.14158 3.99156 2.5372 4.2142 1.06929 4.48285 3.15074 1.74619 4.81951 0.834144 3.28053 1.55626 1.75046 4.12331 2.92741 0.776995 4.533 
2.0
9.50534 1.8896 6.38314 4.26917 9.90147 3.42778 9.86385 1.95298 8.18886 8.60255 4.4197 2.4801 9.37912 7.63907 6.84858 5.61919 1.40051 9.66934 4.76263 5.66057 4.34327 6.94336 4.79647 4.65287 1.75587 2.21618 1.11631 1.0654 1.49192 4.8106 3.72978 3.37633 5.60791 8.85581 5.09656 1.08661 1.81174 3.20166 6.53978 5.6597 7.96201 8.50881 9.95822 3.88713 3.11809 2.01462 6.33925 8.17971 1.64101 4.47484 1.57263 1.28467 4.84507 9.78106 3.06501 4.92847 5.70027 4.75397 7.65524 6.88546 6.08553 2.61236 4.33049 2.97228 6.09267 4.61795 5.24309 5.46806 5.88116 2.39598 1.52824 4.46039 6.58369 7.43153 1.42239 3.61711 5.76249 4.24174 2.18249 8.88381 9.91642 2.72369 8.30601 1.60718 5.53891 5.17814 1.55169 8.5841 1.2266 9.50899 2.2611 3.53653 1.33879 8.0986 1.48101 4.51216 5.70769 4.85881 2.38652 2.71087 3.89942 9.9578 4.50495 6.23698 4.52585 7.72269 7.2405 5.27721 5.10713 1.21794 1.1998 7.2045 5.98506 2.99956 5.81807 2.10758 9.78726 3.54504 4.78624 7.24633 1.94207 2.85909 8.77867 5.93289 6.74427 1.7552 6.98185 1.33859 7.47153 2.31293 9.92367 9.72666 5.05172 4.01096 8.10365 6.61067 3.78093 9.03601 3.92387 1.33884 9.59233 5.26749 4.42066 1.60403 9.37574 3.43787 6.29712 7.3796 7.84805 6.96897 4.75641 2.78098 9.47438 8.98389 3.63579 4.35309 3.94004 2.99482 4.34149 8.28348 4.67327 2.7666 5.08433 3.04128 9.91875 3.85603 5.91611 6.94193 7.86189 8.327 6.06681 9.13769 3.30394 9.1414 7.08259 7.53394 7.38782 1.7258 8.26448 4.13123 3.87475 9.21389 7.90796 7.29315 4.47173 8.86475 5.84326 9.43995 8.7097 7.15685 2.77646 7.66798 7.8725 7.05789 9.93134 8.79486 1.47673 6.97036 1.49207 5.33046 3.80219 8.85289 3.34665 7.8737 8.97329 4.01747 7.6311 3.435 9.09111 4.10229 5.57447 6.18473 6.91632 4.72053 8.14466 7.12717 9.60285 3.2848 4.99492 7.20053 7.98233 3.50746 1.21126 3.3025 8.89932 2.07663 1.36052 3.74178 8.09739 7.00805 8.33931 5.61526 7.15581 2.1727 5.52371 1.61105 6.97723 6.50022 7.7197 2.73727 9.32598 7.35803 5.41443 9.4766 3.91724 6.60636 4.82827 7.86666 8.55696 3.82894 6.2676 4.00614 4.83253 2.23956 6.27842 2.4867 7.85433 5.76437 1.10071 5.25067 4.54794 2.79995 4.92361 8.37454 7.99722 4.1472 6.44134 1.2782 7.33811 4.62096 3.20992 8.86002 6.70328 7.83548 1.30469 1.05761 4.71749 1.66561 2.77857 7.33448 9.04379 5.88379 3.42113 8.59239 9.48042 7.47283 5.31846 7.00952 4.10864 4.11446 3.71375 8.30444 1.99113 7.35368 6.66874 1.9258 6.9214 9.93889 2.02588 6.66787 4.72379 2.83774 2.1713 6.21182 3.60437 1.42886 9.09861 4.09279 6.05256 4.36929 3.27335 4.59274 6.79358 6.63777 5.79838 5.05909 3.29162 8.25369 2.37994 4.14913 5.30385 5.17198 3.59451 3.50023 2.9852 2.85362 2.9565 7.32578 6.04386 3.01207 8.28668 6.43702 5.44765 4.03537 6.88138 5.19049 6.18112 1.58412 3.98254 5.86142 9.55344 2.86515 4.04841 8.94283 3.55708 5.08103 2.32521 6.87036 1.77724 5.55536 9.21939 2.67299 9.35211 3.03379 3.97083 4.04946 1.4839 3.66089 2.12668 6.3705 9.0006 9.13276 7.31611 5.10687 9.46857 9.52542 4.82572 6.18308 6.35592 3.299 1.47584 2.75704 3.74665 3.97768 8.29755 3.92537 7.10555 2.00549 6.51046 2.85454 9.59392 3.27776 9.30137 5.83778 4.43605 4.84848 7.90359 9.77779 9.83649 2.31338 4.4771 4.59522 2.94812 6.36878 1.28954 5.06291 1.39092 1.04623 4.69786 8.56593 8.82165 1.12298 3.4309 9.28745 9.05419 6.20817 6.67257 1.32027 4.23075 9.00482 2.44603 2.20425 2.5438 8.24761 2.79845 2.38947 5.00879 3.81644 9.28666 7.12516 4.78774 5.52575 2.26357 4.27446 3.56344 6.08966 3.46534 6.55488 4.46461 3.76287 9.39939 1.70464 4.0417 7.1573 7.03308 4.0747 5.79359 8.73463 4.28331 5.14667 5.74496 3.47446 7.8068 7.47636 8.57452 3.21837 6.59119 2.56327 6.79401 6.18976 1.84692 5.14575 8.47792 7.18938 6.6999 4.42199 1.0441 7.96672 2.18491 7.69678 8.58504 5.26719 7.03986 9.95403 4.24999 6.05498 4.80078 1.85511 6.17788 2.41185 2.69758 2.66297 1.48095 9.61159 1.85064 5.59199 8.77925 9.87027 9.26817 2.08365 4.78584 4.27235 6.14428 8.508 7.44282 6.37245 2.95794 9.79086 5.10812 8.97304 5.87264 4.46687 6.29311 9.57779 6.93687 2.65821 7.45091 9.02076 2.58539 8.47925 9.31558 5.77137 8.94121 9.36686 5.29201 8.41517 6.41847 3.83654 9.39665 7.81029 7.12598 9.16435 2.24896 3.41982 6.57162 8.49461 6.61372 7.31987 4.16751 3.87337 8.99405 3.38343 7.03592 8.70766 1.77525 1.14003 3.616 2.15054 6.41939 8.81116 1.57131 2.91195 1.21075 2.0215 8.49806 5.99524 1.05194 9.6859 4.93418 2.85964 5.81088 6.57216 4.16921 8.50835 1.71853 4.03959 5.35486 1.00254 2.31743 1.45333 6.41647 2.90105 7.46093 9.77449 9.26516 3.12592 1.86337 7.82603 3.81086 2.75365 6.70086 6.73445 7.27596 9.23229 8.76294 2.04727 1.30996 1.52431 5.65504 7.02624 5.4047 5.6752 9.55163 9.61638 3.11046 6.3079 5.00025 1.5908 4.5529 4.54301 9.27624 3.37125 6.75066 1.84474 5.78833 8.02455 9.2338 4.29269 7.03492 1.93466 8.46304 6.7794 8.61124 3.65067 2.54976 6.63363 9.76722 8.41052 1.77679 6.1695 6.01613 4.84042 4.41993 8.66138 3.29409 5.33021 5.37035 3.24451 4.17029 4.58436 6.05768 6.24149 6.60798 5.84884 3.17395 1.41449 1.7763 2.31371 5.69824 8.64326 2.41284 8.19155 3.72216 6.52893 7.23699 8.97161 1.57613 1.42356 4.91413 6.3498 2.75639 4.38551 4.07051 9.33441 5.15281 1.56059 3.85895 3.02765 2.07748 3.48893 8.57535 7.58294 2.59413 6.83771 9.82597 6.83803 3.64821 8.05962 3.74543 3.12384 8.49792 1.47716 2.76556 4.7491 5.94584 2.29262 1.43505 4.66082 4.87151 9.02394 8.78977 8.78046 2.56465 8.8663 7.77402 1.51595 8.35928 3.47951 8.21241 5.94947 1.0685 5.70119 8.83264 9.20097 4.72017 2.68566 7.83904 9.46755 8.09332 6.96874 3.53678 9.23855 2.55528 1.95821 7.50706 4.18646 7.69971 2.35013 2.83287 8.2336 8.28534 8.9709 4.87572 2.29458 4.97545 6.54508 4.10299 9.19455 3.37827 8.88908 2.46618 2.26321 8.88802 3.03056 3.82987 3.10464 4.82677 3.75359 7.95151 4.04286 8.38716 7.06967 3.51196 7.74321 1.87577 9.11447 9.69679 8.50952 4.75742 4.97037 8.82843 9.75701 3.00006 7.9148 8.54907 1.161 1.22067 3.59431 4.05427 7.98144 4.13175 5.62448 6.87748 1.06314 3.78868 1.11558 9.72526 5.01188 4.13787 6.624 8.86325 4.04617 6.36561 5.02952 7.55305 1.02496 4.54785 1.83825 5.03972 9.15096 5.10059 7.4115 2.5902 7.84988 2.53115 3.62029 4.08241 2.32533 5.99022 7.42574 6.6452 2.28964 4.12467 1.88516 3.84904 5.37032 7.73115 9.08404 5.94752 7.69239 3.71043 3.49366 9.6696 1.13648 4.8226 3.25464 3.06266 6.77268 1.74299 1.88613 9.88634 4.9702 1.91889 5.92094 7.05715 9.68278 6.72705 2.96626 7.64385 3.40993 3.43199 8.69034 7.91364 7.33392 3.44501 8.23484 9.9291 3.13253 5.38407 3.553 7.19591 7.96764 4.43442 9.17359 9.86142 1.14953 7.51001 9.89065 5.9639 3.97703 4.71564 1.87896 7.23264 2.25341 9.60997 4.73537 3.93878 3.97805 1.76926 3.94585 4.29702 2.71392 1.1519 8.27836 9.91797 4.1308 8.76372 1.60146 3.81138 3.22434 7.12411 9.62876 9.44016 6.71083 7.03283 7.08907 9.32509 6.0978 1.13777 2.82243 6.7004 4.9304 8.80329 1.30181 9.7201 5.71353 9.7795 7.08072 5.71509 6.00979 5.17224 4.66647 2.00103 8.21317 3.21387 8.3193 2.73704 2.49858 6.33481 6.27726 7.33515 8.44707 4.03593 1.90689 7.92052 8.84695 3.06164 3.27963 8.34247 5.17057 9.3738 1.6741 6.23627 1.22696 2.42643 6.50405 5.63574 9.49026 5.24117 6.17221 1.63657 3.60384 2.7835 3.34979 4.61051 1.56033 1.13982 3.18192 9.47025 5.05728 6.99526 3.91871 4.48516 6.52879 3.91223 3.47221 6.14775 5.35272 1.90984 8.39907 7.59095 1.73383 2.84404 4.80906 7.05616 8.76264 3.08856 3.69928 3.91206 6.15005 2.01664 3.21427 2.72424 2.13783 2.78351 7.33174 2.8756 1.08477 9.9097 6.47425 5.23748 7.22872 1.16507 5.54656 4.39167 6.12433 4.25368 4.89881 6.90312 9.25664 3.79943 1.71544 8.14343 4.33037 7.13242 7.32994 4.16521 4.7351 3.37618 3.96537 7.12708 4.68611 9.33562 7.40061 5.76962 6.54111 8.6858 6.06248 1.44194 7.79266 4.96144 6.04355 7.17913 6.23644 3.84724 6.5458 5.33047 9.81528 1.26899 9.25003 3.2384 1.63894 8.78542 3.11105 2.46831 8.67971 3.78089 1.07867 3.08906 8.64379 6.95879 7.24444 2.50434 3.51841 3.63581 8.91422 2.33475 3.29481 1.33687 7.10647 9.8507 5.3669 3.191 8.97636 2.4561 1.10577 9.6278 4.66567 3.72282 5.10999 7.87485 5.07846 5.47587 3.63164 7.75583 1.08246 1.42949 6.67814 2.2894 1.63639 
5.0
7.63806 8.95203 19.7054 18.909 24.3614 11.8945 18.1058 22.7587 17.5759 2.84653 9.59547 3.03354 10.1218 5.33376 21.592 5.39203 21.2963 8.8011 6.53007 14.8078 15.4016 21.5979 2.79755 2.97349 19.1324 14.3634 20.1355 6.72987 14.0503 12.5623 20.7504 23.7708 20.3966 11.9212 7.38955 6.87337 23.4927 20.515 4.62927 12.9031 23.9787 13.7539 12.126 22.8453 20.6395 16.0208 8.58036 6.61084 4.56926 5.20882 17.664 18.8683 20.9231 11.4097 22.1593 22.1508 17.0075 16.0021 7.56221 10.9885 5.45798 22.3906 11.3978 20.8164 13.7547 17.1452 9.49871 10.4076 11.3266 12.7905 10.4962 11.5822 5.49221 3.49639 9.7749 17.4408 24.9898 24.9179 16.6395 2.8744 24.8444 14.4367 8.44515 21.099 16.3229 23.0517 2.93995 4.9657 5.72727 2.67125 12.5711 4.29652 23.2756 12.5548 4.50348 15.4952 5.82111 23.6556 12.6012 22.1836 17.1585 7.11328 7.62193 10.6136 7.16897 3.14709 9.37472 16.1039 21.0528 24.0996 24.5898 9.25297 14.8997 5.3808 24.2518 15.6768 8.84693 18.062 16.646 8.02217 4.07599 11.8712 24.8671 9.00539 12.3964 22.3377 2.54106 11.7265 7.16775 20.8381 14.0098 21.0085 9.30979 3.79199 15.2288 24.5128 4.65002 17.2583 11.6277 17.3786 18.8595 15.6819 19.1833 24.1396 23.7263 16.0413 19.9565 16.6641 23.517 18.6451 13.3408 9.37206 17.6764 20.8311 16.7747 5.47679 8.61408 22.3135 4.66646 8.00203 20.8301 10.9322 21.7822 16.8247 7.62779 7.55193 9.84644 22.9929 16.6648 23.8611 11.1056 11.5694 18.0916 11.8223 17.6047 6.74996 14.0288 18.5221 17.4268 13.0083 13.1309 17.672 24.1451 21.015 16.4896 14.0092 10.738 22.0827 3.62354 4.3479 6.71768 19.8866 19.8069 9.03162 9.72058 5.70984 15.9856 5.03486 15.3114 20.9651 15.0309 19.4659 18.7499 3.24066 8.08199 12.2198 22.4705 12.1227 19.7252 9.03159 15.5246 13.5422 15.7621 23.6802 3.73642 21.3982 24.815 5.59266 11.8208 22.7053 12.5204 4.09825 23.7149 12.5174 14.5605 20.5838 7.37168 14.8768 22.2822 9.79905 12.7676 11.0379 14.6547 19.0619 16.8718 11.2174 12.8142 4.11489 21.8293 11.119 10.9469 7.8817 12.6066 24.4839 19.7601 15.8738 10.3498 22.9169 8.79049 16.9978 7.70657 19.2371 6.30127 11.0133 22.3602 13.1048 8.01628 18.8905 10.027 12.6737 20.9426 17.3193 8.16582 8.51785 6.03066 11.1172 4.15189 23.5846 23.4227 7.28963 11.6621 2.92288 6.53869 14.4886 6.5239 4.43665 8.75015 11.6232 3.2771 4.41386 11.3923 9.36989 13.6983 4.08075 24.3635 13.3333 11.0383 20.9317 18.0633 12.6073 23.7225 21.0841 12.9174 4.98678 9.7642 6.40915 22.7416 2.57925 18.1406 20.1877 20.6929 6.56754 18.3817 15.0412 6.55864 7.37236 17.1225 21.8889 6.63355 21.4655 22.8675 23.6797 17.4349 18.5831 5.21859 17.6493 17.0054 20.5901 17.3154 7.35355 10.0537 23.2438 20.2389 3.22645 5.68332 22.1094 5.62789 20.4138 6.45893 18.8742 22.7578 17.6322 20.0611 19.3136 8.83322 13.3035 14.7783 11.6572 18.7428 7.71459 10.0873 4.10413 10.5272 14.9527 21.0715 20.2407 7.80981 13.3659 2.92623 18.6068 20.4403 5.79893 9.30342 17.6637 4.60167 20.8548 13.2429 9.91133 8.6292 21.4315 9.44223 13.9072 20.7932 24.284 4.11424 5.43448 2.79392 14.3619 16.1825 9.07111 7.72011 2.67262 11.0645 23.9092 11.2197 13.9191 3.29324 19.675 7.13384 15.1641 24.226 14.4984 18.8438 21.769 11.0914 20.5844 15.0806 9.35828 11.1245 4.03343 11.4476 3.05968 14.5396 5.06267 8.90594 17.7692 12.5905 24.8781 5.47311 18.1917 21.9695 5.44634 24.884 22.4073 19.2939 3.41734 15.9653 22.7127 21.93 6.94712 16.4723 4.98759 11.4056 14.1711 7.63878 10.3376 3.16009 24.5778 10.6903 2.76132 3.88252 22.033 9.06958 4.09367 2.6874 5.70378 22.625 12.4741 7.37859 12.634 7.51228 8.09052 24.551 8.21898 20.5591 12.4483 17.2802 15.8315 6.8418 9.91503 9.14977 24.3474 9.22621 12.7904 8.36687 22.3227 23.6202 11.1515 10.7154 12.5695 6.19007 21.2236 2.597 18.3837 21.2889 18.5264 20.4105 2.67282 23.8487 14.5455 7.51841 3.73324 7.48503 18.179 20.052 3.92917 12.0642 5.7103 5.30403 15.0211 24.4839 23.0555 18.9591 8.8952 8.91652 4.03668 14.9125 19.9424 10.2654 13.43 6.42641 2.83894 4.58364 3.54002 24.874 19.476 2.70635 18.0487 22.322 23.791 13.3454 21.8901 21.7005 20.7484 11.8971 20.9004 8.31095 3.22106 16.213 9.9934 23.9219 15.5224 10.5834 8.61135 24.7029 17.3387 21.6836 14.701 9.24619 9.31119 20.2335 23.4654 22.9258 4.01995 19.6195 9.6408 4.8455 11.1167 22.7299 19.5489 6.1236 2.85874 8.25263 24.175 3.2665 6.29351 12.6863 17.0207 15.3796 18.3428 4.31387 7.9829 18.9661 2.5379 10.3894 14.5073 9.06443 23.6551 13.7876 16.2681 15.4722 14.0012 12.866 19.6227 17.8096 15.1001 8.29079 18.0914 18.1692 6.02891 18.0746 17.6134 12.6051 4.65516 19.5779 2.82772 7.70868 3.02412 9.72265 13.1289 3.523 18.1465 14.6697 24.7494 21.545 21.9366 15.2081 10.116 9.06525 9.05076 24.108 5.73303 13.5961 11.3764 11.6864 19.8394 8.63705 2.92111 5.8352 16.0924 12.0289 21.3526 17.7627 7.0262 13.1449 22.4386 7.19812 21.0358 12.6704 18.6373 10.8083 21.6365 6.21984 18.0884 17.578 15.2487 13.0426 22.7541 7.40265 21.258 3.56539 6.96096 6.6444 5.60096 7.02383 22.5919 14.4005 14.126 5.43093 14.6786 13.2351 21.9799 7.63409 11.1441 8.12356 5.26898 22.2097 22.9463 14.86 21.2471 7.94568 3.37161 9.17743 15.7778 15.662 12.7285 5.33089 21.8218 15.1189 14.6924 5.39354 17.7012 3.26325 13.05 10.5156 18.8874 22.5627 22.5947 15.396 9.56585 10.6773 20.4222 19.7174 17.7249 10.2202 23.8761 22.7936 7.52128 7.35452 13.8946 12.6798 5.16988 17.9797 7.50712 5.99646 19.6098 5.25472 20.7312 14.7153 16.6951 22.2098 23.1201 18.6583 3.16157 5.6956 7.71109 22.4601 6.61822 20.4205 7.62303 5.74289 7.81475 19.3258 3.05557 2.75387 16.4341 9.04856 22.438 7.71638 9.16038 24.2229 21.4788 9.64338 11.2724 11.8683 23.8654 10.3639 18.0124 19.6167 17.3644 14.5125 14.4802 24.0271 21.5724 2.73151 15.3028 17.7376 23.5666 11.8363 22.8293 6.70622 17.7067 18.1932 5.10145 18.7891 3.33643 18.0606 17.349 22.4064 19.1357 23.6427 5.76128 14.0465 22.8732 8.60627 24.7834 15.8582 10.3095 16.8103 24.1882 17.0801 24.5005 17.9986 4.67391 5.55835 21.7507 16.7051 13.2363 10.6027 10.4678 20.6219 12.0671 10.9295 24.1671 14.6812 14.7274 11.4435 7.37643 19.5985 5.8467 7.60666 8.19134 21.1304 15.5968 6.14577 13.731 6.29364 22.6917 23.3472 24.7441 5.29858 12.1626 4.69018 20.6155 15.4444 19.1583 14.5671 6.02314 20.7278 12.5211 9.84288 15.495 5.91442 11.8879 18.5011 19.617 21.3231 22.0668 14.6287 14.1412 17.0731 20.9393 18.4884 10.7439 20.5444 12.1374 5.42915 8.18455 15.8003 18.7465 17.3839 22.6152 8.72349 6.78353 15.7059 8.28973 19.1151 19.7007 4.09279 17.4243 11.0058 17.6642 5.34839 2.95747 19.9309 17.8587 15.7323 17.9608 15.9174 7.06673 15.6476 12.9506 8.43456 20.2744 2.91651 7.34869 22.0569 14.0514 14.8937 16.3452 21.5905 18.4571 15.6675 14.4103 22.9121 16.222 19.5993 14.2073 18.2706 10.4538 12.4506 24.6554 19.8023 22.1203 18.8479 11.8935 7.50817 6.05638 12.3356 9.39433 17.9448 11.7468 16.7666 5.97804 24.8775 15.1346 5.28158 5.47753 5.64708 17.7048 13.1246 21.8032 24.4985 19.0934 3.0484 20.6587 6.62356 9.47143 12.0561 21.6563 24.1656 15.4553 5.73178 12.0838 2.93748 8.29177 13.9085 21.0705 8.60248 23.0683 18.9241 5.40488 21.0679 5.19946 12.7156 8.2514 18.3415 2.93794 9.00025 17.0188 21.1013 19.6615 21.7958 4.12795 19.2278 9.6851 21.5278 4.43081 16.5491 6.34832 14.9752 15.5291 2.54918 11.1285 12.8033 24.7437 19.7889 15.0287 8.43549 16.4848 23.2899 5.99203 24.5121 16.2713 15.6315 18.59 13.1876 2.65231 19.0104 12.2376 4.01498 13.2773 8.01317 16.6829 15.6693 6.36768 16.8518 16.0225 12.7578 6.33883 4.81224 9.99174 8.96886 4.82175 8.66524 16.2815 12.808 10.8358 8.29098 2.62915 7.17276 13.8615 11.7659 7.43532 19.0146 6.06401 11.1626 10.1564 20.3391 7.41647 22.8129 12.7222 9.29411 14.9743 20.7832 5.72845 12.5956 22.5497 22.3134 10.6559 20.5414 9.53634 21.4684 6.86354 23.3629 22.6345 7.25221 24.6082 2.66478 24.2271 9.93554 10.3387 24.2025 13.6552 6.84585 15.5162 15.7473 5.1448 13.8704 22.7095 6.29004 8.63358 13.9223 5.21529 5.33188 24.7479 3.61918 6.45506 6.01354 20.1805 11.9252 2.89604 10.8322 7.21844 12.0053 11.7483 23.6963 13.6716 7.54318 4.6872 19.5683 21.9512 12.2714 21.3508 15.4452 23.549 23.9646 21.3631 6.4271 20.167 4.14604 3.63256 3.12372 5.24735 9.75646 21.676 24.1484 4.65225 15.536 16.2176 
3.0
5.05802 10.5545 11.8279 9.78104 5.50505 11.6547 10.219 4.45577 4.43293 7.5943 5.0341 3.73161 4.85993 7.44243 10.0871 12.282 8.78666 6.9988 2.32323 12.0077 5.15002 9.61455 2.92855 9.35633 10.7751 7.19834 12.3118 5.70253 9.07516 9.15806 8.2098 5.53878 9.24979 4.5281 13.6659 1.72657 3.23085 12.5321 12.1311 12.0583 2.62671 12.3312 13.4386 11.8795 13.9144 1.70823 7.40146 12.5219 12.6299 2.43673 14.2826 8.7969 4.30614 5.58624 9.3888 4.79927 3.40987 12.0127 12.0371 3.27207 4.52549 12.7845 8.14457 5.78153 6.53776 10.7941 10.1908 3.45277 2.06218 9.30536 4.80377 5.51594 6.37351 14.686 10.7187 4.413 11.0823 6.07609 10.8598 5.71499 4.30972 13.7416 8.29518 8.09982 10.1097 2.36397 10.3146 7.64071 5.39031 11.515 14.8807 6.15506 4.58186 6.56707 6.20308 3.36396 8.30413 13.7895 6.68488 6.61217 11.7811 6.37969 2.99347 10.8987 12.2536 7.18055 9.50325 9.96794 8.64076 9.83291 5.86201 4.71127 13.6984 8.61379 11.9301 2.12931 4.42659 8.71011 9.84292 11.6046 6.47422 10.178 3.44588 4.73512 8.79252 12.8375 5.85323 7.47772 12.2861 8.35312 2.37924 7.35292 3.212 6.74962 3.59277 6.45964 6.57732 9.61349 6.2448 11.0507 10.2842 4.22996 3.819 4.919 9.77319 12.4056 12.9554 7.84381 4.41495 11.7264 14.497 9.84817 6.39937 6.00128 4.90949 4.01645 14.8732 8.64164 2.82418 3.12256 2.57572 13.2257 3.95361 6.31875 2.72201 11.999 12.6305 3.6349 5.88492 1.56036 8.2197 11.5384 11.1246 9.48284 1.65308 11.3045 8.6161 13.6211 13.3376 12.9474 8.52554 3.85382 6.18621 8.46153 14.8835 4.01137 10.0223 10.1239 5.20722 6.73981 12.1063 5.10636 3.62023 3.54977 12.0365 8.64902 11.2206 8.80121 4.77173 6.54375 2.94664 3.37355 6.52801 9.67852 11.1914 7.27153 8.79772 11.3922 5.9143 4.41641 2.24203 2.88964 10.0016 9.87291 9.70631 12.968 11.1244 2.76156 13.6086 3.30286 14.3452 1.60665 13.9512 4.04509 12.7217 5.36975 7.70512 10.4787 4.1596 9.41873 4.31774 11.9886 7.26274 8.68233 3.09352 11.5894 1.93163 8.24034 6.69766 2.26452 3.95989 7.59923 10.0329 14.8659 10.3788 5.90342 11.7392 14.8241 11.2998 7.83201 14.5667 5.41939 7.50536 9.93116 7.87174 6.86282 13.5372 14.6319 6.48545 12.4383 12.5336 11.2036 4.20605 9.45483 4.56342 11.3928 10.6637 4.2598 6.7097 11.498 2.80885 4.06222 11.65 9.12929 13.7729 2.81695 5.98532 13.9045 14.8529 4.91927 14.5674 4.82977 2.36844 12.4601 2.07338 3.1167 12.642 9.79174 3.07892 10.6843 4.35218 6.15398 14.8794 10.097 6.51041 8.11113 10.8089 5.68788 12.3099 9.54922 13.3075 4.6174 3.59848 5.98399 3.98657 12.1181 4.72375 12.9293 14.9418 7.1746 10.502 14.0762 3.06485 13.3887 11.0594 8.03229 13.6024 1.78097 12.2972 11.8721 5.21379 10.277 4.72873 14.7476 4.77642 14.1298 8.9408 9.80914 4.68928 13.0274 1.92706 3.18768 14.4244 4.13608 14.5449 6.78667 3.07676 9.8292 1.84562 8.13504 9.66145 4.85163 6.02684 5.05057 9.40983 6.16958 11.2589 3.86377 1.81304 8.25605 10.1339 14.9524 3.16388 13.5618 4.98724 11.8364 4.3466 2.92197 4.84345 9.08368 8.6248 14.6481 11.2338 9.27584 7.6774 1.55572 13.1379 14.7852 10.6326 12.6777 11.2976 3.11182 11.3498 4.41278 11.1544 7.53128 8.69999 3.35998 4.66014 12.803 5.59344 6.58835 1.70986 10.189 7.00622 4.09236 9.9486 2.53352 10.2542 8.68284 10.2008 6.65262 7.76556 5.56339 1.77271 5.78495 9.10071 3.84244 2.87823 7.35264 7.97101 7.73077 12.9373 10.2829 9.00502 8.67462 10.9977 10.1403 13.0129 5.17436 10.5298 8.31902 7.99918 3.03866 1.84412 5.04662 13.1728 2.82424 4.88243 9.94744 7.2062 8.21118 9.63147 9.41699 3.99169 8.06373 13.4098 5.55688 12.6462 6.42669 13.278 11.9202 10.014 12.7074 14.3214 12.8173 13.4176 12.2931 6.55609 14.4326 3.90633 5.35402 11.7084 5.50153 3.75334 12.5821 4.11686 9.79791 4.45061 14.1148 9.50707 7.68237 8.45179 3.8951 10.3904 3.4609 2.41328 4.21632 2.33515 2.3041 3.68322 6.70327 5.36064 11.477 11.2887 8.47833 10.2049 5.12932 3.17072 1.76337 14.715 7.89645 13.4177 4.66713 8.61036 7.06078 12.7465 4.90818 7.86953 10.5237 3.98159 12.2234 10.4896 14.3381 1.78282 10.212 1.86878 8.05155 11.3704 3.36526 3.06224 11.1097 12.9985 4.03136 6.66062 12.0705 12.9268 6.56633 9.54191 6.37919 5.63981 9.42019 14.2462 4.45307 2.56465 10.9087 5.72354 3.32766 12.5366 12.4207 4.70483 9.61291 7.76268 8.81103 1.94579 12.5101 3.53356 13.2288 9.5939 8.13929 1.93312 1.6315 6.92849 14.4273 8.79641 13.2345 3.22378 2.30622 9.16539 8.6459 8.48502 6.47258 2.49294 5.43751 13.3077 3.95683 9.84472 11.9006 11.6097 12.7536 5.84923 8.73794 5.48666 12.2626 11.6458 12.4407 12.4402 2.7893 4.58076 11.1016 14.2294 8.35752 2.40148 8.91284 2.59499 2.58123 4.69862 10.6005 7.10713 7.34768 14.3463 6.54344 3.88564 6.5608 10.6906 5.82866 8.94367 5.69523 2.73544 2.49162 11.9043 14.4108 7.07738 3.19238 13.3402 12.9778 11.3379 1.57723 10.4861 3.76234 10.8437 14.0758 5.57504 6.02279 3.80549 8.38394 3.04656 14.2664 5.7444 14.8816 2.37894 7.91657 8.91655 9.23719 6.7939 5.54078 14.9858 4.94634 14.0846 8.38884 12.6943 11.5573 9.81654 1.99189 1.78153 13.831 10.1517 9.07186 2.40074 5.58729 12.5455 11.5114 2.78403 3.9865 9.56694 4.63473 13.9052 10.4963 5.09176 1.54825 8.39046 6.29452 12.6187 7.79269 6.92787 2.35725 1.95866 13.555 8.42392 2.48261 3.5471 10.1914 13.6588 7.5 12.6293 10.8101 14.1896 13.4149 10.5689 14.1661 7.25128 10.2394 2.0291 13.1144 2.90602 1.75779 7.27736 13.8761 3.19046 12.4783 2.86286 5.36293 14.011 7.52008 6.4171 6.81392 2.03716 2.18558 1.82751 11.4917 5.84298 3.46887 8.53412 8.68959 3.04646 6.24914 4.69932 9.79949 12.6971 10.4199 8.00059 4.1899 7.66134 11.704 10.2964 13.6447 8.25632 13.4033 2.41482 9.11272 12.8814 11.8352 14.8159 7.01713 1.89769 2.7036 5.37613 14.3763 8.00625 1.656 6.04678 4.98447 3.37337 4.77589 8.63478 14.4034 1.75466 3.76082 14.9569 9.51444 4.36685 8.53596 1.61682 11.8809 12.2577 3.05322 8.65546 9.17141 3.9241 3.02592 7.82407 12.3936 6.42778 6.34899 2.73058 9.18816 10.2597 4.95474 3.10895 8.93388 4.70196 10.8542 14.9615 10.9127 5.43801 8.61378 12.8244 10.2859 13.6609 3.01805 8.90614 8.1301 7.92932 6.6673 9.8489 5.2847 2.52226 14.7612 2.86334 13.7591 3.541 14.318 4.98609 11.4507 4.50967 7.57867 6.71042 8.92394 14.7237 2.34752 5.73998 5.49891 5.59606 3.0176 2.6155 3.4014 11.2523 9.03202 5.46467 5.72306 12.1225 14.0307 10.1249 4.94219 13.2824 12.4327 2.88934 9.25509 13.7917 6.704 6.12563 5.46796 8.78115 8.56117 11.5181 13.6993 4.03692 13.86 10.1826 11.143 9.33368 11.9203 4.90484 1.6417 3.76535 9.03569 11.2513 8.32105 14.824 5.41944 13.8033 9.5342 7.4769 13.3355 5.7648 13.8671 8.49134 1.6651 10.6919 10.954 13.7578 3.1593 12.0967 7.35395 9.36114 13.1264 13.6735 5.73763 5.14942 10.3057 7.39807 1.63446 6.55138 12.1758 4.75042 4.49068 12.3916 9.44967 2.81001 8.78781 4.95359 2.50422 13.4745 2.97161 6.54149 11.4959 14.0511 9.4416 6.78908 12.912 14.9716 13.8512 10.4674 11.8068 8.3797 6.4685 10.0401 13.4742 6.84196 7.34705 11.217 9.30515 3.43149 14.558 10.2558 10.5811 8.43482 3.73237 10.7614 1.95263 7.43175 12.6635 5.73382 10.3539 9.49834 7.22072 12.6136 12.6026 3.2828 7.82338 6.07592 12.4351 3.20459 10.7251 11.8221 10.228 3.52643 7.85866 3.61949 7.1541 9.04943 3.99205 1.83956 10.0248 14.1813 10.9441 2.24357 3.06763 4.62736 12.1114 11.7667 14.8895 1.95518 12.0554 9.05001 3.8754 9.28148 2.40007 11.9706 14.2726 13.3327 12.7905 2.41965 2.21057 9.12838 10.6616 12.0786 13.4063 13.5375 7.5671 11.4435 3.80528 6.958 14.3202 13.8469 11.9078 12.3695 13.6936 9.72867 14.5312 8.00861 11.4305 7.90401 12.7571 4.41772 10.3165 1.57995 3.81494 9.11664 8.5613 14.3698 7.65018 7.14731 2.24181 3.55556 6.42881 4.74161 12.0551 5.3487 6.22694 7.86212 6.1321 2.39849 11.6561 9.86605 9.16227 6.29878 14.6743 8.54208 13.0781 10.8426 4.33188 5.27037 6.55058 11.7751 4.2041 6.55555 8.5454 5.29389 9.25813 7.68278 4.68916 12.5484 4.40633 5.74682 9.19656 1.8864 3.99467 8.30421 2.60797 12.599 10.977 3.89842 8.58755 14.4136 10.5245 9.20815 6.03197 8.98504 4.82112 10.5686 7.23966 2.13446 14.7943 9.11565 11.8905 2.08654 1.53097 14.3036 5.5863 9.9546 11.13 6.04512 9.7015 9.2238 9.73887 7.2252 13.7947 14.9824 9.52733 3.3373 13.3308 14.1511 6.34535 12.9931 10.9629 5.96027 5.81743 5.55514 1.62625 
5.0
10.7877 16.5645 8.68211 10.6346 9.25818 11.0677 10.2654 17.8764 10.3965 10.0289 22.0483 5.55513 24.3722 12.5941 6.8215 24.398 11.5238 14.4366 20.9348 5.87035 15.3523 2.7828 12.9976 3.6917 23.4919 8.48039 8.68405 3.01742 17.9105 23.8568 17.8904 6.0368 23.0881 22.6191 12.9968 22.7369 5.92374 3.0442 11.9823 23.0827 21.1208 20.7111 7.64325 19.3626 5.80154 19.5235 24.1654 19.951 22.099 12.273 19.7996 23.2358 13.9787 14.4946 6.89046 17.9626 12.0376 12.8621 18.0094 23.7449 10.0328 24.3748 19.4406 2.98977 19.3877 10.0856 8.27032 15.4902 20.4273 14.6194 11.8305 19.4331 24.0919 2.73333 23.245 5.07319 7.87885 11.6674 19.3301 22.3235 7.26393 23.0362 4.59795 23.5112 13.8499 15.5123 2.6138 5.04964 6.49458 7.04963 5.95678 9.27687 14.1668 7.89846 8.53406 20.2095 19.2813 8.16158 18.9986 11.9629 5.26199 11.141 21.5205 3.5876 24.5836 11.2261 7.66166 19.0713 6.04206 17.5724 23.104 8.75729 10.0032 22.3216 15.4814 13.4284 20.3802 14.6127 12.0651 19.8074 4.58924 6.63389 8.55225 13.7237 5.23398 15.4657 7.70851 17.1947 4.76835 11.9649 16.6138 8.17513 24.3879 5.43965 13.7617 4.22057 18.3999 5.36562 9.76243 6.31825 2.82138 6.39298 10.399 16.6332 24.4563 7.8946 5.78752 6.42081 4.20092 11.8051 19.3903 2.85487 5.82782 10.0012 3.13304 13.5223 18.9983 17.4724 17.3752 24.8336 10.2532 5.03383 9.48394 18.0987 5.73279 12.8288 12.2618 14.5204 14.3745 5.87335 8.4775 2.85177 5.33934 22.8915 12.7507 8.47144 18.4174 22.1913 22.0399 22.6236 13.6608 20.8322 3.48395 5.57491 11.4963 20.8333 20.8474 19.9365 17.0658 3.6725 15.8188 10.4031 10.0449 4.3271 20.4131 6.15718 11.1914 6.10481 24.227 14.6896 11.8706 5.01625 2.79815 23.2864 2.81072 7.43823 5.8181 6.93112 23.3354 17.3181 23.9481 21.3736 17.3258 24.1692 5.48907 10.1147 24.6606 3.10727 11.6546 11.5566 21.885 5.67761 4.1978 12.5697 8.3574 15.2238 19.1415 22.2256 11.6258 5.54709 17.8621 16.945 23.2816 11.6067 11.7767 15.8133 11.5426 21.0113 21.8838 4.81069 21.8142 12.5518 19.4079 13.7093 16.4792 18.0245 16.2973 19.3856 5.16625 16.0957 24.3249 24.2994 4.24656 6.95739 6.54389 6.38885 16.8093 9.02352 12.3453 21.6306 21.8655 11.4178 12.3706 20.5174 6.5304 6.00235 7.02634 19.7002 7.43435 20.1969 14.8538 10.0477 15.1123 4.33969 19.501 17.3706 22.6216 12.3392 21.5486 12.063 4.6386 11.8666 3.93974 16.4088 18.2836 10.3394 24.7625 15.8051 9.42411 12.9461 21.1368 22.6509 10.7072 3.96222 10.4542 11.6519 22.5698 7.60646 2.72157 7.79176 15.9776 14.6889 17.7579 23.2189 23.143 11.2993 15.9951 11.7995 12.4708 8.28747 24.1319 10.0866 8.98283 15.2833 16.8914 3.45495 21.4713 15.5091 16.1325 23.6524 12.63 20.132 13.5641 16.5164 13.4149 10.9083 20.8135 8.60771 10.3823 7.36759 10.5977 21.509 22.2563 22.2892 7.74919 15.0401 16.9745 6.71882 3.84395 5.63927 17.9619 20.7763 21.6841 11.1601 5.8839 11.5045 3.38336 13.3349 9.62726 19.0098 5.80645 16.6535 15.2601 12.1419 17.1117 12.4089 19.2198 17.467 13.1473 16.6582 11.9803 12.7797 17.4512 13.3497 15.9467 23.9078 18.6044 16.3664 8.82973 8.55661 3.68742 14.2351 13.7475 10.9455 6.59107 11.2516 7.30654 13.4846 24.93 18.7722 16.9114 14.2428 19.3102 7.92068 13.552 3.95699 6.19974 14.9619 16.3205 11.3322 8.1532 5.59089 14.9059 2.8822 7.6396 4.38837 13.8173 8.56221 5.72379 5.69196 7.08632 11.9416 16.8513 14.6337 7.19705 21.168 10.9871 4.59313 4.49526 16.9729 16.8569 4.81719 3.32579 13.9672 15.0434 14.4552 11.1485 21.4788 14.6847 24.2604 14.3829 5.18066 10.0272 22.2075 19.731 18.2599 8.08128 16.7761 14.7289 18.3782 3.63113 21.6502 16.2768 11.673 2.8476 13.0834 15.8977 17.5496 16.7549 6.18096 12.9744 23.0147 13.3004 13.8468 12.2149 5.3003 19.2789 12.1474 19.0969 11.5294 23.3589 13.3411 22.0401 14.1722 6.4638 10.3239 17.5573 3.54298 20.7558 6.24073 22.1345 13.5893 13.4738 5.51352 14.5884 24.7205 14.3741 22.5344 22.6537 24.9289 23.0258 6.77554 5.04798 15.4502 12.2083 10.5647 12.7655 17.2169 13.6635 3.27699 10.8494 21.8512 4.95087 18.1925 24.3925 10.9492 13.6562 13.27 12.5163 9.90711 22.7038 19.5866 21.5795 7.5369 3.02251 3.69371 21.3631 22.7244 17.3148 17.6384 20.4865 14.3774 23.6797 17.9015 22.2999 5.91537 20.339 17.0011 12.5065 8.05009 2.71722 16.5127 12.2629 21.1069 14.125 2.7546 5.50771 15.6374 8.79592 16.3901 21.7693 15.0733 11.0268 14.6949 3.20151 21.6704 19.1718 10.2416 7.09793 21.9949 3.23972 24.7487 12.6351 15.6996 7.345 4.34746 18.0939 11.3414 8.26215 22.5129 12.3093 22.9905 13.8337 16.9124 11.5991 11.3798 7.48187 16.4191 15.9209 5.84519 20.0732 14.5424 8.00732 13.308 2.88749 18.0234 6.73054 18.0472 7.93953 11.8471 5.94438 16.0132 11.9048 9.42051 12.5556 4.93287 24.8986 19.1665 15.0733 8.95494 22.8585 6.2838 6.38735 14.0871 7.28024 18.4232 4.52457 5.67345 23.558 14.0295 15.1341 6.66381 14.1767 12.0996 14.4512 15.4231 13.0095 12.1064 8.98878 11.8323 16.9672 10.3395 3.20889 20.4305 18.7522 11.4104 21.4213 16.8476 9.46607 23.6756 15.1614 3.77805 7.31959 4.82395 4.79658 20.2463 11.1975 16.3814 16.6106 5.41198 2.82588 13.3807 6.61715 23.1676 8.79377 22.9481 7.35149 3.77579 8.67762 3.05511 13.8907 3.79891 15.5197 22.687 2.85264 5.56857 24.91 9.67681 5.62297 9.94683 23.9213 22.456 22.0612 6.12821 3.64828 21.9703 10.9351 9.7327 9.09967 10.0123 13.3333 22.9398 12.6942 5.2195 15.3067 17.9136 5.11005 2.98892 10.9887 22.2688 22.2375 20.5572 7.44316 2.82801 6.98572 13.4971 4.99163 8.91954 12.1923 12.3797 9.2686 23.9668 13.3869 18.3531 18.7556 9.1183 17.6583 6.38642 21.5434 15.1689 7.37465 24.9305 12.5734 14.0218 22.5076 20.7442 20.1069 23.4419 10.3099 7.63694 17.673 18.8502 16.096 5.3771 2.74516 3.40851 6.37721 7.51649 5.89661 22.646 10.5992 11.8809 19.1835 22.3765 7.73389 12.4765 12.507 11.1566 18.9744 9.06254 4.20414 21.0351 12.7837 23.1397 17.1168 12.8431 16.0468 19.1048 21.3892 7.27563 15.0761 11.8213 10.2443 3.01354 17.7209 11.8559 17.4881 8.13725 17.8298 22.131 20.4931 16.0809 8.31699 7.24361 9.91007 4.87783 9.08191 4.19987 12.3578 15.9468 8.53249 3.31555 9.84233 8.66971 9.96183 15.5328 14.6538 19.5096 14.0285 22.4031 18.4923 6.92052 16.0902 22.4853 7.07241 23.2976 7.14108 5.41119 6.45554 5.21897 12.1027 22.3655 14.8615 3.22767 19.2179 4.23292 11.2083 7.40566 14.2991 13.6611 6.6303 9.98809 18.5794 19.789 15.2253 23.7689 6.41729 16.8919 22.7796 22.5473 6.60536 3.1923 9.72215 17.3654 16.0319 11.0865 17.0569 9.78687 6.94638 20.0375 19.0235 13.4663 16.5784 10.8841 18.7369 20.2601 15.3602 15.3155 18.0553 12.1277 15.0022 14.2622 7.92634 7.57491 22.673 11.4531 12.9625 18.8867 10.0321 23.3881 21.4942 21.4026 20.8663 19.4775 14.852 13.582 23.5798 3.5963 17.1271 21.6109 14.7877 23.3058 19.1602 14.7998 2.7633 5.49017 13.0092 13.0223 16.9881 14.6596 13.1454 14.9447 20.0563 22.6694 8.12765 5.7972 3.18228 11.1047 11.5059 10.9353 6.56168 12.5819 20.7025 3.94258 8.33601 12.2153 7.62248 18.025 8.41076 13.0006 19.7421 21.945 3.37712 6.3638 20.426 21.748 21.2871 16.6261 19.7231 17.029 2.53204 5.63538 11.8903 2.99017 10.5752 8.81305 23.3958 7.04033 18.7872 18.8674 12.6496 13.6844 4.63509 10.9226 15.214 13.9544 24.9754 7.81405 5.74135 10.6317 13.7004 16.7994 5.39081 13.0096 10.4875 6.43588 18.4739 9.94725 21.9029 24.8735 12.078 22.4651 21.1084 20.8143 17.4191 22.1306 7.42129 8.38765 4.17195 18.985 24.4788 24.6913 11.53 15.262 13.2549 3.74906 7.24316 16.146 6.18148 5.63374 3.38376 18.8228 21.1228 24.5067 12.5919 13.5706 3.95294 16.8231 13.5488 8.1418 10.9878 3.45316 4.42832 19.1862 12.5195 9.46985 20.5779 19.4654 3.70527 10.3519 15.1773 9.60748 6.55901 8.35335 19.1259 23.1537 19.297 2.78906 6.40903 8.64524 14.287 22.986 16.1921 5.00154 18.3504 10.1508 2.89394 13.9395 16.6685 9.403 10.4881 8.18387 6.54193 8.22495 7.28296 19.218 9.7539 17.5769 22.4304 23.3268 9.78653 24.4286 10.4127 19.6792 5.14102 6.95699 17.2582 19.2033 10.0113 23.6596 7.23559 23.0009 13.5611 5.13413 13.7761 24.0542 21.5544 24.774 18.3751 20.9731 11.5902 24.6301 18.7214 10.0336 15.6893 20.188 4.80581 11.7569 3.98602 7.81204 11.7573 8.28007 8.27297 13.6047 13.1588 5.26731 24.1489 24.9324 3.59028 4.61231 18.0207 18.3669 11.6516 11.6818 5.20857 5.2931 9.7127 20.8498 7.90457 16.4331 
4.0
9.62779 12.9889 13.7762 16.8638 17.8976 9.50897 4.56656 15.9936 12.2186 10.4324 10.488 12.5113 11.0794 4.17682 12.0582 13.6216 7.94005 16.2 14.4646 8.40485 7.4348 3.54016 3.50507 8.22084 11.3014 7.33331 17.7554 7.5895 17.0367 14.3069 3.96376 18.5477 2.2794 4.24999 4.67083 7.48297 11.9187 12.4603 3.05751 13.4434 14.9299 18.1675 10.0185 6.92442 7.93658 9.93308 6.46258 2.1322 14.4989 3.02702 19.8398 17.7232 7.12936 17.7808 19.8946 3.02078 13.0339 9.91718 2.64614 8.70786 16.5809 13.8562 19.5948 16.9967 9.49535 3.99798 17.1553 16.2747 17.781 4.9824 17.3165 5.22731 6.36777 9.92455 18.5277 7.4369 12.4868 3.62746 3.81135 15.4587 12.7714 9.77102 11.1027 17.3731 19.0844 9.07763 4.81556 6.81441 16.0732 7.45431 7.63502 3.4764 19.4497 11.1114 15.5364 3.09424 11.9983 7.658 11.0311 9.90309 18.3099 16.1735 11.6385 16.5732 3.24166 17.2561 18.5851 12.6215 17.105 6.04816 18.7299 12.3002 2.57869 15.237 12.7159 2.96093 10.3491 9.03371 6.349 2.8969 4.47717 17.1272 10.2027 3.66024 4.4915 13.6158 2.45015 3.85676 15.2084 17.915 7.92178 17.4169 5.27819 12.6415 14.3905 11.3435 15.4584 11.4746 5.08261 15.9358 9.61319 15.9932 8.41603 2.49027 17.4395 14.4899 11.9644 5.47792 19.9198 13.762 19.6482 12.1982 18.5014 4.87808 9.15222 6.9093 9.0021 15.9221 14.5698 16.4354 13.2427 8.71364 19.2735 4.24982 15.406 6.50444 10.0119 18.0357 10.1221 11.6522 3.23415 5.72205 9.28071 10.2702 16.6396 10.9976 16.5697 18.8542 12.9551 19.3001 14.7402 19.8852 4.93859 3.28295 10.5986 11.409 6.60864 14.7582 2.72445 17.593 19.7016 8.11592 6.91583 15.2584 10.3544 16.2201 4.3605 19.3897 11.0145 3.78168 19.534 12.6207 14.5761 19.2073 12.8242 15.6968 11.7429 5.92532 10.8825 19.9143 18.6176 2.18808 15.7013 6.53565 13.518 18.3507 7.41866 8.1818 8.01946 14.6265 13.8488 5.20093 9.22373 6.31912 3.73954 8.01361 8.25504 17.531 8.75635 10.4347 3.98211 18.3484 15.1928 2.97188 16.967 16.5034 12.4075 19.1003 12.6403 6.51157 8.98815 7.51431 12.7034 19.2875 7.64116 7.35569 7.75661 11.2356 19.8089 5.41798 4.15439 15.8183 3.01265 6.32793 16.0869 8.60036 17.9229 18.7032 11.8882 16.7703 2.15536 2.28655 3.57095 14.1375 15.7943 19.0571 18.5877 6.60682 13.6419 3.31757 16.8187 11.1291 17.1945 5.7581 13.7864 9.12857 11.3453 2.49725 5.09659 9.40667 6.81368 16.0989 7.10541 13.5225 7.3008 17.566 6.81401 18.6498 16.3722 14.3108 9.98895 12.9107 3.0666 9.10205 16.5095 8.18529 15.2316 18.9877 3.94132 11.399 17.5856 19.1955 18.337 15.2855 3.50637 19.0093 3.26295 17.6264 11.5465 8.62208 6.05259 5.9677 19.6749 19.9656 14.2868 6.81297 14.2453 4.51675 7.50019 10.2925 8.69099 5.08022 17.1146 13.3096 2.94645 18.5478 5.59841 10.1629 18.5952 8.63454 5.85328 11.6461 2.74439 5.59073 7.82665 11.6231 5.62606 13.8914 15.3513 18.0807 10.9247 6.90169 12.2115 13.6572 3.83151 17.519 8.43499 16.6482 15.8254 9.79171 13.8129 17.4881 11.1802 8.51456 19.6446 15.7092 2.19854 9.80034 15.7107 4.37636 6.17268 5.62838 15.4712 18.999 15.0712 5.36951 8.49107 7.91905 4.95301 9.28753 11.0923 19.1761 12.1071 15.0174 8.23231 10.8485 14.9198 12.0197 11.6088 13.8713 8.46776 9.01207 8.99173 8.33106 10.8378 13.3769 11.781 8.23646 10.1738 7.54569 11.7917 3.76623 5.44899 3.35974 18.265 3.99321 5.96631 3.40795 4.10611 9.08514 16.584 4.34062 4.34888 10.9819 17.6684 15.1601 15.8465 13.5495 2.77343 9.48802 13.1894 9.21048 11.0462 18.8088 17.8487 11.0507 19.3593 15.6902 13.5478 5.40313 9.17026 9.97982 4.85886 13.908 19.1063 6.97889 12.0268 4.04926 12.2771 16.5919 11.0199 17.168 17.3129 14.4534 7.80627 18.9523 12.1302 8.03079 3.8578 3.40328 9.42311 18.7042 5.87987 17.2785 10.8818 6.82269 16.7681 6.01095 19.1373 18.7369 16.7914 12.1057 8.43347 6.80842 16.002 15.0118 7.02413 15.3959 6.87115 15.4723 12.2983 3.81709 6.1527 13.3491 17.6312 17.2884 14.972 13.9261 15.9617 12.8399 14.142 17.6872 7.09698 15.2082 3.70595 2.57279 17.7429 17.7042 5.70629 15.7107 17.2618 15.0594 3.18046 5.62532 8.15608 15.247 4.38307 15.9228 12.2791 3.28045 7.23468 11.4523 15.772 9.98881 16.9972 11.9446 7.7273 6.76774 18.1758 2.12685 13.5792 13.3079 17.6473 5.3138 6.22038 13.2995 6.01542 5.47581 9.84522 11.1137 8.19208 14.7834 9.51974 4.45987 16.2058 7.62811 17.478 8.02063 11.2365 18.1205 17.1453 11.0622 11.8764 14.0639 9.88744 4.02225 13.6183 6.40536 11.487 11.0735 8.56977 7.16309 7.34623 11.6648 4.39424 6.83007 19.4159 12.0378 15.4784 16.2546 5.85163 5.7211 17.3265 19.9974 16.3957 12.0002 17.1807 12.1648 18.4866 3.36444 15.8688 15.7195 15.094 18.9305 13.8775 4.26658 13.2811 4.84236 16.6531 5.31711 14.4935 2.64752 12.1282 16.0279 17.5737 10.6505 19.4754 10.4179 7.50354 13.2422 2.08728 11.0611 10.8723 7.20631 13.7828 18.2557 11.0714 16.002 11.2406 3.67102 2.2162 11.0231 7.65888 13.4691 10.7936 18.8345 18.6415 11.9046 4.0369 9.38383 7.31098 14.4003 18.0269 6.19124 17.6476 15.0993 10.5196 13.5146 19.0559 5.89405 5.50035 3.49165 11.1567 5.93176 16.4647 8.25889 19.8065 2.59634 9.42583 2.0467 11.3431 10.967 4.64862 14.2513 4.05781 8.75335 2.10993 14.4829 7.89426 7.70708 9.6858 10.5911 17.3737 18.5102 3.06505 8.66601 12.7469 8.13991 6.38952 6.01652 14.3729 2.70984 14.6208 8.12493 19.3235 2.78811 18.6334 6.57817 9.21542 8.19177 16.0351 16.9755 2.26821 17.2578 16.7129 5.81306 14.589 9.59099 16.1061 3.34444 11.6837 11.2876 17.2062 15.4184 3.19516 17.6368 2.28268 13.2929 19.8672 16.2972 7.33597 10.4255 17.7359 11.9515 2.27648 19.2406 6.54691 7.43626 17.8306 4.87326 15.3997 4.3494 6.17287 6.88942 12.6182 14.1334 2.28526 5.98261 4.84803 16.6356 19.0424 12.6475 18.3802 19.1449 9.02363 8.82976 7.70159 8.90476 10.052 3.55272 6.27183 6.10342 15.4589 13.5203 6.52672 10.3399 10.0765 13.6968 10.1083 11.5671 18.9553 10.863 5.32165 2.51138 15.8098 15.1491 6.81758 19.5683 6.1893 8.54371 4.50287 5.17555 6.37633 9.38021 10.6763 4.66207 17.011 7.79889 16.3915 4.5737 18.4423 15.1861 10.0464 15.4756 14.8055 2.5898 13.1994 12.2309 9.82689 7.11174 16.6115 10.7564 13.3541 19.2762 5.51586 2.25461 15.6139 2.37502 11.1131 5.92186 10.1958 16.7899 17.2937 15.1339 2.76285 8.29053 19.5868 8.10731 14.4885 7.30933 11.3355 14.0379 17.2203 10.1934 14.0988 9.71537 7.37023 19.4324 17.2802 15.6148 11.5313 17.8631 15.9824 4.46458 14.8208 11.851 12.0892 9.29076 18.9506 8.44748 5.57375 7.93828 5.02291 7.52467 3.0329 7.06851 8.05403 17.8861 16.4488 10.6334 6.2234 16.3544 7.17672 7.82637 11.85 2.83475 18.1593 7.50938 13.0948 16.3563 17.3677 2.11701 9.39035 13.0886 19.4692 14.0368 5.5964 11.3357 8.72088 17.4663 9.88229 8.50646 14.0909 14.7465 8.33591 3.061 3.60523 6.17203 15.2993 4.43451 2.92174 6.27801 10.4305 3.93705 15.1304 7.60297 5.49245 5.63006 2.78025 8.92888 15.8681 18.1795 13.1329 8.99746 17.8021 16.6854 5.6424 10.7031 8.36917 9.48832 2.66223 8.76236 15.1689 2.95176 14.378 5.86006 10.7474 17.2218 16.9676 12.2718 10.7452 17.9629 10.9872 19.9634 4.77158 7.07021 6.98408 14.1663 17.0062 11.359 19.3363 13.4299 17.5265 14.2298 5.31864 3.15094 17.3619 19.3108 10.3948 5.57818 14.2747 3.07645 6.73694 7.29497 14.2675 17.4429 9.97107 5.17752 11.8173 19.3397 15.1494 17.8301 9.83566 12.2582 12.9491 17.4968 16.3559 4.77642 5.09756 7.44963 8.94705 11.061 10.0246 19.8534 19.8535 12.3447 13.7405 7.10699 8.86218 14.3815 18.9414 13.6616 18.8958 11.8776 3.34096 7.31485 11.3325 12.8993 12.228 8.98205 2.05279 6.25715 16.252 7.94378 3.21194 6.86718 11.4335 13.5701 13.74 8.08803 10.4029 18.5212 13.5679 12.0352 5.86413 8.42474 6.57978 2.87146 5.28598 9.02993 13.2928 16.0742 19.8196 17.8376 4.26253 6.67896 16.4425 9.20749 17.2155 11.4999 4.32934 3.94162 16.9082 2.32629 12.4491 14.3445 10.7124 15.0964 3.38899 17.7599 14.9275 6.04717 2.40447 3.58374 6.81897 19.8406 18.6965 12.7544 15.3835 12.6672 19.9151 16.7188 17.8408 5.32532 4.88879 4.87527 10.8523 17.2776 3.58197 19.4932 13.4654 6.68355 13.2776 3.10897 10.7852 5.40907 5.98694 7.39878 9.37285 8.01222 16.0862 16.5276 15.3695 19.7057 11.1788 5.97502 16.3479 2.29598 5.18557 11.8376 11.8898 15.0987 8.65991 3.60751 11.8906 19.831 5.3309 19.4284 11.5897 6.48021 17.8722 14.8269 6.32825 17.149 19.8976 9.92159 19.0328 4.87721 9.18367 4.1078 
3.0
3.20141 5.56915 5.40859 13.8707 11.3605 11.3733 2.54031 14.9452 5.49945 14.1278 2.71209 2.17178 2.22636 13.2836 9.03281 5.18983 8.94502 10.0013 11.6621 7.73519 14.0581 6.22692 4.6183 4.53936 11.8171 6.35204 13.6077 10.1875 14.5684 14.7075 6.62535 13.1858 5.14652 8.64129 4.57746 3.48726 11.663 1.93049 7.1751 12.727 14.4423 2.777 10.8495 11.9164 2.3542 8.1374 3.93866 10.8458 9.79241 14.1368 13.3959 14.9471 6.04979 8.81646 7.26938 8.36431 8.34012 7.96585 10.7032 10.4837 6.71628 5.78814 10.2102 10.173 4.6349 9.15006 3.9663 13.979 6.4176 13.6656 2.37592 12.535 12.3586 9.36372 12.6592 6.92627 14.7287 9.19007 14.2106 7.26531 14.9263 12.5926 12.4792 10.2257 14.5241 5.44139 2.61999 2.78489 13.9628 3.032 11.6671 12.4263 12.1414 7.9234 9.97844 8.04994 13.6534 10.8594 9.20167 9.34253 9.92004 14.5244 2.51171 6.35611 8.46985 5.88278 10.3698 6.54601 9.1146 5.35264 9.05401 13.5176 14.7718 10.5633 5.21118 11.7322 2.68362 3.44668 6.68043 4.42157 11.2825 13.9132 4.33811 3.46204 11.9531 3.86094 12.2142 4.95702 4.4403 10.2692 10.6304 11.2788 5.15486 14.1261 1.60912 11.8193 2.6242 14.4399 7.80499 10.1997 8.34058 3.58446 8.20672 10.1891 7.25536 12.7289 6.36118 7.5825 3.66993 4.60065 8.36872 8.28688 7.27297 11.8331 11.9 11.8674 6.57435 14.6468 12.9843 7.80167 3.98537 10.115 10.3194 4.69358 11.2956 9.76308 13.8525 4.69571 12.2961 12.7514 10.3837 10.891 7.29929 1.89324 14.4394 6.88337 11.305 9.75565 8.66884 9.84709 12.5635 5.09496 10.0106 14.7855 6.28441 11.376 11.8819 12.2483 2.24245 5.12531 11.6383 5.25843 13.0298 5.86848 8.55595 5.19708 2.70476 13.4012 6.08406 13.3985 5.08655 1.64482 11.6201 8.70326 13.4474 2.83501 13.5556 1.72087 12.8503 5.29541 9.84398 14.051 13.3839 9.04459 13.8395 2.71406 10.0435 2.98723 3.65792 6.54041 11.0085 5.43922 10.8085 8.26891 6.06642 12.7368 3.8475 5.10416 3.43383 11.1797 5.80347 10.9829 6.72296 5.05823 6.62348 10.7993 6.3054 13.5141 14.8913 8.33932 5.32205 2.48595 12.5667 12.6739 6.0896 14.9879 8.49663 10.2615 4.15351 6.97287 8.44764 10.5088 10.2375 3.02955 2.9097 9.54183 12.3392 11.6633 6.42168 13.9343 6.22323 3.91107 6.6683 9.64633 6.55924 2.54066 5.5985 4.42163 4.95793 5.08332 10.8153 1.89348 3.15268 3.95086 10.9871 8.65008 6.57792 2.38652 9.53081 13.5086 12.094 5.99986 1.81572 13.2484 10.1085 10.1357 10.6397 10.553 7.84396 3.32682 11.2264 4.41147 13.0024 7.08106 8.99379 6.72822 11.5758 10.252 6.84491 10.8923 14.0535 7.24363 3.72919 13.5552 14.776 11.7996 4.22585 1.86827 6.18528 12.6255 5.39865 7.42844 14.2211 12.596 8.17204 4.18334 13.1145 9.79534 5.97888 8.0453 9.82763 8.14235 11.4296 6.96434 7.88962 10.3489 6.25288 11.7101 5.87933 13.4628 10.2577 4.61286 10.3045 13.7445 6.06723 9.01339 2.12748 14.1274 9.87352 2.67193 12.187 14.0132 11.4645 5.88609 1.76728 1.64981 6.27174 13.5677 14.0625 9.84459 4.69035 7.52872 9.28884 12.2606 11.9197 1.72611 11.1923 4.54715 12.0762 5.71562 4.70327 7.05482 3.8272 7.56467 9.98753 9.38355 13.2964 9.97411 2.14377 12.0154 9.99103 4.85908 7.29752 9.78123 2.50027 14.6387 3.84168 4.91084 10.2151 4.48497 13.5734 2.41784 12.3199 9.78033 11.4776 8.06797 2.30523 13.0346 11.9067 8.68162 6.25224 9.01048 13.9073 9.02028 4.13873 8.3085 14.9429 10.507 3.91633 13.1605 5.26315 6.03065 5.10951 12.6823 3.66999 11.0847 7.18581 4.33558 6.42976 2.98935 1.94776 7.84827 4.58212 4.44782 10.6962 10.8443 8.89534 7.68698 10.9148 14.9322 8.2181 2.43154 2.22699 13.5025 2.97772 6.46243 2.37297 2.48477 12.575 11.0091 6.95947 3.81267 9.42535 9.72583 14.2303 13.8488 2.39668 10.002 13.6085 5.01804 6.39346 6.35647 12.2604 14.4003 12.8375 3.66562 11.9303 2.03187 8.29509 2.4758 10.2975 12.1658 7.50071 7.14945 6.60429 9.74158 13.0271 9.59533 4.80581 6.31349 2.85216 9.33273 7.4909 9.68801 6.57155 9.13961 7.32488 6.52029 7.00882 6.53482 9.7636 11.6195 11.4712 14.8442 12.789 1.71342 2.40235 12.6007 4.41629 10.4214 3.68121 3.52848 11.7223 13.1871 12.8177 4.86122 5.64566 13.9197 8.29477 11.2439 5.80831 2.59424 11.8067 8.46893 14.1085 6.56087 9.64439 3.29649 13.3351 12.8132 9.97656 8.60818 10.5539 10.9656 13.2779 4.14529 10.5148 1.68944 10.6535 14.5807 6.83086 4.35828 3.3096 14.6749 11.1787 3.1522 9.42129 5.76608 5.77034 13.871 11.1462 13.8438 14.8468 8.20622 10.5349 2.45716 4.9427 12.7227 12.088 4.20677 12.1729 11.2985 6.20905 5.0705 3.79001 8.7739 14.3049 6.81346 7.26415 6.05989 13.2816 4.23186 14.1334 14.9551 2.6876 5.4809 2.87621 11.4219 5.25254 7.7366 6.55529 9.5715 7.57351 2.44163 2.48274 6.60821 9.69703 3.38516 8.65686 7.98218 14.8479 9.86661 2.22041 4.50169 6.5544 6.1935 4.19027 2.65409 14.42 4.26317 13.2087 6.88581 5.29155 14.4786 11.066 14.5914 11.574 5.74794 6.24468 3.56143 3.94156 9.81867 14.2352 13.1396 14.6953 12.1948 8.37289 1.83855 5.51722 14.3891 9.94693 14.6648 12.8712 4.25802 13.8301 5.40293 10.7997 3.17226 12.8807 9.108 10.8675 7.76976 6.36526 10.0579 14.5019 8.54358 12.6535 11.4139 13.4791 11.0135 11.9341 2.84084 4.80738 12.2315 14.7024 8.33561 13.2565 6.87168 6.26919 5.01521 6.78367 2.65331 3.54157 3.11349 8.60634 11.3488 14.8246 10.4369 7.67087 8.62519 3.895 9.52952 11.7681 4.46941 13.5959 8.29632 7.0453 14.9481 10.2035 8.83644 6.16464 9.55079 8.8147 9.2346 2.85804 2.86778 14.007 4.56195 1.6286 13.8512 12.0188 7.33573 7.84851 7.41069 7.70221 13.1879 12.0033 14.0927 4.99675 12.993 1.83302 2.59404 5.17468 4.20463 9.11905 11.3591 2.60787 8.15101 8.8684 6.01145 11.8061 5.53985 1.64379 9.36895 10.9769 12.9218 2.2905 11.2933 11.3568 9.86317 9.30962 2.62338 2.56406 7.07724 2.12783 4.94235 10.223 5.76512 13.5136 8.42919 2.60955 3.41514 13.8901 13.5439 4.06888 12.3114 5.79403 7.79675 3.45365 3.00134 11.2318 5.85155 1.83446 8.97212 12.6812 11.2129 3.73143 7.78622 2.99071 14.2474 12.6174 3.92587 2.42391 6.28895 10.4426 9.59647 9.10169 3.07774 8.93064 11.2391 11.0901 3.28363 3.89629 9.50173 12.885 10.3632 14.8345 4.42003 2.04317 3.00099 14.0309 13.5564 11.2099 9.3845 8.44417 8.34831 12.2931 8.56343 11.1091 4.91608 14.0336 3.14269 3.31201 5.57877 5.22237 13.5596 2.28719 13.8297 6.81412 14.1947 11.6848 8.02084 10.1871 7.06721 10.0604 2.00588 10.7996 10.3637 11.1361 10.4927 8.99308 9.05138 13.5827 6.85465 11.6914 9.32479 9.07366 1.65056 14.747 14.6371 14.861 5.60427 13.183 11.0651 2.62156 5.29266 5.58231 9.25763 13.8259 12.2929 12.8731 14.7193 9.37771 3.53869 10.2604 14.177 13.7757 2.63529 8.5548 11.7806 7.04607 11.8839 8.14683 13.8883 3.19689 4.26442 7.87872 9.68524 11.444 9.12813 8.06198 8.3865 8.45842 14.8483 14.3917 4.7738 9.38474 5.68044 9.00756 14.8165 14.8818 4.58153 3.4506 12.6262 2.93433 7.23787 4.76748 4.99581 12.686 3.05222 9.5104 7.2722 3.04438 8.83984 5.38395 8.3129 5.80701 13.9835 14.2882 12.277 13.0591 5.79733 8.00856 1.9998 10.5929 14.3502 13.8017 6.20155 2.09793 7.99708 11.6284 7.2802 3.87354 10.8707 7.78254 6.93805 3.31237 3.58076 8.16693 13.3924 9.40544 5.37352 5.96519 10.9204 13.0188 6.99921 3.96044 12.9873 12.1916 4.03915 10.7504 3.20958 14.7055 2.44159 4.10875 13.9012 11.1762 3.01655 3.24358 11.4543 6.41523 12.1396 13.7015 13.8038 7.81467 4.41496 13.6688 14.7261 4.50222 6.04683 1.91903 5.22138 11.5184 8.67063 6.15692 4.23026 10.2648 3.89257 4.50877 10.9344 7.9743 10.2885 9.90949 6.89081 6.95244 5.11142 13.636 14.7506 11.8402 10.4587 10.7371 4.31125 14.1485 3.14729 6.11007 3.6531 14.8141 6.04871 7.97319 3.60988 10.527 3.13263 1.98547 13.3231 4.5793 8.96959 7.2623 3.63031 8.48547 2.44263 5.03787 1.53785 14.1242 14.9179 3.22395 5.02688 10.6519 1.62442 14.1152 8.44391 12.4371 2.49244 5.99107 10.2251 10.2672 5.20128 10.8638 9.70472 14.5759 3.18575 3.62359 13.2572 8.44257 12.3518 4.82939 2.52371 6.11306 12.751 8.89702 6.47233 7.79179 10.9642 14.4331 14.0423 5.95552 13.9437 14.966 4.12231 9.43851 2.06528 10.8228 5.11275 11.0393 2.63819 8.40304 1.82189 13.3986 14.1249 13.5989 6.94616 11.8993 3.81954 12.6117 6.88426 8.83745 12.7351 14.4154 4.63541 11.6146 9.95016 13.1157 4.53148 8.20235 2.6641 11.9564 13.0531 7.6276 3.71156 7.722 8.47996 3.72976 11.7858 9.78662 7.6246 3.93929 11.121 6.05967 6.90086 8.32768 10.8837 
2.0
5.40313 7.96482 4.02732 5.82205 6.40851 8.2948 3.13731 7.78658 5.34942 2.37207 8.71511 6.18758 4.53646 7.94695 4.79999 3.05535 5.28227 2.04367 2.05633 1.29621 7.9963 3.29434 9.12815 4.84868 9.92407 9.04257 3.88813 1.85937 5.031 7.71646 8.08122 7.37827 8.53079 7.9713 8.86274 8.07365 2.55826 8.10165 1.73106 2.46645 5.48677 9.22301 6.35475 6.18425 8.39022 4.72306 5.79428 8.73469 8.14943 4.48235 2.6183 3.29851 6.70323 8.36463 7.41437 4.04205 7.94395 5.47655 9.19432 1.44933 7.75754 3.69707 4.19403 4.17365 8.70809 3.9763 6.5678 9.9087 9.86704 4.90385 9.47729 8.7792 3.28681 6.0468 9.07492 5.75112 8.61899 5.55714 5.88182 3.5614 6.37707 5.54872 6.06036 4.66714 8.34373 2.74381 9.08113 9.71447 8.62256 4.88914 4.28451 8.02678 8.83443 5.44143 7.83677 9.61261 4.95835 2.02256 9.58066 6.19302 3.3168 9.14418 5.28059 9.74848 7.2057 6.70189 1.76228 2.08532 5.66882 8.73891 8.44697 6.92168 4.91676 4.97937 1.78018 9.99304 7.89047 4.63104 2.055 1.67721 9.46928 6.95762 6.12982 2.63893 2.82346 2.12059 5.54076 4.99395 1.41134 6.79056 4.50847 4.49264 9.12093 4.02814 6.33953 2.22316 6.05609 7.93439 8.72244 7.33416 8.46722 5.57078 3.418 9.27695 9.32648 5.64862 2.84436 5.0673 2.04757 9.48814 8.05651 5.06671 1.84998 7.74698 3.62035 3.7832 6.26784 7.41832 1.88128 1.19167 7.30327 3.59844 6.12728 7.07376 5.72426 8.52389 5.14661 5.87728 5.00705 7.37815 3.67997 3.59514 7.42313 7.36785 3.26717 8.16379 7.77068 4.56847 9.98844 1.88125 7.25057 8.03964 1.60014 9.34464 6.98695 8.7099 2.56513 4.4072 3.69224 5.53106 1.47752 2.65496 9.97682 3.40205 3.38212 1.90279 4.80306 5.36231 5.48828 9.2101 7.5841 3.55469 8.77836 5.91599 1.42693 9.45792 7.01065 8.19401 7.02022 1.88862 2.6169 2.6264 5.66648 4.27275 8.99431 4.29782 3.95894 7.68673 7.69212 7.90874 1.60278 5.16796 8.99264 7.40823 1.88107 6.79495 4.38694 7.64634 6.26507 4.03697 4.44492 5.54604 6.6692 4.87321 4.58006 8.2946 6.85047 9.18148 9.20857 3.0546 5.45244 9.89645 1.80318 8.69443 8.19375 6.4374 9.34139 7.0383 1.70114 7.90555 4.64825 1.13582 1.48701 3.55085 2.13375 7.05106 7.57158 4.00837 9.42465 1.67121 7.24944 4.80414 1.39087 2.03475 2.50077 2.63065 2.06646 1.67906 3.54702 5.89172 8.965 2.50774 2.05112 8.01706 7.28966 2.67726 9.46226 9.0462 6.53767 8.00332 3.00518 8.98213 4.99938 8.38662 8.81394 4.41429 3.65189 4.75822 2.71035 1.91124 1.94711 1.04439 2.1268 7.68277 6.99443 1.65105 2.67367 7.0116 6.6379 9.96768 6.85131 9.95453 9.92797 5.3908 5.40647 5.81322 6.48767 2.36697 5.83336 1.87446 2.27342 6.9553 4.51914 6.91991 1.23034 1.40956 6.03401 9.00548 9.34205 6.27971 4.06582 6.0102 2.5751 8.53308 9.4992 3.45453 7.2178 3.19499 4.1392 2.08837 9.11368 9.00895 4.57951 6.74848 2.28944 8.61637 6.71516 6.98543 1.47747 6.75584 4.39982 5.96017 5.03284 3.98187 5.74754 3.11005 2.74486 7.4032 6.57911 7.08438 6.04318 1.94069 6.51288 2.44957 6.09839 3.60465 9.20015 9.66375 8.31717 1.29177 2.20511 8.82097 3.732 7.60154 2.02923 1.66484 7.78531 7.17222 6.78029 9.37185 9.00828 5.03638 4.98587 1.60404 3.09407 8.49584 9.05137 4.3314 8.86565 1.01633 9.86259 3.92358 7.63814 2.64152 1.03285 3.01137 8.47564 5.42668 5.2946 7.61749 9.84266 4.39181 8.53558 4.05708 6.15005 2.49433 3.97953 2.1076 7.69545 3.12132 7.01142 4.94835 6.49826 3.60124 9.14719 9.36947 9.5292 3.23523 1.64803 4.75049 8.83437 3.34793 1.27923 2.30842 1.05377 3.85779 1.71352 9.11533 6.83449 9.86696 8.07894 5.3855 4.63833 7.77073 6.15126 1.5321 8.44395 5.38641 5.69093 8.4934 5.84364 5.60182 9.42456 6.82849 4.03451 8.0433 2.17088 9.08253 8.20428 7.26326 9.61138 3.92158 8.8116 9.94717 6.20525 2.53691 9.26084 3.64023 9.7491 2.81885 8.47153 7.49346 7.08101 1.80019 5.84218 2.52934 3.42924 6.86911 6.10877 6.92703 1.90538 5.25162 1.59765 3.82708 7.64213 4.26354 8.37309 5.15564 7.07553 2.83202 7.77928 3.96832 7.87173 6.78659 4.87687 8.81342 8.99834 2.41975 1.27408 2.61482 4.44027 9.81704 3.85228 1.57434 7.06011 4.45671 1.88618 2.59364 7.10303 8.5789 7.0585 3.71567 4.84626 5.82431 7.86915 3.08565 4.89304 7.64245 4.93899 7.93152 3.61113 5.96941 5.70813 4.06403 1.21583 5.67515 1.02868 7.39625 6.99761 6.28035 9.15213 3.9827 6.19413 9.4427 2.6112 8.07796 1.00695 2.71289 1.49622 8.71482 4.26262 5.05994 4.62611 7.30199 8.21843 7.66621 6.11378 6.74129 5.01263 3.49187 2.82616 1.5644 9.25914 2.10888 6.2387 9.58917 6.28689 7.30459 9.18445 5.5954 1.52363 6.9548 1.99762 4.52021 4.52426 6.66634 6.55171 1.67288 6.14372 3.68924 6.69215 8.46929 7.35442 4.59841 4.56351 8.18584 5.20818 1.24479 9.33113 7.23293 3.44266 8.47614 7.79748 6.44793 7.23245 6.12729 2.41281 4.90774 6.58453 5.77993 4.18055 4.76084 6.8784 3.7919 2.95709 3.57889 3.05064 5.09614 9.64617 5.72785 9.92404 5.26899 3.78776 3.25863 9.18131 7.36816 7.04152 2.81728 6.48322 6.04017 8.06473 4.07471 5.23137 6.39732 4.28478 6.17596 9.47542 1.16423 3.06622 1.70892 6.46486 9.59387 4.7723 7.69271 5.34539 2.65314 8.22105 3.08548 1.49972 6.978 7.03588 2.31182 6.03297 5.09805 8.39078 8.30962 9.90258 5.43077 6.64995 2.59654 4.19276 7.54519 6.40203 3.85598 7.03344 2.19512 9.38884 1.54253 2.66382 1.62193 5.82865 3.0071 4.1404 5.62683 1.63397 9.64135 1.1895 6.91271 5.02393 7.54192 4.70442 4.19549 4.0311 4.19394 3.38704 9.58502 2.4029 7.67425 8.034 9.73549 1.39754 6.87408 7.96739 2.26539 3.97447 2.24124 6.10997 3.947 9.87939 1.5419 2.20491 8.16537 6.12373 3.14185 9.68013 4.14692 2.35877 7.30732 2.65706 8.45748 7.64414 6.02532 4.60405 5.2699 7.11102 9.84354 8.13419 6.90121 6.01973 8.2297 9.44777 5.11927 1.71196 2.95053 8.91921 6.719 4.9574 1.97024 9.32853 4.86806 7.19509 5.36849 7.23735 7.72219 6.16909 5.77795 9.00947 2.80994 4.45884 7.84133 3.97588 5.68703 3.404 8.18802 7.24441 8.3602 5.92378 3.43016 5.65383 2.98062 5.73086 3.67832 9.37253 4.30677 3.43983 2.07672 6.64172 3.43693 9.07014 3.85789 6.16312 1.31114 8.44355 2.41694 9.63128 9.48274 5.97625 5.90537 8.9103 4.65938 4.36529 1.84433 3.35519 3.51362 6.66979 8.25752 5.77773 1.26307 9.28646 8.82352 5.55681 3.51994 8.3198 1.5477 1.39338 2.91033 5.84675 3.45368 9.20988 3.96281 2.57593 6.7943 4.69421 1.76676 8.40134 8.28207 2.98826 8.90006 3.3507 7.83926 1.02092 9.12643 6.42817 8.36744 2.98568 4.36224 4.85175 3.03654 7.46268 6.41286 9.18511 8.59354 5.68542 4.97857 4.86401 5.19058 4.45185 6.42997 2.61721 3.23264 6.18009 3.85295 3.28197 7.74478 4.60868 8.86312 7.51396 1.7589 9.64131 5.68989 2.89189 7.22 6.8361 3.02998 4.91647 2.91197 9.03946 8.17052 3.40404 9.90299 6.66439 8.88164 7.77469 7.01036 1.1134 3.57858 6.73489 4.78493 8.84592 3.25345 8.8547 3.515 4.59021 9.67635 6.53941 1.74984 6.19989 1.36613 2.89586 5.84266 8.65489 3.83066 6.99319 9.01312 5.70705 5.57662 2.01811 7.42945 4.67012 3.38885 7.82477 3.80997 2.85442 1.37916 8.37913 3.04429 2.14594 4.30477 9.59781 4.33389 3.23002 9.65619 7.0816 3.35239 1.95953 3.01473 3.24333 8.92519 1.36761 6.1794 6.33043 6.72875 7.82492 2.56349 6.84193 9.50939 6.8414 5.36062 7.83999 9.32158 4.01267 2.98025 5.65602 7.28578 9.61078 2.25287 6.49129 8.36582 7.31966 2.90459 2.41206 3.66583 1.61503 6.80132 1.23928 7.74662 4.2888 3.46248 6.83278 2.46171 9.6181 8.34422 8.27002 7.81278 7.67873 5.39222 9.41937 5.32475 4.30327 5.36395 4.40792 6.44027 7.18357 8.42049 2.48379 9.43391 9.61792 1.48793 7.77299 2.34568 3.40264 3.88823 3.43089 7.43427 7.36826 3.73965 7.68804 9.64968 8.0602 5.62669 8.29072 7.6255 6.06401 5.0396 4.8359 2.69056 1.47513 2.08337 1.50075 2.40033 4.01318 4.95628 8.66669 7.08763 9.28074 9.698 3.93802 1.93305 8.66676 5.70717 1.05499 4.05475 1.3944 2.52855 6.20147 7.11795 4.21347 1.4097 1.20712 7.96379 9.23735 6.12716 3.1441 2.75784 2.42448 5.58221 6.81832 2.15809 2.20437 4.66613 3.6552 7.00248 5.74812 8.89498 9.48 3.01596 9.38353 3.31393 6.69262 6.03709 8.65464 2.17113 3.33699 9.26415 9.52591 2.86112 6.56495 8.02082 1.23089 1.63768 4.99471 7.54133 3.26535 3.59637 9.46377 9.27522 2.02509 4.42645 3.67644 7.21155 6.58813 2.43243 7.24585 7.72271 3.14154 9.3251 3.63053 5.42773 1.55274 1.2821 7.46544 9.5751 7.58534 3.77805 5.78764 8.44515 6.25958 8.68418 2.65641 2.27199 
5.0
12.1603 5.83874 6.79277 6.58953 20.3774 22.9604 13.2585 9.05599 17.5978 4.76095 23.7167 18.1995 18.2163 19.7625 4.86081 16.5004 24.837 23.8073 18.624 4.44298 7.337 8.06883 19.5292 7.59449 5.06468 14.2606 5.79817 24.0059 3.42253 5.79178 17.971 13.185 23.5851 11.12 18.7847 5.39186 9.10143 10.552 3.06203 5.00668 15.6325 5.2412 11.3601 14.2195 17.5733 9.63221 13.6282 8.29252 17.8095 23.6033 11.6262 8.64467 21.8594 18.0556 11.3521 17.5082 22.6499 12.6996 11.7296 5.40796 7.17788 9.78943 20.8051 7.71231 18.8063 20.0537 20.7054 4.00699 16.4445 12.074 5.10383 19.0408 14.364 21.3607 10.4471 6.49377 18.8982 2.8759 17.1919 21.8173 20.778 23.2534 24.8003 20.3971 9.35108 16.4667 19.2466 12.2877 19.9366 14.1931 24.2822 22.2699 23.0645 7.12655 22.7111 23.98 4.3494 10.9861 6.42561 16.8616 21.2494 10.973 8.95058 9.68941 22.9598 20.9244 19.2486 11.9155 7.19133 20.9144 13.0342 21.5879 7.58337 9.55234 22.8483 21.0911 13.0016 24.7285 10.642 14.4593 9.97092 9.05712 4.12044 5.01148 24.4925 3.76624 13.0964 14.5591 16.9962 7.28538 7.10342 20.4357 24.1775 4.78014 10.5191 24.0992 18.969 22.3841 11.4476 15.0561 17.3972 14.8781 10.6127 21.358 16.0733 3.06673 19.0096 10.4207 19.0695 22.102 15.5675 11.4151 7.92987 4.50434 11.0714 20.4806 23.5654 14.1311 4.5934 15.0111 11.2848 9.84173 23.6847 20.7623 2.70915 5.11094 12.0762 18.0326 15.822 4.83851 3.64004 13.165 21.9038 23.1068 8.85981 16.6222 13.1014 13.1353 7.5613 6.38315 24.382 13.1823 14.1527 22.9129 8.62206 24.6446 24.1246 24.4535 3.58105 16.1031 10.5598 8.8884 17.0098 19.5673 4.4027 8.4279 23.6437 15.1655 22.239 13.3679 17.8305 20.5334 10.3343 16.1702 20.5434 13.6498 18.6832 7.11563 7.02814 15.3686 8.81811 22.7789 13.8353 5.39936 4.12703 11.0762 8.98739 20.4846 8.93229 19.1346 9.03081 18.5239 22.5781 17.7342 4.22202 14.8962 24.7785 3.57201 18.0991 7.22825 10.9745 8.09883 20.1877 14.8616 21.4513 24.1776 18.0919 19.2658 17.9657 19.3143 2.71987 19.1492 24.1323 24.2118 5.39424 9.01733 23.3202 15.3944 8.0971 4.92807 7.80929 8.15652 10.6 16.1944 10.4564 11.0822 18.2287 19.2844 17.6207 10.8875 6.51228 12.6683 22.0999 21.3351 8.96779 6.36278 24.8248 4.97139 24.2689 24.9231 19.0651 16.435 24.0495 22.6318 13.3938 16.0886 5.09279 14.635 14.6619 17.7224 7.15379 7.77574 4.733 19.0801 17.6679 12.3752 12.2273 18.957 22.0933 11.2102 20.5255 19.6203 8.63904 9.43902 15.7825 3.30215 6.12671 19.2236 6.20094 6.51416 8.738 12.7994 23.8143 10.9349 23.8963 12.7429 7.52996 22.1195 7.03359 15.6855 6.18195 9.78086 9.4914 8.22525 15.3434 13.3944 10.8073 18.786 21.6489 19.3738 9.13587 14.1735 18.3766 3.56981 21.0539 12.0784 3.53971 15.3409 24.5015 15.7777 16.7385 21.9465 13.6067 7.28192 23.5213 19.5124 19.1459 10.1811 18.506 16.8179 15.8882 8.43654 21.0103 15.6563 20.5752 24.8712 19.4431 21.5168 9.28534 10.6065 10.7044 5.8387 2.93257 6.69626 10.8454 11.0884 17.1505 4.20886 3.23898 4.90823 22.8107 9.00566 15.5089 12.0875 18.4264 7.46723 21.4694 18.1061 23.1901 24.4167 16.8245 15.5003 24.3969 14.4903 9.87707 24.3008 3.00189 3.20534 5.99737 7.79271 3.56256 16.4754 19.6017 9.84833 12.316 12.3225 12.3909 7.58189 14.6409 6.03724 16.5979 8.07661 18.154 17.5352 4.49609 17.934 7.692 9.6615 10.4166 9.39565 23.4272 8.69229 21.5258 6.78668 13.369 13.2833 8.61227 12.0323 11.4994 18.1161 18.1339 5.49597 22.7936 5.9911 21.7744 10.8901 8.87518 9.61827 7.25963 10.5091 8.05639 6.85492 6.68414 14.5343 18.5127 20.6408 6.09673 3.16166 15.8427 7.38031 17.5964 22.8014 3.76189 17.5223 10.1877 20.1 19.1826 9.58679 3.14618 10.0344 12.9271 3.88913 18.1431 4.32852 22.3268 24.7115 13.8806 3.94226 16.9553 22.1714 16.9858 21.8822 13.7469 10.0377 10.4155 12.5852 22.7493 3.24403 18.12 11.6239 14.7611 13.8488 14.7171 24.4843 12.1051 4.19315 8.92575 13.1665 21.2845 11.0062 19.5091 14.3563 21.2756 24.2069 22.4781 17.9206 18.7044 14.1538 15.8039 21.9736 23.6581 6.09174 10.3912 5.76664 24.8814 10.546 3.55979 11.6491 20.6075 23.4134 13.7877 9.85251 3.77416 17.0014 7.96236 7.34616 2.87414 23.2632 24.893 7.01564 9.69054 5.48163 11.3315 8.41318 7.667 24.649 11.7543 16.3305 22.1626 14.2949 3.15291 23.4437 23.8415 7.51126 16.0851 23.2809 11.4474 17.4244 13.235 19.7614 15.2126 9.86445 9.23414 22.0576 9.65222 24.4822 15.4907 13.5294 16.9927 5.56284 23.78 18.4802 7.48534 6.28757 17.3438 7.98575 12.8547 12.6918 20.7499 16.0449 14.1313 6.07096 19.7612 4.80301 20.1199 5.08376 9.96448 7.59691 10.2515 8.80227 5.4093 21.0731 23.0712 9.45957 18.5064 17.6273 19.1097 18.6446 22.4359 21.9171 24.3908 5.69436 19.8151 15.1961 3.32236 7.033 3.87673 16.2205 12.2233 12.7088 3.40587 12.4788 14.7343 23.8778 20.1876 22.9924 22.8639 22.4851 5.21397 11.4396 12.4192 21.8933 19.9007 20.8511 6.57109 7.20823 8.56403 23.6283 23.8048 24.0517 3.40665 15.6334 14.0047 22.0321 8.2642 5.60239 18.9239 4.16138 22.3609 23.6297 5.789 20.9704 12.8254 24.9751 15.2893 20.5705 4.71597 15.4438 5.20064 15.913 7.3057 4.58737 8.39457 17.9957 12.8776 22.9781 8.9816 16.2668 11.7792 12.305 20.3397 17.4759 12.487 4.54271 16.2772 19.2223 10.4307 16.4416 19.0811 19.4506 6.82726 8.09114 18.1992 5.644 21.2746 6.80526 23.3077 24.9638 19.3552 2.57963 15.5134 9.08721 13.9994 8.87159 10.4408 17.4921 14.3583 7.45219 19.4533 10.4388 13.4367 13.5806 10.2601 17.8991 3.2359 2.75048 13.1574 18.1832 6.15565 2.75919 24.154 10.0132 21.4066 24.8486 8.73257 19.294 10.182 2.6687 17.4948 6.83181 20.8395 20.3131 19.942 3.24955 15.3425 8.177 7.63976 9.84969 15.7112 20.3875 18.0181 14.1743 19.2339 2.55602 22.556 19.0126 8.68747 6.10277 5.60059 6.10507 23.8177 5.40407 20.0714 3.29588 12.8299 4.01145 6.29932 18.8817 15.1387 13.6932 15.25 11.9082 11.6279 7.54809 14.8825 22.1637 16.1698 15.9415 10.8923 21.12 14.6549 16.5138 20.5894 12.5709 10.2808 12.0107 23.6609 11.7173 6.35092 14.6864 13.5686 3.95007 5.33315 16.0283 3.33109 7.08007 12.9284 20.5548 19.4409 23.2654 13.3986 19.9347 5.16615 4.38603 17.4046 8.67934 4.48721 22.1153 13.604 7.65637 7.91791 23.9392 15.2581 16.6765 11.4617 18.8728 10.6 19.9023 7.45224 6.62357 8.21054 10.3288 8.52948 21.4524 8.65579 22.087 3.49954 9.48158 3.63322 24.3194 13.8301 23.2005 13.878 2.87749 14.5302 24.4179 19.5791 16.0922 23.165 4.412 19.5551 10.8659 8.25519 5.02781 5.43957 17.8369 10.811 6.97126 19.6266 16.8666 17.7514 11.5512 15.7257 24.0983 3.4577 12.1181 5.27708 6.83881 15.7122 23.9507 6.97565 20.0118 24.7711 3.83908 12.1559 12.9339 19.3229 8.11573 22.7858 15.1628 23.081 15.3835 15.721 15.1676 20.7614 10.1908 24.4681 15.5717 7.19468 23.9045 12.2083 6.2175 13.3234 9.02937 19.831 23.8038 7.83406 8.2254 15.2261 16.8454 23.1732 21.7722 17.5871 22.2044 22.1993 12.2305 12.9738 11.9446 11.7188 12.5511 9.88427 6.7579 9.15672 11.3813 21.0869 17.2124 8.61274 9.31778 5.46255 4.07365 2.55142 9.85779 6.10565 3.94738 2.87746 23.7969 23.4359 3.99511 5.14568 8.32433 17.0694 4.47166 19.6558 22.0653 2.6991 10.335 23.1817 22.3209 7.73597 8.17847 22.5863 13.2551 9.45908 7.2351 16.5699 16.279 24.4259 20.7044 24.3042 8.88263 22.8921 21.1511 12.2012 23.1633 16.9915 16.2267 22.5663 10.302 18.9252 8.46252 20.3861 22.237 15.4113 7.8858 9.50177 24.2837 14.6432 18.7075 24.4165 24.9534 19.5091 11.3326 8.98777 16.718 5.82002 3.44267 20.7546 8.97223 6.79837 13.9007 7.14964 6.94384 22.5759 13.2281 19.8455 15.3001 13.4514 16.9041 23.4866 10.2024 10.6587 17.7372 7.55505 3.55729 18.3936 16.0592 7.62202 8.21561 10.8511 23.9912 24.7331 5.36831 13.0225 10.0322 11.6792 15.3898 6.50191 20.2196 4.90156 13.3784 9.05252 14.612 8.28178 15.6443 24.183 15.3445 22.5669 10.8945 6.98356 15.0066 6.6789 17.3652 14.9712 16.591 7.15881 7.15135 15.1957 13.7664 16.9961 23.9837 11.3546 12.7214 2.59258 10.7026 7.16827 16.831 20.1107 10.1799 19.7647 7.89558 4.95748 8.43704 19.3241 2.70178 10.6522 16.2114 8.73301 16.1558 8.32961 17.7195 6.99871 9.73923 23.1277 22.867 15.1727 16.5365 11.2099 9.15711 21.0347 4.08524 6.1726 12.045 8.78558 3.7988 6.08704 14.9905 7.50085 23.2106 17.426 10.4572 9.59344 22.2911 19.6256 18.1096 18.0364 10.0871 19.0312 3.95709 8.59519 2.93327 
3.0
4.1588 8.91937 13.358 10.913 6.17792 8.60948 12.9505 2.70647 11.2854 4.10769 5.60719 3.58428 13.8328 13.3434 4.69243 2.94795 8.07716 14.4049 3.16711 2.11666 2.47255 13.2633 10.7929 4.5587 13.975 12.1992 7.22569 4.69895 8.6112 7.17865 6.74709 9.05262 11.0613 7.43163 11.8853 1.93513 12.0046 2.98129 11.1742 10.9981 3.97972 8.37421 14.301 9.34187 4.00768 13.862 9.89332 11.9534 2.22935 12.7842 14.6938 8.72116 5.30608 3.90185 4.87425 10.776 5.83425 2.43282 6.23844 14.4078 6.02337 12.538 12.5629 10.8086 7.8879 8.50888 8.82726 7.89199 3.70279 12.4057 11.5823 3.43842 13.9726 4.89783 11.7078 10.8169 4.1643 13.5541 1.8079 9.0326 10.9539 7.33541 13.9962 12.8511 12.2364 9.03769 12.8185 13.2482 6.65 13.9365 14.5654 10.9364 12.3632 4.88271 7.72207 14.7173 5.37636 3.09905 5.3083 11.4102 6.58627 12.9284 6.35599 8.60695 13.8649 2.28259 8.27596 8.50295 1.90151 6.54315 9.36317 14.0543 10.0586 11.6624 8.19073 6.71099 14.4912 14.7162 6.64251 10.4766 9.78069 12.1579 9.83447 6.04389 9.83098 3.52344 2.67463 12.2565 1.77956 3.83708 4.31174 4.14712 8.17155 3.9692 4.72258 11.8017 7.64768 7.19458 6.18798 1.79956 4.39584 13.7022 14.4075 6.98027 10.1163 13.806 13.0027 11.7861 12.7508 10.1071 9.15923 4.93079 6.22492 7.8566 8.65757 3.64501 6.95448 7.27052 8.0422 2.24715 9.8655 4.54493 10.6798 13.7909 12.1778 8.32279 5.95588 9.03879 3.70211 10.8619 12.8602 2.51189 11.4014 1.65383 5.7106 8.86572 2.46528 3.24436 12.2662 11.3423 3.64814 14.5047 12.9782 3.04854 11.6214 3.10411 12.6304 13.3104 11.5892 7.93377 7.61772 4.35355 2.91734 7.23156 4.11356 9.56043 11.5266 4.6582 12.876 7.05277 14.7995 2.57458 13.9427 7.85091 1.75011 4.27009 5.96366 14.359 13.2086 11.3923 11.9243 4.42659 6.76876 9.82785 7.50527 1.73598 12.2491 4.78408 8.33265 9.76628 3.91825 3.8225 12.3655 5.08323 9.23336 8.59294 6.673 10.2054 1.84263 8.51901 4.84964 9.79633 4.10128 10.1848 13.8196 13.9333 14.3513 14.6726 4.27919 5.20184 8.71474 3.60194 13.0288 5.86637 10.6509 8.11988 5.94269 1.86746 5.52697 11.0921 7.82777 13.8949 3.95238 13.2456 6.42132 11.787 4.12699 13.5121 1.77697 3.00613 8.45273 4.8233 5.28961 4.94044 6.65906 5.6066 8.60882 2.28165 13.192 12.2323 10.1911 4.22911 3.6171 14.1622 11.7407 5.76997 13.2854 11.0486 4.7891 8.28559 13.5142 11.5358 8.1632 11.734 4.02999 7.01126 14.5922 12.1589 4.42679 8.05896 1.70324 11.2739 5.38662 1.86366 14.1553 4.37437 7.91454 12.8162 13.1623 7.32412 8.83707 3.07 13.1547 7.869 6.81434 11.299 12.8296 10.0265 8.61584 9.90645 10.8395 2.80125 1.90996 13.9349 4.87022 8.47738 9.3171 2.92748 7.85676 14.7362 14.4765 13.4906 7.08843 13.3506 9.87661 4.30721 7.95235 3.7056 11.1996 13.3516 7.06571 8.39473 4.42873 6.55568 9.54668 13.143 7.97022 5.17553 2.67403 13.3057 13.5382 12.6102 14.1853 11.6936 1.55381 3.92086 5.464 14.9743 10.8074 11.8016 11.3648 8.39954 12.6348 5.25104 6.92807 10.109 14.8577 13.1956 7.23295 9.25992 10.7362 13.8132 2.13869 10.7333 9.18698 14.809 2.66511 4.16572 4.51364 7.39172 3.26152 12.5581 13.9014 3.20124 1.71439 11.21 13.9253 12.4375 2.44361 7.22989 12.3221 10.4404 9.93753 2.87276 5.27589 7.4713 5.57656 11.4525 2.46733 12.4448 9.09555 11.0814 5.13649 5.36288 1.93473 4.98524 11.4095 6.19906 2.72944 6.14523 1.63866 3.98462 4.68841 7.01527 5.0067 9.34547 11.1108 8.56608 11.144 7.74041 13.792 7.40513 3.51018 9.15045 2.0677 1.72293 13.2887 11.9694 9.24721 9.31535 11.5459 9.34569 14.185 9.9322 10.9027 4.22499 1.74124 7.70198 5.47141 12.8445 13.3805 4.38273 12.3044 9.4283 5.65993 11.6892 5.10821 7.8333 9.35524 14.9458 3.46994 3.39731 1.97601 2.81668 13.8483 11.2375 13.4193 2.36044 4.57758 5.25049 12.5122 4.66254 2.63609 7.56328 13.1927 3.793 8.42735 11.1857 2.07948 7.34051 5.32572 12.6136 4.6806 11.7727 3.23529 12.6338 13.4902 3.37266 14.9126 5.57963 14.2246 5.00145 12.303 4.28788 8.94635 13.437 4.6405 13.007 2.32782 9.5389 2.06186 9.00655 11.8026 7.48983 6.48351 7.13727 13.8561 14.8626 9.49286 11.5931 8.70464 4.76366 4.00292 10.1239 7.61329 14.8029 2.92067 3.94926 3.60228 1.63942 4.07916 12.6239 13.2922 11.3533 2.6832 6.60383 7.63764 10.8942 4.01876 3.76396 8.30001 8.3552 2.67605 12.6167 5.40836 9.82373 2.53627 4.48184 13.9594 8.55802 3.27196 2.35756 5.60575 13.24 14.1112 9.74261 6.08359 14.0544 7.11516 2.1597 14.028 14.8438 5.71985 1.63 4.42775 3.09021 4.79091 11.3489 9.96837 12.9723 12.4425 6.3127 3.5141 4.74949 4.36984 13.647 6.97833 12.7215 13.4451 5.88567 14.8329 1.51464 10.3274 5.4512 9.00577 4.44391 13.8363 2.08644 4.41792 10.7014 5.83849 13.9873 10.4082 13.1211 8.39926 2.38642 9.29745 7.26905 5.94647 10.8387 12.8409 2.61106 2.69889 9.45723 14.3197 12.0052 6.108 4.35064 5.02023 12.7712 10.5635 14.012 7.85344 7.58606 1.61228 13.9083 13.3615 2.95544 14.4417 4.52159 13.864 6.51153 10.3755 7.09102 7.49254 9.38699 10.1346 7.3061 5.86376 14.4151 4.6104 2.20116 11.6416 8.90591 14.4026 8.50099 13.2377 10.2489 7.87046 12.1677 3.40069 2.09162 8.44733 14.3985 14.9443 10.8441 6.46954 5.32505 4.86369 5.26048 6.26842 7.16377 12.0911 3.84551 12.7762 4.56714 1.63956 5.33834 4.89575 11.9265 9.38558 5.5218 10.3834 14.3759 13.7405 12.6081 5.49614 5.24696 13.4605 13.9507 10.6523 5.22522 7.84521 8.83231 10.8554 2.45735 7.57495 6.079 4.63246 9.35976 1.93692 6.75065 12.7353 13.3782 10.6897 5.65743 12.8558 3.94873 11.3167 4.95252 9.60517 14.9096 4.91817 6.05096 3.50615 13.6147 11.4917 13.6247 14.2494 7.99763 14.8519 4.42369 2.96369 13.8375 12.4382 2.67361 10.749 10.4754 14.7614 12.299 7.22439 13.2327 14.7397 1.72333 9.3385 12.7797 14.6718 1.99463 4.69445 4.20595 9.60037 14.4878 10.138 4.54196 14.8132 4.93257 2.35968 11.4814 9.23317 4.01834 10.7602 4.55498 3.94703 10.8243 14.83 9.00551 13.1229 2.82659 3.79211 13.1138 1.5661 5.23086 2.75885 2.22611 4.66432 10.3817 4.65215 8.23236 8.97061 10.4977 3.6376 5.74596 5.17571 1.98301 1.82205 12.7345 4.21874 8.56493 9.46502 10.8517 9.78666 8.50767 4.95372 2.72053 7.95236 2.15234 9.79169 10.4176 7.70144 10.5331 1.85125 8.40841 4.09767 11.8194 11.1394 13.6843 5.83713 11.3346 13.3278 2.35008 12.441 8.90047 5.7958 10.4129 1.83685 5.258 2.93767 7.02276 2.5792 13.8146 11.4834 5.91344 14.4579 3.46694 6.08293 3.2953 13.7458 8.75071 6.40438 5.4488 9.33495 9.06575 5.99567 4.26942 8.01129 2.22789 2.65997 2.01363 3.61825 9.09682 2.09479 10.9961 10.3589 2.53006 1.54473 7.98804 11.9868 10.4132 14.2179 12.0668 9.13541 8.01627 6.21611 9.16645 9.53647 11.4262 9.22842 13.5798 8.37669 14.3057 10.7388 3.1614 6.04334 4.2279 6.49724 4.98165 2.50846 11.3377 6.00432 14.1823 2.10172 7.08869 11.2599 9.28318 8.42195 10.8069 2.52521 3.18948 2.6374 5.8299 5.34849 1.65109 6.42459 9.47313 2.60466 10.9225 6.79587 6.5713 8.79839 6.87412 6.06568 9.84677 2.88089 7.30455 14.7054 10.8537 9.83044 11.2044 7.3371 3.7485 13.7465 14.2208 10.6154 7.63645 6.20776 12.5737 5.74896 13.2445 14.6432 2.17246 3.40946 9.17008 9.46768 6.68475 14.2803 13.4565 7.23067 6.3055 2.99344 9.24379 12.0287 3.47777 7.70484 7.24673 4.43161 2.81448 13.5589 12.308 11.6724 6.47141 5.29148 8.77829 9.35083 4.72133 3.22124 11.9721 12.4005 8.97931 8.3802 3.44984 11.0698 12.5292 12.0326 13.3765 1.66644 7.20132 8.83259 5.70583 10.8159 8.75124 6.87044 4.941 11.9828 3.18983 14.3576 12.2216 11.0071 9.81441 9.70044 14.4865 10.4029 11.1911 9.7123 12.4633 7.67149 13.3383 13.2148 6.73321 7.37786 13.3615 2.27731 2.62308 13.2411 2.78893 7.8454 13.6728 6.98837 13.3589 3.50778 2.92912 1.72215 9.50758 12.152 11.816 14.5519 12.3089 13.7589 10.8306 5.73879 2.61457 12.0854 5.31563 7.1044 1.64622 10.4866 11.558 14.453 11.7881 11.6257 4.46342 1.75736 13.331 7.32334 5.55763 9.85871 10.4179 5.79526 7.5631 5.92969 11.44 8.52864 12.3024 6.45154 4.63441 11.0472 13.1778 11.4547 3.133 7.31486 9.97642 13.273 4.2122 4.52829 8.75252 5.56185 4.49416 14.5479 13.535 12.8299 10.349 1.71741 3.1119 12.2341 9.74819 9.82271 7.64017 10.889 6.81934 2.4385 8.33258 1.93926 4.35177 3.91431 4.47012 8.6462 8.5036 7.74885 11.4908 7.23753 8.45981 10.1031 10.4048 5.27126 5.29158 13.2023 3.78512 12.263 2.26676 5.37589 9.58556 
5.0
9.82422 12.3472 11.7518 5.92756 11.0879 24.1287 19.5599 16.2271 14.0377 5.053 24.0908 18.9044 21.5736 13.4441 23.3022 17.4545 13.5133 21.9538 18.4191 15.2994 18.2977 10.0314 18.1833 2.83267 18.8467 17.1069 17.8783 23.3029 18.8159 10.2361 9.37966 13.7841 10.5038 4.9595 10.9813 17.4848 13.1585 23.1237 15.7462 13.6442 12.9356 11.4156 4.63336 6.26713 18.2564 24.3595 13.1494 22.9463 16.816 8.02767 15.2764 12.5226 2.99256 5.71275 18.4243 12.8332 19.4061 9.314 20.6593 14.7977 21.3785 7.68597 21.4574 6.59201 3.04299 18.2002 7.23299 6.66045 13.8551 22.7695 12.8938 6.8152 9.25313 22.0861 23.1702 16.6741 19.2193 16.821 17.4703 18.1862 15.9915 17.038 12.0108 21.495 9.6751 23.5694 20.4724 8.38994 23.0053 15.1052 11.9315 22.0956 24.0099 19.7448 12.3168 9.64863 7.82245 12.2621 23.1412 13.1129 13.8958 8.33265 16.2594 23.3823 22.3658 6.97487 15.9007 2.82146 10.8158 17.453 9.22739 20.4945 2.69143 24.3937 11.668 16.2314 6.11531 14.8652 5.7769 14.7828 11.8529 11.1693 12.3681 13.8119 16.678 8.09693 12.6756 6.97485 15.8895 5.89524 2.78806 18.3389 21.2275 15.1991 11.61 24.3884 2.94055 22.6743 3.59711 22.3686 14.7532 18.6246 15.0182 8.71748 17.9837 7.8108 17.4916 13.8354 23.5622 14.7333 15.0475 24.4428 23.1992 4.62737 3.46517 7.27527 13.4548 23.9211 5.63639 22.8674 11.4579 8.90678 14.2034 13.1735 6.02622 16.3744 10.2227 16.7773 12.936 9.95888 24.1042 12.9384 20.593 23.4495 2.57576 13.2274 17.353 14.8125 10.4228 6.99875 21.7437 7.17689 13.254 19.4515 14.336 10.5324 17.5415 23.5277 7.51599 5.39096 16.6874 9.39879 16.908 22.1609 24.3648 20.2903 13.197 12.484 3.88516 8.39372 23.1022 18.7853 19.8398 17.117 8.25036 23.286 15.7682 3.42212 5.70029 5.22916 16.6006 9.00157 23.867 15.0685 24.6265 16.5417 20.0966 6.86961 2.73859 19.8245 16.1416 2.67456 23.7018 3.91758 2.78652 15.0791 11.6977 4.201 4.87388 9.27285 9.89502 7.98319 2.98061 5.79235 17.7942 24.954 15.4948 20.2371 17.0989 22.7257 14.8431 8.69816 17.3616 8.71245 4.11792 10.1503 20.1554 22.0968 17.8558 24.5564 3.0208 24.6346 13.2155 20.4347 24.4382 16.5481 22.8068 15.6398 11.0752 6.25595 17.9198 17.6054 3.56029 2.69218 10.9043 14.3009 17.0307 18.9623 2.94975 4.65031 22.7066 8.5879 13.5155 12.1641 16.7404 15.5883 22.6616 3.03433 7.59128 9.65116 17.5299 12.4422 23.1752 2.64007 19.2255 17.8288 14.0404 7.69056 11.3486 20.3786 23.8182 9.64374 6.42688 8.46589 8.19923 3.068 13.9979 16.8141 11.1851 19.1184 11.5925 22.6179 12.3652 17.4844 19.868 4.87869 18.9693 14.6745 23.1419 20.702 8.94506 9.89014 16.5767 17.3087 6.31151 12.2364 11.2636 21.0089 7.53739 23.0211 8.45828 16.8883 17.6952 6.89138 21.716 2.95812 5.14033 20.5589 23.1774 5.01699 10.9662 15.362 5.25457 18.4768 19.484 22.4166 11.4677 23.4007 5.9782 11.6046 12.6821 16.5043 15.4878 20.6498 22.4954 3.86953 13.8624 3.03261 13.0256 10.6216 17.3436 13.4917 24.8486 6.3189 16.9226 22.3643 9.83735 4.80553 23.7223 22.5138 3.15039 12.2769 21.6554 12.5961 5.62126 14.8084 18.6072 2.91219 15.2981 16.5962 4.89491 10.1008 16.884 5.16223 10.251 6.9173 7.82704 12.2706 23.0831 18.3509 4.81147 11.8082 8.25855 15.3302 19.3989 3.37728 12.1646 22.2661 14.0698 22.8512 6.29426 22.1829 7.41589 23.6434 20.6069 8.18715 24.732 22.4388 15.4147 12.5243 17.7594 3.13824 20.5449 11.9736 12.3288 17.766 13.0262 13.3304 22.6538 23.09 17.0518 15.2269 13.5251 4.20474 9.96705 15.0404 11.655 13.8276 5.53313 4.63909 17.4215 3.55782 10.7154 11.2169 20.7645 20.8479 24.7476 14.4651 19.9802 17.9387 24.2214 21.3321 9.66806 4.00698 12.9515 17.1216 16.5764 11.7757 12.8653 6.67792 14.5994 24.8377 7.16917 21.9098 22.6745 11.9416 4.5392 16.9018 14.3291 11.9913 10.5877 21.8637 10.1295 11.0077 7.85517 4.66758 4.27824 4.80411 23.0772 13.7232 6.61333 11.1235 22.9775 5.94079 8.75715 19.9898 9.83566 23.5322 20.6659 6.02103 13.0804 10.8995 8.82936 13.9561 10.6589 2.86193 17.3714 13.6441 16.4303 20.4701 10.8002 8.24661 7.33583 23.1589 12.1597 24.4029 16.5934 18.4875 7.83073 18.1079 21.6683 3.21798 12.7327 22.5533 20.7685 16.9812 14.6763 9.18119 16.6162 4.78092 11.6153 13.2011 8.74403 17.0858 18.0504 17.3195 5.56729 16.2591 6.83182 9.93192 22.481 20.5765 22.6136 4.02914 9.73257 12.0818 5.70733 5.56487 13.8202 24.5301 12.587 10.0372 21.166 17.6695 11.7939 16.0325 12.815 21.6102 8.99148 21.9827 16.4096 22.5317 17.4217 17.385 9.18871 5.97808 20.0108 24.7343 20.7634 11.4905 24.3757 23.4196 19.417 7.32843 19.481 14.3316 20.6809 24.0282 2.6963 11.4349 24.4357 18.0498 21.0038 16.552 16.7882 16.7611 12.6062 11.1105 2.97306 16.0104 22.6854 21.1032 15.0301 24.037 17.0612 19.0111 15.5074 15.4687 2.50051 11.4394 23.4392 9.15869 14.9269 8.71608 23.8496 11.1089 9.28083 22.7037 9.53136 13.7322 22.2797 14.0738 8.85053 17.7019 11.8289 2.79464 20.8258 20.1396 14.333 15.5811 3.73386 2.89057 23.6571 16.5584 18.4898 22.1374 7.98876 12.3876 20.5532 5.60085 8.35079 5.60538 9.1091 11.0796 15.0135 9.92516 4.77491 12.577 15.5579 3.75241 24.5825 12.766 23.3396 13.1621 20.4854 20.5423 7.60221 20.5894 17.6421 17.415 6.4919 2.98292 13.7239 13.985 6.72209 20.6713 10.4985 5.26201 6.13848 8.19239 8.93961 16.0686 22.9345 20.8352 24.1106 22.7826 17.7672 3.14512 18.5747 10.1676 10.0236 13.1418 13.0803 17.0405 16.9871 13.4999 3.27142 24.5282 7.15465 5.94271 8.67344 13.1609 13.9542 2.59899 17.7048 20.0541 16.1126 3.07215 19.9638 4.92839 23.4234 10.9728 24.5402 8.71679 19.166 11.1639 8.10367 8.51035 17.9242 8.96892 6.51577 20.0914 2.55575 7.59304 23.7189 9.3049 21.5622 2.50683 16.6498 6.0174 8.10884 4.0432 12.4287 4.41417 6.94546 9.4571 9.07372 20.8841 10.4771 3.19808 8.49079 5.74236 22.7356 19.1458 12.989 2.54132 2.50111 6.05854 19.0713 3.71892 11.8242 24.9841 19.7502 8.83521 18.6987 24.8844 4.13985 4.14671 17.634 17.7223 10.5722 9.76864 6.87891 11.7616 19.4897 3.1751 13.545 6.82964 12.3628 22.787 20.3808 17.7935 5.38267 12.8982 7.9462 24.9983 24.1801 6.18887 10.9372 20.4185 8.31898 2.57779 19.9114 3.27295 16.8154 5.66148 9.66324 3.85146 3.43257 2.99185 15.5005 11.8054 5.50034 13.9416 21.1704 22.6507 15.0109 13.9073 7.18637 11.2336 15.7395 16.1009 13.3053 23.4099 17.6402 7.17841 23.9052 14.6863 9.76798 17.957 2.51314 9.5752 22.9752 2.96978 19.2335 7.91223 21.134 12.6086 9.82682 9.38666 14.6343 16.6046 10.189 10.0347 24.9063 20.0967 22.4805 4.44553 23.7196 11.0378 19.157 4.93076 16.0066 20.1896 6.14864 21.406 7.46196 12.4541 21.4417 13.236 3.16727 3.29413 12.8093 4.29214 3.49095 6.49112 10.9426 12.4734 8.51382 4.49097 24.2333 7.43973 19.7298 20.0877 3.95529 20.3083 5.27234 8.19537 3.59785 11.5632 19.9157 6.45706 3.59826 3.42726 18.6021 15.9428 20.2255 15.4475 4.74423 5.68459 14.8638 17.0428 7.05292 7.29962 19.9475 20.765 8.6402 18.4514 20.2946 12.5226 19.648 18.8987 6.09293 22.5175 12.152 20.3823 6.28464 10.6443 21.0911 4.0999 23.6025 5.10289 17.4719 4.5188 17.5057 10.4741 15.0992 13.2762 13.7669 11.5072 17.0811 6.91765 14.4586 16.3719 15.8601 19.7237 12.0911 15.6216 13.0195 2.87357 6.64954 3.1206 2.61489 21.1977 14.2827 2.68394 19.2812 11.2676 11.3911 21.68 14.8653 12.0734 5.366 10.346 24.8339 24.5402 18.2288 18.0667 5.70647 6.13116 16.9205 17.8653 7.26434 11.7894 3.9922 17.8582 15.7843 19.9674 9.945 20.9218 19.5484 17.494 20.9713 23.8226 15.3782 17.0302 10.846 22.0601 12.4456 18.3616 20.7177 9.17267 22.1081 14.78 5.55159 4.25608 22.5198 10.8018 20.9709 6.44532 21.7676 17.4752 19.2505 22.6089 5.78357 14.0244 8.20964 22.0062 7.28124 22.0827 21.7556 9.1578 14.4688 11.2624 3.32793 23.6787 23.2867 7.31374 18.4926 10.8243 19.4212 9.12045 20.4367 23.999 13.8428 18.2844 12.1139 5.47868 8.12062 12.5475 8.78968 11.5947 13.2617 9.30141 14.7375 16.1322 20.8261 5.43546 2.83504 23.1898 5.06678 7.27243 20.8108 5.75366 12.3457 4.34197 7.89134 18.7335 11.5746 10.7421 8.09889 2.71176 11.9316 5.33875 3.949 9.65549 9.10293 7.05261 11.799 6.84157 18.8002 3.98467 22.5965 12.7444 6.30302 17.629 24.2786 13.6366 15.777 20.9239 4.5715 9.65275 15.6172 13.8904 12.9399 21.5657 11.0668 20.6091 22.9375 24.5262 7.8613 18.7849 11.2078 22.515 18.1484 15.6494 16.8848 4.75805 7.43238 11.4511 
4.0
9.86866 15.9927 13.9047 11.6298 9.18591 16.9497 11.8861 17.5736 9.17266 16.7574 19.7708 15.7631 2.03492 13.3348 12.3458 6.34799 13.1558 14.205 12.5012 10.0442 15.3018 6.33583 9.26911 6.93218 14.7427 10.145 16.2752 17.9184 12.2861 10.6688 9.60522 13.8616 10.2255 8.89541 6.0855 3.36318 2.20277 4.26205 2.97704 2.2208 8.98467 7.31601 4.08417 19.547 7.15313 19.54 15.277 15.5514 11.7099 7.34147 18.428 19.9871 15.5953 5.20595 4.76272 6.26075 11.1206 15.0146 4.62439 16.2076 12.315 16.5255 14.6528 4.52956 15.1865 8.01945 11.377 5.89806 12.8964 14.1096 6.22232 3.72058 2.84857 15.7148 6.93136 13.5714 12.6924 9.19787 2.39886 12.2866 10.2398 5.66702 15.9209 9.72238 12.2961 15.4419 19.8579 2.17861 5.40557 8.68347 8.71215 14.4854 11.5105 5.18814 5.6187 5.75419 19.5246 14.3457 11.251 7.79301 7.82015 14.2614 12.1399 19.1855 12.6296 15.0425 3.40781 6.03412 17.3612 17.2479 16.9154 18.3676 13.828 18.5033 19.8237 17.212 10.3923 5.2786 16.5697 15.3266 14.0226 10.8312 3.25591 18.6028 13.2655 14.3122 17.4541 11.128 7.13209 14.0365 4.42345 10.9133 16.8968 13.9184 12.742 7.28471 17.8123 4.06938 8.35303 4.93945 15.7367 16.5614 18.0248 3.66529 7.67631 13.3535 17.2246 12.7246 15.2411 11.3827 3.40739 18.9023 2.01551 3.81907 11.7173 7.21754 7.84206 10.4845 10.1043 7.30022 5.02015 14.4361 6.85458 12.4307 7.41819 9.71295 19.5348 14.2441 9.50009 7.24757 4.3507 18.0984 16.2657 7.94111 6.91928 12.1072 11.1055 5.90262 3.45582 6.83526 14.569 12.8525 17.3742 10.6597 9.04758 4.68978 16.3019 3.79394 8.37122 15.2239 12.5085 9.97658 11.3192 8.07017 15.7486 4.82377 10.0452 3.70914 9.51883 11.846 8.41575 2.71069 13.7286 17.1288 5.26386 2.12155 8.7854 17.6774 5.5556 6.01722 18.0936 14.4258 14.4714 3.21778 15.9678 12.9097 5.40104 11.1679 11.9598 4.60299 14.8533 14.9807 14.6004 9.91953 13.2789 8.6461 9.554 11.8777 10.8078 3.40269 15.1885 5.42961 10.9011 12.274 8.55874 9.4547 18.916 19.7688 18.8037 14.4166 6.58571 17.7455 18.9584 18.6847 3.41286 8.44016 3.17957 18.5196 17.9773 19.6594 6.38496 14.7223 14.1578 15.1367 3.30757 8.94817 5.26778 15.0529 19.9633 16.6841 5.10537 3.72095 16.5326 15.8906 6.91715 11.4345 18.6571 2.30722 17.2762 19.4808 2.14893 16.4223 9.87413 3.31727 8.11501 7.10713 6.22731 14.9128 11.4954 8.91357 4.2969 7.25222 2.01546 12.0362 16.0232 4.00562 16.5518 19.9382 6.7738 11.3613 5.91307 15.6416 15.7062 5.02291 13.034 7.68149 16.044 19.3707 5.58407 2.7239 10.2675 5.78669 19.9899 3.84851 9.21825 9.14406 13.872 7.49475 12.1176 5.46049 11.8953 8.07228 14.4996 3.71564 14.0336 19.2355 17.0572 6.8326 17.2491 12.822 8.40391 2.82352 15.5843 18.4552 2.74779 13.0992 5.66958 14.8111 15.4809 8.94285 6.64387 17.549 3.68227 11.1477 13.4897 12.9059 14.5346 3.81897 18.7824 15.956 10.6559 13.3397 3.85312 10.5331 11.3441 19.5007 16.3659 13.8178 18.7368 13.7945 19.3095 4.58852 7.88424 15.8736 6.40189 12.1366 7.73678 3.17214 14.9105 14.8453 12.0463 14.6928 8.88507 17.4333 17.1819 5.95645 19.8055 9.86175 15.859 4.11678 13.6433 14.9058 9.78331 14.2386 15.3372 17.3899 14.2085 9.74016 13.683 18.0872 9.40789 15.9999 15.6372 5.28346 10.06 8.12699 7.03498 15.0041 9.54895 9.8956 8.722 18.9062 6.17779 6.84404 3.10031 8.83435 12.297 6.53729 10.0885 17.0401 19.3461 2.9939 15.4957 9.06594 17.8102 16.2768 12.8097 18.2934 9.08994 18.2482 5.39938 9.1547 18.2856 5.48897 14.1306 18.0091 8.89572 12.381 9.39682 4.68268 14.4292 19.3552 10.5635 17.6729 9.93196 17.3017 19.8264 16.0163 18.4272 3.14619 15.4842 4.82146 11.27 5.58836 13.625 7.46468 7.41613 6.00573 9.2273 9.45083 2.60458 15.521 3.67409 8.93763 7.45424 11.2334 19.6822 2.92429 5.47483 10.6146 4.64481 8.10403 19.9917 5.068 9.38853 17.3808 10.9847 13.6526 3.34423 9.04998 6.84134 13.9707 19.1321 17.6431 12.0237 11.2199 5.5608 5.43697 5.64966 2.40843 10.0405 11.6261 3.98786 6.73589 15.4101 12.1601 15.8672 9.13664 16.1786 3.24467 8.00004 5.98813 19.1805 11.5064 15.2195 17.983 13.6448 3.82229 8.63092 7.16513 9.67891 11.8128 16.6775 13.1302 10.166 11.999 4.1196 13.3897 15.0766 2.6244 3.92858 2.89955 13.194 16.1398 7.09433 13.7523 6.2545 4.35296 15.3471 12.0338 2.50069 19.2424 13.7932 4.84382 6.6495 14.4347 16.465 6.48056 15.2741 14.3462 13.7848 16.7894 8.59964 11.9887 10.9427 2.67547 19.7137 18.4396 4.189 17.7809 2.19006 2.97519 12.0398 19.3254 9.12677 2.86897 8.39765 3.111 8.59863 15.8535 18.5855 15.6916 10.5233 8.24637 9.29522 16.7055 9.94171 11.7405 13.4497 14.3729 7.71233 11.8579 12.9795 15.157 9.61978 15.0686 2.51335 12.5891 12.8973 15.5721 8.98246 6.2581 7.1632 14.7442 4.1394 5.96387 16.7718 12.2476 6.99066 12.0346 13.5779 13.8058 7.14341 16.8083 15.1156 10.642 6.06626 18.2785 17.191 11.5819 5.26422 18.9037 3.88969 10.8197 4.36754 18.5813 7.99681 8.34969 18.1347 10.7852 14.8328 2.06019 13.3696 8.86746 6.50201 14.493 8.75255 3.5246 11.5563 19.266 4.58532 4.42718 7.07186 10.1604 3.45069 13.014 6.14062 5.8715 4.78556 7.4499 15.7756 17.4238 18.3683 2.74839 18.2304 5.25039 15.7204 15.0574 2.73238 14.936 8.42145 11.1096 2.63048 14.6244 10.3394 13.8369 2.95666 19.0897 18.7736 13.1488 15.4016 5.47147 5.51272 14.8746 5.70422 7.67486 16.8065 2.87021 6.45585 2.43356 13.2515 3.28849 10.3177 10.0377 16.5909 8.01403 12.6528 4.72528 14.4287 18.2618 14.5723 3.73824 9.85718 19.3398 13.3949 2.04191 8.99965 3.57599 7.52146 13.709 9.46599 14.4093 6.72303 12.9676 16.7231 4.6443 2.84283 17.9129 7.37911 3.87033 17.9128 19.8836 10.3816 10.0446 4.68359 19.5016 9.13004 10.2393 4.56948 16.3765 15.5022 13.5528 14.0063 15.4736 18.7948 15.1848 18.2244 5.14631 16.5775 8.67587 3.43486 5.8325 10.4624 19.3106 10.4303 18.4148 11.7859 5.68534 4.59968 7.24528 12.2059 16.4392 3.35694 16.8337 18.2125 17.1502 19.9839 17.2004 14.5529 8.3945 12.887 8.89274 9.57007 11.9703 11.2687 18.666 9.45615 6.28541 12.2119 12.828 2.41922 17.9094 18.1795 7.24817 15.7645 18.289 7.92712 5.03017 2.88954 12.6284 11.8309 4.84913 19.1934 5.93343 12.6282 16.9525 11.9001 17.2189 4.5732 5.82538 6.79577 6.88161 4.00633 2.51936 16.8802 14.2358 2.33758 17.646 5.93248 10.214 14.4442 16.034 5.99016 14.2309 15.482 16.0507 19.7433 16.212 9.11135 16.5873 4.84177 18.786 2.13673 12.7083 3.11736 10.6412 2.5604 18.9654 9.71929 6.04609 14.0504 19.3746 5.16417 15.5342 17.8223 15.0583 15.3 10.7526 4.93525 16.5508 10.184 18.4746 14.0021 7.76802 10.8748 10.7766 3.31328 16.6416 17.1387 14.3793 16.375 13.4165 17.0694 16.152 19.8616 5.61344 15.6225 15.7822 16.9816 14.6543 19.0641 18.6086 13.2583 15.1528 2.33269 13.6176 5.72394 7.86831 12.3157 17.6055 4.52822 19.3242 2.04007 14.5028 5.96092 19.0903 16.7769 14.8642 15.8884 15.7287 3.05999 10.5218 6.60426 16.4048 5.61828 13.4021 14.0941 3.16158 5.22291 7.50816 6.71407 6.85786 18.4479 3.06491 2.28415 17.7712 18.3451 3.82864 10.5946 11.8645 9.03282 4.56084 8.32709 11.7168 11.1993 9.66595 9.38983 11.1177 3.51924 9.99313 5.66648 6.32665 8.98546 16.8022 3.17939 16.9957 11.1536 17.8935 18.6668 15.7566 15.3016 8.90203 9.57406 9.47128 11.503 18.7553 16.4591 11.1478 10.6142 12.2958 4.81156 19.519 18.1761 3.06685 9.28664 15.2855 9.22923 7.26297 13.3523 19.0238 3.0437 9.84431 5.35083 3.75679 12.7625 5.81494 3.97485 13.1895 4.95953 17.6653 8.15663 8.6088 4.11082 7.97859 6.37206 11.4465 8.98086 2.20169 18.3584 10.5072 17.9222 16.5794 16.2464 2.8601 10.0893 16.2532 4.10576 15.3943 17.5668 2.52444 12.9057 8.03896 9.41139 4.28044 19.8889 9.64701 10.6079 18.586 17.3592 9.54307 14.9395 17.4379 5.88454 9.7354 6.77199 11.6843 10.9127 12.792 10.7522 19.1074 5.80179 8.38066 16.4201 17.671 2.2647 3.47315 2.73534 18.9314 11.2275 15.2134 17.5179 18.6126 9.10196 17.4499 14.8025 13.3458 8.47217 11.9319 17.1072 2.5729 8.19517 17.1698 17.6159 2.61358 11.9156 19.9601 9.27561 9.89708 15.9947 6.57299 5.80675 12.3577 11.8527 10.606 9.62823 3.99432 11.7263 6.49995 7.69633 11.5943 16.839 17.72 4.25773 16.6212 8.98673 16.6001 9.51652 15.2664 10.5365 2.85257 11.2153 9.66503 5.83962 17.74 10.1305 11.2762 3.05918 12.9131 2.48137 11.4267 11.411 14.9113 8.2535 18.0192 14.8191 18.3278 10.4361 5.40427 4.98509 12.639 
4.0
2.34839 5.36936 19.6092 6.49647 12.6517 7.57889 11.1165 6.2073 11.7504 15.3177 8.34507 3.05509 8.81723 19.9252 8.84669 16.8963 3.98456 14.6175 18.6465 10.4158 8.90513 4.23699 4.49497 7.1936 13.945 8.88511 13.2521 10.1533 19.0097 16.4377 17.4054 17.3943 11.0027 18.9431 17.7193 18.4064 4.91741 15.9038 16.019 15.6671 13.5615 11.4395 11.1059 8.62219 8.91388 14.3344 8.80591 3.04855 10.1152 13.9666 19.1517 18.8002 19.0902 13.1202 13.6963 14.9372 10.804 18.6806 13.9604 11.2367 5.14987 17.2125 14.0125 19.0878 13.4712 16.4205 16.181 6.76839 12.7151 17.4926 8.90051 16.1053 10.2197 17.327 3.68947 7.51704 10.1336 13.6409 14.2617 18.4392 16.4688 3.96234 4.77037 14.1333 9.78561 5.50565 14.1844 15.8776 14.511 14.9285 15.7986 11.5411 13.8898 6.97274 6.87553 17.541 9.56812 16.9872 13.421 13.1816 18.8104 10.3343 19.0921 8.37715 18.3484 15.6785 7.23793 19.7572 5.8638 9.15817 17.0732 18.1545 8.10301 8.44009 6.98494 18.4761 8.62513 7.65676 19.9714 14.9569 2.18263 14.2265 12.2144 4.79614 4.73483 16.5565 19.7843 19.1771 10.0942 17.6282 6.47733 8.66893 10.2054 17.4666 13.7865 6.01166 16.0574 7.49082 10.0046 17.2841 16.228 3.74875 5.46081 10.4544 8.06144 2.03399 10.8891 10.3135 2.47897 7.88563 9.93036 2.79106 11.4217 6.47087 8.76691 17.655 8.92681 7.35048 9.88986 2.59302 18.8363 11.127 8.99932 19.6772 14.1384 14.9761 6.03744 17.2117 14.9426 12.0598 3.35422 13.963 16.086 11.8239 18.0062 2.77279 5.37424 18.177 9.18785 14.5541 9.45365 10.5532 17.7959 9.66997 14.3174 8.85681 5.1264 19.695 3.44381 15.2905 11.7046 8.55949 14.5676 4.06606 15.2477 2.07706 8.08421 3.99804 18.7603 8.85412 6.0864 12.98 17.7628 11.583 7.03431 5.34363 17.6525 19.7173 9.05783 5.10107 2.19758 12.5305 6.89201 18.0694 6.16393 15.5572 7.44524 11.8784 13.0746 13.4169 19.0003 6.86097 11.1023 14.0211 5.04788 16.8265 18.0945 3.1629 9.7537 10.7168 12.7315 14.4893 14.0575 12.1449 14.8176 17.8569 17.4054 3.81694 17.704 13.0694 12.115 5.83671 15.846 13.9991 3.37322 12.8927 10.4917 4.09024 11.8671 15.3284 2.5045 16.2457 14.0469 5.09529 17.3179 4.09633 9.02293 11.5885 9.02295 17.653 5.09426 14.3653 12.5891 8.34177 6.91083 11.7467 13.2174 10.4215 12.2681 2.30156 9.82656 5.78449 9.53474 14.2134 11.672 3.14002 2.7128 11.5306 13.0976 16.5804 19.131 10.2986 9.42046 6.53 18.7708 17.5756 8.94785 8.07735 2.22503 18.3308 14.1279 5.68949 2.28955 19.2254 16.8322 13.3096 4.18778 14.2766 16.7722 8.83733 19.4278 7.40405 18.0471 19.9917 16.2926 10.8596 12.826 10.5573 3.96255 10.5395 15.1618 8.0127 9.27162 15.1795 9.93815 13.5423 9.09544 18.4329 5.94988 9.43027 7.37276 8.83126 4.11519 18.8383 13.7596 18.628 15.8214 10.9649 4.91599 4.5245 14.4033 2.5888 3.42604 19.2798 8.75413 4.99406 13.3502 17.2023 14.0697 5.27877 19.4106 4.5243 18.7252 9.04618 4.80969 3.66032 10.2846 9.47875 14.6805 2.34696 15.643 17.795 4.17102 4.66638 2.30227 2.08911 2.16062 12.9524 9.77855 13.5535 5.60944 3.57914 16.1434 5.08411 9.54068 13.6331 16.6972 17.2683 19.6556 5.46742 17.7761 2.75611 2.58157 4.1391 8.69057 18.0136 16.7524 12.7294 10.798 17.4596 10.922 2.54649 14.7076 14.9852 19.311 5.21154 12.6178 9.85558 6.38536 9.627 8.78682 9.99512 18.2685 14.8281 17.1364 17.6553 19.786 13.717 18.9875 4.46518 2.14336 6.67987 15.9295 10.8648 10.2361 18.0866 6.82166 18.9215 8.59312 16.6736 5.92824 3.52886 8.95247 18.8089 3.1854 8.98855 18.4704 5.64094 19.6016 7.9751 15.5628 5.12906 14.7908 19.8832 16.3797 5.95778 15.6377 11.5582 6.91249 18.3333 7.09731 3.40908 19.7341 2.66323 8.12545 11.9042 4.37146 17.1185 17.7437 17.4504 4.31178 17.0788 2.23612 2.6542 19.6405 17.4606 4.47937 15.9664 14.3129 14.9276 6.40523 17.7089 5.05815 2.98455 3.59625 3.4852 6.91606 16.9534 13.014 17.9726 6.4071 19.8329 4.86029 14.0983 7.33478 16.0399 19.5711 16.5974 14.221 6.03506 10.9432 4.95448 16.3745 6.82968 18.394 10.7273 17.5912 3.37663 11.3539 6.25384 12.4889 19.8434 8.79118 7.74207 8.47314 13.7683 14.8704 5.74219 12.3369 16.0992 13.7432 2.002 8.49302 4.11514 14.4715 17.7051 9.83891 2.23126 11.0846 10.0915 10.2547 5.68565 10.768 12.4619 9.73367 6.10969 13.1855 2.56351 13.146 19.981 3.93462 12.36 11.6349 2.95905 7.13346 2.18349 9.64569 19.104 8.14187 12.2692 16.5879 7.97779 7.41457 6.67369 12.1298 4.6285 16.4873 12.5752 2.12617 11.4573 5.09568 5.95722 12.1785 16.9683 6.42723 2.67447 9.82814 8.40114 11.5057 3.90219 16.3825 5.24641 3.7086 2.96786 3.3737 14.644 16.4174 8.56589 14.6501 7.66412 6.80037 3.35507 19.1009 15.4711 4.72881 8.93889 7.01332 12.3702 5.82529 14.2286 15.0626 8.73703 13.6453 10.1892 16.9349 2.82997 5.99149 13.968 12.583 16.4852 14.3608 19.4064 19.1148 7.69458 19.5241 8.93397 8.31457 11.0667 14.2395 17.8458 15.797 11.17 8.0971 7.96244 16.7943 7.7596 19.4979 9.6726 9.57576 11.8862 9.76454 19.3588 9.50053 17.8882 2.38573 3.20592 16.7027 14.2663 18.3926 16.3921 2.40976 6.44175 16.8684 14.6631 12.8933 6.3959 11.5909 15.2889 4.05301 16.1942 12.8079 4.40365 9.63328 14.3918 19.1446 13.7278 4.07257 8.32269 14.645 15.6737 8.98565 17.2714 15.9454 5.83332 2.27868 13.5273 16.5806 11.8497 16.8971 10.322 17.4236 19.6701 6.20613 17.6497 8.25744 6.18295 7.00459 18.9697 17.4799 15.237 15.1709 13.7925 4.94174 16.0436 14.9423 9.14842 2.91661 2.96149 8.82677 4.93859 10.2048 3.66475 3.14786 18.1695 8.3694 4.69336 12.2221 11.0698 19.1049 19.3866 18.1694 2.09036 13.7392 19.1992 3.35623 8.78655 7.8683 7.40062 10.4718 11.584 8.12352 10.1565 5.23639 19.4266 18.0717 11.9937 18.7436 12.3078 4.24836 6.64761 2.43413 3.68432 11.3234 10.2923 16.7036 15.773 3.39966 10.154 6.14207 12.73 16.4448 19.5066 16.4074 16.7136 18.855 14.0506 15.7305 19.8288 11.1525 10.6745 14.0541 6.95572 13.8153 9.59937 2.80402 8.45995 6.23974 6.90586 12.2931 11.7864 5.83631 14.4441 7.75824 10.9357 8.25779 6.12678 11.0303 4.8232 13.7604 15.6043 6.83632 7.52097 4.69797 16.3235 2.7352 7.38283 9.14828 6.969 17.6857 10.0518 7.67307 5.28678 8.24739 12.3507 16.2102 13.2914 11.4146 6.05516 12.0991 16.8557 9.08307 2.54991 18.2383 10.6829 9.14903 15.3676 12.3768 3.66221 10.2418 9.61034 12.5374 13.6069 3.08884 7.25453 5.57336 6.37495 17.5133 15.3379 15.8575 4.37322 8.06488 2.02961 17.1042 13.4436 19.2835 19.5835 2.32468 11.1324 9.59541 15.1735 4.91433 5.34279 8.84213 4.61245 7.87336 10.3695 6.44275 5.95329 2.16018 3.31659 11.1884 11.9734 5.17748 13.8983 3.66997 10.5415 12.3912 14.6223 6.33831 7.86745 17.0823 16.3558 10.1975 9.63512 17.2315 18.2747 19.1309 5.0175 18.5362 19.1957 4.85982 16.5751 6.56142 9.29047 15.5352 9.0372 5.02208 5.18335 14.962 7.96528 13.1993 11.4317 19.4565 5.30016 11.489 7.38911 19.3364 2.79129 8.08311 4.45083 18.0434 4.3091 9.78408 2.68303 17.8993 2.04012 15.9519 17.834 15.4942 19.565 8.58388 7.72878 15.7077 4.81903 19.5276 13.0459 19.3634 13.9361 13.8262 17.4778 11.5156 10.9747 12.1968 4.27331 13.3689 12.5273 11.6416 2.16344 8.83104 10.2124 19.192 3.66966 6.69799 4.04918 9.78511 16.7952 13.4724 11.7152 15.2736 7.09899 15.8143 8.68696 11.5679 9.15267 17.6252 6.26296 8.91147 2.3801 14.7645 6.46991 12.2888 10.2799 6.39894 4.85156 4.96643 18.0307 15.9848 14.1404 18.1662 5.47939 4.88328 9.81206 7.87205 14.5117 11.6078 4.52289 15.7692 7.80625 3.70508 8.4298 11.3163 13.971 9.26863 10.3934 17.9499 10.0624 15.0849 7.06357 10.4229 18.4879 18.4123 16.8483 6.27446 13.2906 7.39346 15.7647 18.4335 4.81733 5.09974 2.1736 3.95509 5.76885 6.20874 19.3962 15.8889 13.6337 13.3148 19.2142 9.28155 18.5041 19.8722 7.25214 12.3107 9.27519 2.77078 11.2429 5.55285 5.22677 5.5454 7.1763 4.38318 13.988 15.217 10.3296 11.5088 14.8848 19.7671 16.1818 10.6347 12.6702 3.2454 16.2102 10.2619 8.63755 13.5094 7.56985 2.61948 6.1162 5.59752 5.65608 8.72852 5.35039 9.73466 14.5493 2.59926 14.7607 2.97074 18.3432 11.561 15.5884 15.452 2.35544 5.72483 14.9228 12.3251 13.2211 17.5791 16.1109 10.2741 14.8692 14.7177 5.55028 5.68998 17.382 2.70155 18.865 11.4736 19.7366 7.05195 7.46366 13.4706 9.43008 15.3779 18.4806 17.54 9.9872 14.6354 13.1003 16.2548 5.35059 6.51998 16.2638 10.2361 2.15411 9.99176 12.7587 3.11964 4.87895 5.93363 12.6913 
3.0
10.5013 8.94308 5.90263 1.57816 13.6049 8.04117 9.92448 7.81287 3.49453 5.9836 7.03002 4.65168 2.14987 7.69364 2.3547 10.4433 12.1352 10.192 7.56099 9.29672 13.0736 13.0585 1.58462 14.4087 9.8526 14.8136 13.9883 12.6867 4.31348 1.96939 13.6727 13.4167 5.17193 5.00178 14.6951 5.22522 1.92162 11.9911 14.4455 3.58747 3.97018 3.18347 13.9294 6.6293 3.25745 5.22215 5.40946 14.4747 2.10628 9.79831 1.6529 10.8881 5.05568 6.47211 5.53761 8.46143 8.42645 14.9136 7.7651 2.09633 7.86916 1.81355 5.93092 13.0311 3.64464 13.2141 11.2026 14.1628 10.3868 2.5095 8.85509 13.4137 10.5979 8.86665 14.4132 4.89369 7.1263 4.31561 2.65216 10.6065 5.87663 10.26 13.2049 3.45149 3.00222 4.15744 7.5271 1.77026 10.3302 14.6196 10.4699 4.68805 4.26871 6.68267 3.20945 4.50018 7.447 9.49722 6.28425 1.85333 12.8374 7.18838 8.48994 3.47182 13.6101 4.63574 4.88137 9.17878 10.4703 4.92324 2.13211 8.46219 3.22753 13.209 11.5015 6.83593 13.8477 6.26484 9.15891 7.74568 12.7375 9.4363 5.61571 10.7698 11.5109 4.27186 1.51436 5.86508 4.98889 11.0725 12.0251 10.9075 12.1804 2.11135 4.60014 10.7776 6.99677 3.27256 13.3349 7.24146 1.94822 12.861 4.68721 10.8758 8.07252 14.3311 14.3035 8.78842 12.8464 8.68628 8.20247 9.38365 9.82932 5.79758 1.56658 8.92243 5.78947 8.39288 9.89033 8.12754 12.0625 8.96564 14.7365 4.58361 13.3924 6.35374 4.84936 8.18218 2.00497 8.23813 4.87594 5.36156 2.66357 12.8115 3.94392 13.8917 14.4575 3.36668 6.84755 5.45391 11.0725 3.05545 12.0907 13.2656 6.29405 7.56656 4.53765 12.9998 2.49279 4.97422 9.92061 2.24968 4.3424 8.50633 1.95556 1.78821 10.0201 14.4826 6.3149 12.3722 13.6392 13.6727 3.20768 14.8419 12.1647 8.82402 13.3173 6.76479 10.0606 4.61005 9.34658 14.8753 14.9199 3.74774 10.9203 9.05832 3.82732 2.53555 5.09517 8.12853 2.20415 6.06107 9.72703 6.15411 11.8854 2.32858 2.9458 9.57563 11.1797 10.0566 8.98759 2.8698 6.66131 4.39556 9.63436 11.5081 8.44489 10.8147 12.0109 12.4604 3.19235 9.40979 9.48944 9.49339 12.6023 7.38022 4.4513 10.0142 14.6321 2.92608 5.15642 4.70846 4.20169 9.3153 3.46999 10.7239 11.1307 10.8706 7.6966 9.64819 14.5575 6.12632 2.27186 3.03244 3.5904 9.90546 3.06133 3.20894 1.94209 7.5662 12.517 6.65424 9.29564 3.16871 2.94113 10.647 14.6535 6.31168 2.10741 12.4709 7.41868 4.88886 4.48978 11.4122 6.45832 11.5155 11.8485 6.80244 5.89985 14.8747 7.4235 12.3561 6.40945 4.73374 5.48569 12.5531 3.70295 9.88015 7.49501 2.81603 8.53915 7.22798 6.61633 12.2326 10.4456 5.84379 6.84269 7.57292 13.4268 2.14259 9.47593 9.35172 1.90469 2.00379 14.2147 8.18533 5.6418 8.55696 14.6 12.1938 13.8966 9.38759 8.06807 2.69772 2.06144 10.4128 13.8607 7.46029 10.0327 1.67666 11.0429 14.7239 9.06376 10.3162 5.8782 4.79207 9.34976 4.44621 5.81126 11.4058 10.0955 5.71514 14.8077 3.66526 14.8151 12.28 2.8017 13.7464 10.6147 8.95164 4.50074 4.16227 12.7072 3.75998 3.29799 7.81907 5.4091 3.18888 12.0419 7.6178 2.37085 13.8312 6.41346 7.85018 3.2884 9.71358 14.6605 7.13983 2.34789 7.04136 5.94003 14.6782 14.6526 10.1132 2.51718 8.50563 5.88211 10.6558 4.07237 4.58702 1.93447 6.82823 14.3654 13.9327 7.29996 8.14686 1.507 2.51432 8.91792 6.07934 14.5882 9.22498 4.76576 11.5591 4.41644 10.1353 9.93039 4.16975 3.10983 8.29342 6.41214 2.24883 7.79829 4.82085 5.411 4.16237 7.18235 6.55239 12.8454 9.99862 9.19938 9.47151 12.8533 8.9321 9.04716 5.19051 3.02583 6.50742 12.3149 3.72553 7.12322 4.09308 11.9717 11.8166 4.5232 4.75514 6.96249 14.0426 12.6519 11.8009 1.66114 3.98084 5.14698 13.2424 6.43137 4.66221 10.0035 12.9299 5.5448 4.07053 2.95182 7.10527 7.20649 14.9373 7.81825 7.62533 6.93796 9.08128 5.6179 10.6051 6.06759 3.04272 10.1301 11.7307 11.0784 4.76294 6.20625 7.49299 7.06341 3.55853 14.0598 2.58997 6.5381 10.1406 2.78919 3.25005 4.86072 4.92878 10.8826 3.22477 11.0097 3.91051 7.95566 9.70163 11.9685 5.79481 3.97119 7.88671 12.4682 2.71126 7.6916 6.00733 8.33703 7.20384 3.11359 5.48457 8.20772 7.76961 4.63533 11.0257 2.33205 8.19243 8.70601 6.38658 6.75292 8.92153 10.7079 10.554 14.0838 4.74499 12.8207 5.09768 6.1457 5.50822 2.61847 9.4428 8.2113 5.62726 3.64884 13.8117 2.60685 3.64709 2.24472 6.08604 5.42125 11.0948 13.8184 4.83867 2.57262 3.37776 11.8882 10.7855 8.48233 8.47656 10.0871 4.90706 11.1064 2.68306 6.90452 13.4905 12.5743 11.6332 2.40997 3.84098 10.1852 4.88501 12.7091 8.91308 5.51188 9.29092 7.88272 1.61247 7.86151 2.41584 9.65735 11.5172 11.8444 11.2495 4.55919 4.76875 9.79973 4.46396 3.29979 6.3837 5.32927 3.46613 10.1444 12.7344 7.68783 13.995 3.51282 11.4503 13.7817 14.5139 2.06243 7.48875 11.524 8.14768 7.0039 8.12598 11.2983 9.915 2.89917 14.1179 4.27831 3.00505 10.1919 10.2809 2.85656 5.84968 7.22036 2.74223 7.92919 13.7402 11.9626 1.61101 4.28894 10.7393 6.26433 9.8184 4.37522 4.63754 6.29889 11.3781 12.1318 10.7051 2.50992 6.31677 8.22162 4.48848 5.28627 4.52421 3.84956 12.4016 14.1194 12.2736 7.94197 9.36271 11.4932 4.66155 8.93409 8.22515 1.75617 12.2182 4.91476 10.254 7.22631 4.4372 7.87848 12.3972 14.7779 8.97541 1.83503 10.6015 14.6611 14.2729 10.0264 5.92329 3.30413 13.3425 8.00103 6.68511 10.8471 6.47968 13.296 6.42594 11.6593 10.1418 7.47578 11.8973 8.08815 11.2478 7.77929 6.35361 10.6907 8.64756 11.6237 3.38833 2.69792 13.5113 9.71614 9.06399 3.46101 1.88858 7.02237 7.08791 8.13029 1.68783 4.34333 14.2825 12.8165 10.3251 14.7488 10.6007 10.4846 6.29347 13.6188 6.93594 4.82987 7.40145 4.54161 14.4776 8.38629 6.93234 5.32057 3.36071 4.61786 10.4728 14.837 5.86144 2.2418 4.66143 8.02121 6.38656 13.0344 13.1077 6.18087 3.00847 13.8694 3.23031 13.4366 4.29496 7.73844 1.76554 1.51524 8.68386 1.50436 7.1959 3.65027 13.6526 1.63662 2.84827 13.8399 7.43295 7.67929 9.91221 8.71241 4.02006 10.2014 11.6281 4.24901 6.72721 13.4796 11.8951 5.61406 1.53493 8.6637 5.54937 5.34276 13.9852 12.1739 2.06191 9.63621 6.87068 14.081 14.9063 5.01396 3.46862 5.21909 9.84647 7.0739 11.07 8.78007 7.89461 9.10966 8.05323 1.6412 12.1886 12.8354 14.7532 2.1748 8.53935 12.9678 11.8749 7.29037 5.8988 9.91615 10.202 14.9592 1.99674 3.32885 8.35064 3.97138 2.3984 13.7482 7.31771 12.6752 5.2316 4.12232 7.57449 12.949 12.3339 4.92414 8.95485 4.6555 6.06955 4.12849 6.58861 13.3284 6.56675 13.7961 3.12969 11.3415 13.6243 9.51502 3.52924 12.3104 2.03842 5.94999 12.6037 7.97616 4.09975 5.24852 1.6477 10.822 2.50977 14.0548 12.842 6.67179 4.9675 14.3812 3.20639 13.0216 10.176 3.08655 1.84709 6.85305 7.01885 12.2125 6.74977 12.1795 13.6564 8.92721 5.86692 3.07471 14.7921 5.82579 7.75038 6.93331 6.35892 10.3392 7.47877 9.71459 5.87501 8.99971 2.62981 7.418 8.22018 6.81428 12.0476 8.04141 1.58164 6.99512 9.65473 4.27166 9.81999 5.29777 9.55951 4.65764 6.00497 5.71656 12.2079 8.51567 14.3712 10.2876 7.33032 12.3174 2.44396 3.2489 13.4339 13.8101 2.08451 3.80842 12.089 7.11935 7.20585 5.26895 13.2608 2.58414 5.908 9.76086 1.93624 10.5745 5.28339 3.33208 2.29535 9.54134 1.6421 13.1455 9.67783 13.0491 10.9071 10.5339 13.0944 13.0401 3.92924 4.16203 7.03324 8.58248 9.97246 6.04668 12.811 5.3491 3.61859 12.1834 8.21914 6.08013 13.8423 4.53134 1.71503 12.2774 3.00582 8.10498 14.9078 3.38127 8.52381 7.42371 7.08952 8.18009 13.9479 12.5685 5.06074 5.20188 1.72107 11.5963 13.0015 9.83857 5.35261 5.06149 6.13699 3.95258 5.76206 7.89502 14.948 11.7159 2.54374 11.891 9.67682 4.43143 10.401 10.0505 10.3772 5.58708 14.5004 8.53309 10.7601 11.3919 12.9957 5.9652 6.08401 3.5447 4.97193 14.3567 10.3399 6.98554 11.5595 6.87441 1.9816 10.379 1.9677 1.72295 7.45082 12.5802 14.6889 5.38341 5.24707 12.8334 8.12178 10.9591 8.29266 5.45257 14.3655 4.37883 7.3425 12.7349 8.9327 12.2077 11.6888 14.3562 2.63343 8.81531 4.91098 9.49926 11.3782 13.651 11.4199 2.46427 5.15158 7.37715 10.5476 13.0117 4.90509 11.1095 1.93192 10.1877 10.1207 11.5149 12.9455 5.88192 6.79369 8.51662 14.4202 4.36771 8.58577 3.357 7.91661 3.57471 2.89792 14.7675 7.78766 14.3439 11.1133 8.4964 5.78808 9.91521 13.2599 3.44336 5.97821 14.8971 13.8433 10.1522 1.67292 2.96932 12.5995 10.9103 9.18544 1.56718 8.41705 1.70612 3.11611 
5.0
3.62593 12.5271 10.5901 3.95371 9.6711 16.7037 3.63195 6.1659 6.95312 7.49059 12.1434 12.3624 10.1711 23.8633 10.6108 12.8336 12.7263 22.2638 19.3367 19.3761 10.9339 23.1782 5.64957 5.89825 21.2913 17.3333 8.79342 19.2703 12.0535 2.76236 4.75055 21.6685 7.86469 6.49035 17.2452 15.6635 18.6965 12.0877 13.6788 13.3026 6.84313 6.84379 24.7473 17.9363 15.7231 24.8091 3.99 7.539 21.7374 16.9568 23.5194 20.7741 15.4343 9.71362 7.18356 19.5524 8.23128 23.1093 24.9099 11.8361 20.943 7.29574 11.9802 18.435 20.366 11.185 4.48744 7.54868 17.6708 9.45667 24.7248 10.8018 24.8491 6.6839 10.2553 4.52371 15.4696 24.8292 22.9143 17.5223 13.4884 7.85908 6.49232 4.10206 6.36803 14.7275 4.35064 11.076 8.75132 14.4793 15.7179 20.0221 17.9433 14.7217 19.4184 16.0334 7.44878 17.2159 18.7824 24.213 14.8174 14.3374 6.48756 12.6622 20.0444 15.1553 18.0826 10.7136 8.27902 22.381 15.4418 3.65795 3.08859 16.436 16.4019 20.2153 14.03 2.88871 9.33061 19.0001 22.2775 22.0107 23.8759 12.7309 15.557 19.2017 9.14789 13.9332 16.1372 15.0339 3.08213 15.888 23.1277 23.6656 19.2342 20.0726 15.3328 23.3736 22.2561 8.84728 3.41305 12.9553 3.30481 9.63518 7.60248 7.74902 9.13133 14.3463 17.2333 9.02462 23.6026 12.796 10.8165 2.9923 5.40442 16.3676 2.92967 23.1811 3.17586 15.6687 16.6613 17.4361 21.8258 18.4322 15.3613 3.28545 11.2809 21.4114 7.44881 5.42565 11.4149 17.5185 20.5263 11.5767 14.4102 4.45827 23.5503 2.95593 5.80047 6.10511 10.8088 3.12139 15.4452 5.37473 11.4554 21.4339 9.6858 24.8396 13.3501 14.8887 18.4337 6.33891 14.9564 14.5659 13.4393 18.3321 14.0457 22.95 21.4934 14.7474 11.9573 8.36936 11.3096 11.5736 22.1665 7.80348 15.3391 17.4464 4.40773 11.8106 2.7661 21.9792 5.60564 2.82388 9.93595 8.08733 23.8621 23.0667 21.9641 22.057 11.7499 13.3373 21.7771 20.1081 7.66371 18.9127 15.3352 20.2013 23.9765 8.821 21.7865 7.83907 18.2539 17.2339 17.3027 12.1111 3.7744 10.7277 23.8467 3.23369 18.1062 10.1632 16.6218 5.33343 5.99107 5.93561 21.4521 8.2248 10.2848 15.3429 8.3452 4.4321 7.20405 23.3232 19.9861 5.20544 4.62971 20.3123 6.41302 24.2809 9.71753 13.4687 7.12447 18.1348 12.0648 22.5197 16.8685 18.9821 16.1839 3.9749 18.8629 21.7692 22.0325 7.45989 16.698 18.9102 9.85029 12.9188 8.67006 14.0181 8.05261 22.4359 5.79687 3.37971 7.93031 12.9264 14.7651 3.92485 6.40662 8.44644 19.5591 3.93943 8.10047 13.3723 18.021 5.27301 20.4465 20.1983 12.0931 10.7903 8.12184 13.2046 7.99164 13.3169 20.5291 24.2433 15.0619 19.8292 8.5866 4.39434 9.56549 9.638 17.0748 17.7404 9.64864 17.8171 21.2897 3.51049 2.74283 17.6254 4.25216 17.8433 6.64652 18.1729 15.7252 21.4194 5.5388 6.08205 21.7864 11.7124 19.6745 12.3916 6.20826 16.1097 5.01123 23.4559 19.8941 24.6519 21.5176 17.0877 9.62138 8.64186 6.41347 22.6954 22.3416 13.8723 18.5919 14.164 8.7861 24.723 20.4722 6.73088 2.62964 15.3772 18.5353 9.10484 11.4596 19.4066 11.2902 22.0802 13.3023 3.97601 3.42254 4.89439 24.9562 9.91705 7.37435 23.0799 5.88096 6.42078 21.1058 4.06042 13.8941 11.5996 15.7883 11.741 16.4234 17.6685 12.1797 16.3426 21.0667 24.495 9.43049 3.23028 19.2079 12.7685 2.57206 4.48605 23.9396 3.03891 9.93665 19.4757 11.0426 9.3742 9.2587 15.6596 21.7717 11.3871 18.708 20.8978 11.1989 23.3809 19.1043 3.4994 15.8622 24.3647 21.0638 23.7656 21.9715 7.68743 18.3272 15.7775 17.9217 4.04124 18.5194 20.6774 17.3615 21.5839 5.09049 5.19488 19.0694 4.43025 21.689 19.1667 4.88613 23.2633 7.71643 5.80048 9.45409 11.8139 3.81336 18.4334 3.01272 5.45943 18.5274 22.5342 3.50124 15.6926 17.4128 14.1997 24.2176 24.2084 23.3112 16.3956 3.28417 17.8602 24.0649 9.19085 18.6703 8.23616 13.9109 7.7371 12.5209 24.6031 22.3074 6.74124 3.54254 23.9709 6.44093 5.18285 11.1955 22.0253 23.6661 10.0254 17.9426 6.17992 20.1266 7.67183 3.30493 24.4979 11.8076 4.41396 15.974 11.7319 16.7702 12.1264 2.73049 16.2341 19.8171 12.9545 12.9199 6.48443 3.34062 4.24591 24.7344 10.9887 10.6013 22.4775 12.0519 17.7956 5.18924 22.4249 15.5812 4.88279 10.4162 5.32747 4.56439 22.6619 22.39 24.7967 12.7849 24.8535 23.02 14.2188 20.1336 21.48 14.2047 9.40196 18.48 2.72876 16.9508 12.7168 3.1014 4.93387 24.1735 4.98198 13.418 14.927 8.42952 3.84332 9.28476 16.5074 18.3302 22.3972 21.5897 10.2816 14.8878 6.80818 3.40955 18.1213 21.5424 11.6707 22.9711 15.9912 14.1208 16.8648 22.1698 8.89547 11.977 4.65652 6.89502 11.6937 21.5647 15.7914 5.41161 14.5359 23.6906 15.8334 8.54822 11.6664 15.7001 10.4967 15.4424 14.8473 7.34453 16.2229 16.0924 17.6507 4.07952 9.75107 11.9651 11.8701 11.5456 2.93309 18.4111 22.3015 4.98021 6.54233 15.1366 13.6426 9.81114 6.82692 13.4811 18.2622 12.1821 11.0569 4.25273 23.5882 3.15932 15.8157 22.3693 12.8645 10.3705 21.7856 24.5567 13.0277 15.8247 16.2775 18.8538 3.45256 18.6642 24.7546 7.17345 11.8165 6.59822 17.6007 22.171 3.33342 4.7679 20.8817 22.1686 24.6067 10.793 14.8524 15.3868 5.8512 7.25046 13.9566 19.7326 20.2344 17.8343 24.5718 4.39365 21.587 15.9474 4.24767 4.48991 16.7319 11.9749 13.6889 15.0314 8.6835 15.489 10.2323 12.9329 14.4648 18.6356 14.0677 5.83465 11.2949 11.9527 5.95314 6.4809 24.8944 21.3703 17.6746 11.4038 11.1613 20.1417 21.499 17.6646 14.9647 19.4568 12.3722 21.4018 9.80867 11.4869 24.1108 9.43494 14.6147 23.6114 23.3376 22.676 3.87349 2.57538 7.41242 10.0969 4.91574 12.3299 2.60565 24.5042 11.0523 14.3029 18.767 6.36922 14.3334 6.35264 16.7377 21.9666 11.6768 14.152 12.2574 22.0678 18.1151 13.7549 12.6148 9.94239 8.41291 21.5943 22.2925 22.4153 23.3019 3.16201 16.3564 2.73117 24.0862 16.6193 5.3383 3.97499 24.366 17.5902 22.8637 14.2996 15.1311 11.386 24.7733 22.7098 9.47277 23.9112 3.48817 21.653 15.6657 15.0017 13.87 2.66662 17.3681 15.4435 9.32473 23.832 17.1917 3.9244 16.9006 22.7851 19.8906 7.66657 10.1306 16.5338 11.4189 10.4907 8.36819 24.3318 12.6086 17.0622 8.86845 17.3592 16.2149 14.5687 10.3623 18.9595 21.0825 23.0793 4.37513 6.68392 17.1797 20.8357 13.0401 9.89119 22.7522 3.22434 4.65486 9.15526 4.84592 6.68106 13.2327 8.72879 9.44894 18.7766 23.2979 23.3136 17.5028 10.7342 13.6753 12.8877 10.5326 13.6287 14.0237 24.3391 9.64645 24.5173 5.36389 11.1558 9.15403 23.7519 13.35 17.4231 18.5543 24.7231 23.0359 17.3772 21.6422 9.78602 18.8853 6.76504 21.4849 11.1176 3.77609 19.7617 2.51643 10.2555 8.24842 15.1936 23.5025 5.06852 11.2477 3.31877 2.62346 7.90913 8.61101 19.4136 15.927 8.69722 15.5482 22.9165 17.8998 4.18562 14.3666 3.3776 7.90843 14.6572 16.1904 11.9658 23.759 9.3039 22.9238 17.2822 18.6267 21.5368 13.2084 24.2296 15.1037 15.4785 8.62487 17.1897 7.61646 9.8867 6.38849 8.75642 6.96269 20.7597 14.7891 2.77521 13.2165 13.8733 22.6251 17.9402 18.2536 13.4992 3.88131 3.19735 4.14493 18.556 13.9017 16.2039 16.1698 7.44015 5.80529 23.5955 6.6983 20.2904 8.39701 9.30864 23.6924 14.9325 24.3223 19.7111 12.5768 2.75617 19.7157 21.7878 7.72802 3.27357 16.5943 13.1342 4.83372 8.6095 6.74441 12.5061 20.3704 14.1731 13.3529 9.67544 11.9502 14.2613 19.1328 20.8439 8.28787 18.8438 19.6923 13.362 10.0351 12.7798 10.8992 3.50585 10.2358 3.71647 11.4881 23.5597 10.6493 12.4186 19.6623 14.4554 22.6934 16.7806 4.94036 15.2192 19.2559 18.2694 13.996 7.97372 6.12607 17.0495 19.2426 14.748 21.7945 19.5396 16.4115 7.34354 9.37275 22.1506 22.3749 24.0067 21.8814 4.95553 6.96239 9.15864 7.15791 14.041 17.5222 17.4307 16.1335 6.29012 12.4761 5.75768 13.2289 7.84755 22.6184 12.2767 20.1191 12.5156 21.4097 13.2834 19.1181 13.8324 10.514 9.49432 9.93167 24.5815 16.8308 15.3665 6.03015 4.98323 12.2703 7.72282 4.38993 3.31749 15.0237 24.935 7.35416 2.72851 23.5772 22.9125 17.8626 2.96098 19.72 16.6483 19.3009 10.7779 6.79709 23.5713 18.7181 17.8103 4.45508 22.4558 7.1649 22.0878 11.1333 6.63658 5.89915 14.5022 13.0485 7.78171 7.21199 8.95116 5.92341 11.4714 23.6224 14.9149 18.2103 23.3336 9.19112 8.71334 12.0576 4.48627 24.2035 4.69589 10.7718 2.53651 24.4718 12.6122 14.0224 16.8858 6.50637 4.91471 4.54183 14.5924 24.8062 17.7433 12.569 18.0402 2.51822 14.3408 24.2873 5.6639 21.7164 17.1506 15.5065 19.4817 24.5491 24.8462 9.33927 
4.0
15.2629 9.92675 9.30554 2.83561 3.34922 17.567 4.77011 3.1254 7.2558 2.83013 14.1902 7.34014 12.992 2.79271 16.3525 17.2513 2.81743 9.15781 7.65848 3.98519 7.48021 7.78436 2.50678 4.82229 2.99454 9.00552 8.71551 17.2848 2.95705 5.73622 4.98311 5.51386 13.4023 12.3697 19.3884 9.93555 3.19766 13.463 11.9298 9.21605 6.97644 11.2119 2.10334 11.5059 9.6111 18.7144 18.5201 5.97308 17.2248 8.02355 5.56245 17.6256 17.7422 19.9894 2.07932 4.42277 19.9797 12.8899 7.12081 19.6755 18.2738 16.8508 9.71156 18.736 17.6497 9.05486 11.6634 2.97642 2.52808 4.73975 16.4268 6.05622 19.9715 12.9854 10.982 3.47912 8.46933 10.29 3.76799 6.43875 11.2622 12.9358 19.6522 6.95348 9.20528 5.14271 6.93759 17.2904 12.1708 2.01239 7.41026 14.678 3.98932 4.26039 4.42495 16.3087 19.9305 15.7378 16.0303 5.6294 5.72239 6.7418 10.1331 6.92182 7.11045 12.1154 10.701 11.1718 14.955 13.1362 8.00554 14.2274 14.8679 8.19401 5.90265 14.2464 16.3889 11.2579 17.1536 13.4324 16.7 5.13197 15.784 15.0608 15.8797 2.50051 17.4828 6.79256 2.69582 7.76188 9.03949 11.2785 9.93791 14.6517 5.82062 15.0516 14.2881 12.655 12.2859 18.7086 13.7316 11.2074 2.54252 19.381 3.50572 18.6856 19.9394 6.49474 3.58823 3.18636 8.69959 15.8191 2.72498 6.09543 16.5926 16.8049 7.9962 3.4446 3.64522 2.21095 10.9221 10.0584 3.8915 19.0208 5.10731 3.48984 19.1621 5.64731 10.4248 18.7448 13.9122 2.42731 4.73843 8.79597 2.08911 6.40451 6.16465 19.8856 19.0382 19.402 8.87353 6.61748 5.44846 10.3837 15.4286 15.8375 8.337 17.1045 12.6656 10.304 6.07241 18.0503 8.11105 7.1466 14.4374 15.6659 9.9387 18.1145 14.7304 15.8735 13.4661 16.6135 18.9062 2.8784 3.18975 12.5322 10.7559 8.26569 15.3592 9.85742 6.12528 13.3845 18.0906 18.0785 7.1733 18.022 14.0191 18.3807 3.66848 14.3667 14.49 19.6278 12.3252 19.2597 2.2899 15.1335 19.1786 11.7367 17.9155 11.2219 13.9989 18.8575 18.3831 10.5777 17.7444 16.8253 3.57542 13.3842 4.05369 16.3952 5.12925 9.25189 11.7773 17.5713 18.8607 4.93455 7.54766 4.59312 15.7303 6.83569 11.3888 8.21121 4.34702 3.30331 8.36468 10.2515 10.0112 9.71402 15.2669 5.46881 15.2967 5.34611 5.34134 13.6898 15.1721 5.04173 6.05358 15.2444 15.6607 4.65814 18.894 16.6867 3.04005 7.30798 4.22123 3.8045 18.5803 13.3886 12.1455 6.91873 5.8213 19.4007 18.45 17.4709 15.3894 16.5554 14.5524 16.9005 2.35292 16.1711 18.5046 18.8106 17.1165 2.85907 16.0319 7.42364 6.85495 4.49801 2.61118 15.3249 10.4861 17.9978 9.58839 7.49651 18.1823 15.8525 15.3345 12.6391 8.42135 6.48168 2.44105 6.78354 9.57659 13.3621 7.95464 8.19151 15.0456 17.9469 13.6503 14.5447 12.9184 19.3754 9.34414 7.42363 13.1845 3.97065 4.24493 15.0751 9.47889 13.5267 13.3448 8.46898 10.3677 15.3852 9.84908 17.6441 5.17194 15.3001 14.6448 9.34281 17.3313 8.09248 7.80912 2.93512 2.30608 9.09392 13.1556 19.6315 13.0192 13.3787 4.82066 17.985 11.8364 17.7857 4.88859 4.68207 4.08571 6.72859 3.0555 5.62318 16.1165 18.796 13.3326 14.2915 16.8968 15.1398 6.78854 16.4116 8.15051 8.65333 17.3305 9.89648 4.03272 12.9377 15.5248 11.084 17.345 18.0583 9.45609 2.26237 7.28936 2.08943 3.6262 9.48488 13.761 5.44834 4.89132 13.6731 19.1807 7.01853 12.4389 10.0098 14.8657 7.0618 18.803 8.62054 10.9403 19.9195 12.9197 3.54433 16.7848 3.50275 12.22 8.99369 19.0239 4.572 6.76349 9.9034 2.05412 6.80525 4.40986 15.7684 2.1105 12.6556 6.03 10.7711 5.87176 7.99785 9.75608 7.19688 8.60513 16.564 17.2707 13.1399 6.84994 19.168 15.1349 13.4968 6.64033 16.7196 12.1558 9.25015 2.26702 12.0267 15.7923 16.041 6.57822 9.38778 10.6012 13.0297 15.8194 4.9725 19.7209 13.047 8.01249 12.9917 6.39554 11.033 19.8736 10.6565 2.53704 17.7663 5.27034 8.92643 5.32705 7.88095 6.21793 6.04648 10.8575 7.17386 15.4144 12.8735 13.8105 4.20004 7.31479 14.9914 18.1768 19.1577 2.74468 6.61542 14.0141 15.062 14.0524 15.2858 19.2437 2.20805 5.8006 18.3501 15.4867 2.92305 5.99679 12.2345 2.93873 11.6071 16.8629 9.50511 3.28444 13.0637 4.14384 8.71681 19.6505 14.1184 9.95546 18.0526 16.5979 7.52779 2.1711 15.751 19.1532 3.17614 9.34754 18.3232 15.8789 9.56226 10.1899 13.5588 16.9831 10.5747 18.5555 19.3209 6.46773 18.5564 12.9971 7.12998 13.3161 14.6582 7.84474 5.53724 4.71971 19.4815 4.82719 14.2866 6.34389 15.0099 14.2319 8.26594 8.63246 14.8301 10.6043 4.24753 10.1516 3.64154 11.9865 19.4172 8.97271 7.05549 3.69409 2.69298 5.09437 12.6829 3.63314 17.8323 4.9033 3.51131 8.15547 3.32885 18.6745 4.5712 7.45331 18.0979 6.11012 7.89085 7.49293 9.95126 12.9181 18.7407 13.4874 15.8607 3.42904 16.1666 19.9083 11.0109 10.2526 16.8119 16.0366 9.64155 15.9729 17.0295 16.0527 12.6777 7.88304 2.28133 14.665 9.15035 16.7584 14.8287 3.2785 4.40501 4.66954 18.7105 19.7014 12.1001 6.8333 3.01092 6.39138 18.9942 14.504 8.41599 8.24111 3.52174 3.90286 14.0596 16.9021 17.159 12.187 17.6583 10.6484 13.5781 17.4573 11.9349 18.7787 10.5903 9.80516 10.3317 3.55795 17.8789 10.3986 5.01258 18.698 9.52022 11.6074 10.1537 5.37706 4.29476 9.16728 19.5239 8.79825 10.7865 9.3827 13.3539 14.2875 8.27196 2.36956 5.49473 5.9304 8.39751 18.3363 13.8645 4.74766 8.64672 5.90422 17.1854 5.41045 8.59602 9.46713 15.0087 18.4941 7.95972 6.5896 2.0297 11.2713 13.4241 8.44469 9.69086 8.04396 9.27053 18.2905 8.07473 17.0146 8.78752 18.9859 19.0856 8.69659 15.4721 16.5451 17.9201 8.86306 11.02 4.73199 9.82727 9.03568 15.1051 3.6922 3.15737 9.51182 9.9478 19.6257 13.6997 5.93112 8.67253 6.49764 19.3098 18.3809 6.45426 18.7881 17.8253 10.041 3.45413 6.28175 17.2714 10.3671 18.5441 15.8955 3.35477 19.8136 12.8207 17.546 19.2468 11.0955 19.9079 11.0563 6.65624 17.9891 6.04879 9.10028 11.1903 14.672 8.98665 13.1882 5.00509 8.60196 6.63489 9.68935 19.7455 13.935 10.5361 12.8951 4.77318 4.48253 15.1101 2.12025 13.6848 17.2074 9.69119 13.8439 8.11837 19.2591 8.35441 19.8891 7.849 15.5483 16.5307 14.6416 2.17394 9.85991 15.4113 14.3079 9.5863 8.50552 9.14143 13.212 6.73809 3.515 17.8023 14.1317 5.69216 16.3669 7.18289 15.6732 18.4633 13.2583 16.3408 19.6856 7.84857 6.91286 5.95159 13.7139 13.5461 11.9293 12.4475 9.49136 12.5636 6.66778 4.94559 2.47075 8.91579 18.6756 11.9641 5.39471 19.6107 18.6524 4.92888 2.90523 19.9249 9.95403 15.468 16.1921 18.9683 16.6355 9.49591 16.6806 4.53771 15.0333 13.0867 3.75776 18.2593 15.8862 13.136 3.53864 10.0204 17.9957 19.8124 15.6706 2.69034 4.42533 11.7978 7.17711 18.1301 8.23891 7.31638 16.341 7.49138 4.77796 17.9536 15.6262 10.8044 17.4782 2.26331 10.6383 14.8551 14.225 8.16425 6.12558 4.35102 17.2482 9.12589 10.0171 17.3765 3.55544 19.143 12.5017 16.1369 18.9051 9.49923 3.14461 13.992 10.3179 14.3203 17.0443 17.7781 16.1281 19.9153 3.0274 10.4194 2.57298 6.90819 8.88354 18.8287 3.92205 10.1574 8.63855 6.0968 17.145 7.46489 10.8671 10.9709 2.11885 6.07452 7.04447 3.62251 14.374 11.959 2.93696 6.70395 11.3796 16.896 16.0319 4.69421 7.36777 12.334 12.0063 10.5338 9.69674 3.0459 5.23476 10.5485 15.7536 11.573 8.33653 12.6625 7.39553 10.4572 19.7613 8.90038 5.93044 7.26272 4.41444 5.17794 16.6365 3.3866 2.32094 19.3827 15.8208 15.6584 14.3288 2.74274 7.41711 7.72885 15.8511 17.4854 14.1226 10.2479 17.6475 13.7842 12.0738 6.83116 2.64447 6.99546 16.0613 8.81631 17.7946 16.1836 18.284 3.80769 15.9756 6.9358 5.64173 3.01052 14.9271 9.46551 10.5678 16.354 6.22808 7.00508 6.39998 18.4034 19.3119 17.4875 16.2905 4.06149 7.5215 17.517 12.6555 17.0585 15.2029 5.62926 12.1637 16.2319 4.83828 15.8399 15.2631 2.59437 19.2178 18.4825 15.2481 2.19166 3.65069 5.33589 13.8646 3.74896 17.2152 16.04 16.455 4.10649 14.0478 6.80083 15.6412 8.44426 13.6714 2.38514 8.54815 12.2957 3.36253 18.4033 2.56499 10.3506 13.5576 14.8817 18.6462 5.04682 15.2983 16.1242 11.1513 5.95124 8.71632 9.86269 19.224 10.9298 5.55638 12.6964 18.7104 14.1066 4.7391 4.82047 5.61532 13.6118 5.96253 13.0438 14.0995 10.1189 16.3429 9.09571 6.01396 5.17119 5.09414 10.2214 18.9748 8.29665 13.2471 13.0671 5.97637 7.91257 13.4071 3.85386 5.54351 5.0189 14.5509 17.8406 3.42328 10.6807 6.86276 5.07585 16.8154 16.2999 7.60958 15.4392 14.1418 17.6754 19.0549 9.97097 
2.0
2.6791 6.49698 6.43733 6.05419 4.10134 6.74804 2.41927 3.72198 9.91213 6.75662 7.45001 8.45771 1.77556 4.12007 9.9944 2.41182 5.30185 4.2735 9.46562 1.67669 6.83391 5.13656 4.88859 3.12293 1.61274 1.76434 9.1924 7.48968 6.82178 6.50197 3.63161 6.22868 8.01017 8.14328 7.83642 8.6024 5.3949 9.59328 8.99181 5.53594 2.54187 4.53459 6.64552 9.72292 4.92587 5.59771 6.64503 5.48527 5.8694 2.53532 4.7033 1.88686 9.36054 7.90036 9.09357 4.60113 4.24955 5.72807 7.97299 1.03257 2.3245 5.72196 2.83513 8.19209 9.76579 9.44362 4.59147 7.82636 8.47951 1.00651 5.78174 7.30099 5.80977 2.77363 5.41317 5.73767 4.12992 2.55905 9.92871 4.90516 2.81268 8.8334 5.80404 6.36425 1.07915 4.43327 7.2736 8.36659 6.22677 1.27448 3.68547 7.00741 6.73614 2.56927 8.98515 6.13218 4.75677 3.04742 1.82826 4.49715 4.47174 4.68123 3.82219 9.68385 5.84129 7.41445 3.39655 2.26741 8.22523 6.3951 8.80265 7.73883 1.38436 9.21218 9.74178 1.68122 2.36072 5.63631 5.12246 3.69979 7.73679 2.36427 2.4466 4.60593 9.77358 1.26745 2.32451 1.35504 8.92765 6.64417 8.61887 9.23839 9.24695 2.97598 5.71759 1.82877 1.14571 6.68777 6.43556 8.18014 8.05811 7.41191 4.04534 2.78118 3.47091 1.25615 3.93672 6.76264 8.83498 3.57553 4.40521 8.85874 7.85576 9.74819 3.06941 7.62239 5.66254 7.45505 6.41735 8.39434 3.3568 8.96337 1.98166 6.52622 9.43928 8.91433 5.64365 6.35751 2.61609 7.11437 8.56638 8.44642 3.48365 1.83058 8.25657 5.55461 7.59258 3.08984 2.25538 9.88594 9.39049 7.48204 2.9582 8.079 4.54362 1.96705 6.06324 1.45362 2.1375 1.18568 7.14911 1.01127 6.25637 5.77458 7.88127 8.68935 7.44167 3.18491 7.34736 7.36943 6.52926 6.50506 1.02149 9.1393 3.36572 9.78722 9.8574 4.30908 8.90341 8.37784 9.01055 4.68108 4.17456 7.75198 3.68907 5.57365 3.64413 7.35166 4.63369 6.09895 2.44173 8.92801 6.72649 2.19454 9.9723 8.88738 2.22864 1.90901 3.40583 6.14137 6.14701 4.44136 3.54586 2.96069 8.22964 1.43442 7.577 3.33302 9.0902 5.0221 8.19124 4.32473 9.96132 8.13057 4.59332 2.94651 5.57677 7.53334 9.88481 5.02289 2.68267 4.16027 5.32729 4.5657 5.67749 3.16044 7.98431 1.15141 9.88101 9.21897 4.24228 5.80241 6.93218 3.62773 5.71032 3.87214 6.81588 6.60994 6.99894 5.43417 9.01862 4.3987 2.87769 7.67519 8.31305 6.56945 6.31166 8.79187 3.67151 4.12624 8.87697 5.89167 5.80839 3.84202 5.05505 8.39749 2.85142 8.35276 3.90591 8.45634 5.64189 9.50554 5.62033 2.85177 6.16373 8.46046 1.45084 7.92034 6.60157 4.04653 1.5218 8.97192 6.52758 7.87146 5.01815 1.71389 6.7174 9.6853 7.2533 4.1793 7.0948 5.49805 3.11573 7.65892 3.30532 2.95115 9.39464 6.13714 4.41886 8.44286 2.48442 9.73186 4.26109 9.50758 9.96805 1.63822 9.87383 1.94904 9.57944 5.07627 5.60431 3.22745 9.04461 3.74255 1.32333 2.60049 5.30184 8.26555 7.27234 5.51824 7.60071 3.1651 3.03944 5.77203 2.97998 3.81565 4.16423 6.89718 3.6245 2.91347 5.87167 7.32961 9.60092 8.94774 6.4347 7.81646 8.47233 1.17558 6.66591 9.58049 7.29189 3.60093 8.03804 7.73847 2.4752 3.4574 4.93337 2.47345 9.05174 6.69496 2.52209 5.46093 9.79516 9.9706 1.76951 1.04897 8.7324 1.64287 1.0722 1.69214 4.53185 5.2703 1.02302 4.13945 5.27029 8.11375 7.8051 3.87613 8.07885 4.14269 3.71471 9.31937 2.16778 3.04536 6.31295 6.2679 8.73018 9.74281 4.70651 3.10552 9.22463 5.9069 2.4572 8.25857 9.53672 9.98218 9.62041 7.40719 1.51948 4.21166 6.41256 7.95062 6.41269 3.16652 9.00735 2.22632 6.64121 7.27972 7.96098 6.98305 4.49205 7.88346 8.76624 3.60777 5.17047 3.25065 8.03555 8.60659 9.73496 3.1402 8.81286 8.83945 4.41107 8.34623 7.51447 9.00889 4.78425 5.75124 1.99879 6.90256 6.37146 1.38311 7.26497 8.88974 8.07183 5.97606 2.28042 9.17175 4.99614 4.53551 1.43729 9.28622 9.17518 4.40681 3.13783 1.36534 3.64713 4.34792 9.00862 9.64793 5.42373 6.106 1.24378 5.74551 7.83542 9.99783 8.57701 8.16218 4.75537 7.99424 4.38261 1.56849 2.2024 5.80837 1.40534 4.32916 3.82286 6.48787 5.61924 9.78476 1.75132 5.01102 4.71529 3.78719 4.35028 7.3867 4.71807 8.98924 6.3287 6.75834 2.23123 7.38786 4.73948 2.0117 4.81195 6.62149 2.35582 9.38663 4.97422 2.52124 2.92652 8.59267 2.32111 4.41592 2.81015 7.92862 6.30591 1.69109 1.48814 7.90596 6.12213 2.10193 8.45679 2.8762 2.22251 2.34005 5.99817 7.16216 4.96685 3.35419 7.32991 2.1931 4.89875 2.92484 7.63397 7.14381 9.15134 5.99276 3.4642 7.57757 4.48179 3.24143 4.03293 7.59305 4.43484 3.43333 2.87634 2.97508 5.13517 7.00026 4.39886 5.84936 7.2087 6.3874 1.79639 8.34104 9.33279 8.65142 9.85846 6.73723 4.91535 3.81245 4.1493 9.65345 4.40283 9.45989 5.06777 7.70389 6.71719 7.11221 5.28629 8.17567 5.32168 8.83064 6.06859 4.20695 6.4156 6.58676 4.96638 8.96901 9.75792 6.88394 2.39496 6.35215 1.61985 2.1328 4.58773 2.65553 9.36625 9.28047 9.42957 3.781 6.16603 9.19381 6.66916 3.43067 3.33141 7.29654 6.01023 4.80854 1.78605 3.96025 7.5816 8.32596 5.16217 5.14932 9.28631 5.81099 9.02652 5.81976 1.52948 3.72172 6.73526 4.57197 7.82518 7.86344 7.41775 9.05735 4.7822 1.10976 7.58928 9.63889 4.96867 8.62759 1.89266 6.8056 1.15562 3.10607 1.46872 6.8409 1.43948 5.4894 1.45574 8.24486 6.74343 7.71352 1.11781 1.41042 7.19767 9.9468 9.10199 4.05343 1.89864 5.83453 2.32454 1.89669 1.54707 1.2474 4.98588 6.10778 9.46502 8.03381 4.2146 6.99093 3.49175 8.27617 3.84028 8.4327 4.25855 1.55102 4.79527 3.60158 9.34246 4.69313 6.64538 4.40155 4.79886 8.56347 7.74943 3.17946 4.57304 4.32107 8.54771 6.18642 5.29064 2.69884 4.47945 8.29299 4.92694 5.78322 9.02901 3.45836 8.85516 7.79783 3.40118 8.45336 9.77359 2.39094 6.32522 5.3375 9.01165 9.92691 7.48789 5.18975 2.71487 3.28146 3.09538 3.59335 9.40877 6.64097 3.06416 3.3745 8.4416 2.80553 5.34066 1.09491 9.80607 4.49604 4.84992 4.79833 7.83991 6.16513 5.57319 6.5109 3.30539 9.81198 4.25431 3.99552 8.34773 3.30115 4.2351 4.25997 2.83237 3.68517 9.91965 4.31911 8.56124 8.03114 6.36744 7.71086 6.86784 9.25121 9.51544 9.26611 1.09129 9.43694 2.52909 6.63261 3.42928 8.19761 5.78221 7.05265 4.66987 6.5024 5.96575 6.89477 3.30228 3.52649 9.82553 2.43924 8.50653 9.00108 2.02885 9.41759 3.52198 3.56729 9.65996 5.80591 8.89485 4.63396 7.84454 9.37218 7.10451 8.23943 4.00296 6.47743 3.06886 9.4171 8.23258 6.63078 9.02843 6.56503 2.31883 2.29849 3.30952 3.31935 1.87532 9.46685 2.46618 3.43161 9.11272 4.45894 8.30112 3.15005 4.73666 4.50538 5.26553 3.60477 1.47449 8.56893 3.73778 2.69675 1.73095 9.923 7.68104 6.99089 7.87272 3.98412 1.17984 5.11285 8.64196 4.89821 3.35546 6.14983 9.19863 3.3809 7.16033 3.55532 1.29183 5.31158 4.55122 4.05763 4.06001 2.58155 3.54144 9.07243 8.96002 6.69592 5.63186 7.11917 4.3252 5.62949 2.12091 8.74139 3.05223 1.43651 2.79346 2.43092 5.91702 7.11439 2.48854 7.05607 4.01937 7.22126 7.04611 9.2936 6.85669 3.74745 6.13257 6.56472 1.52649 7.74092 5.44534 6.97488 9.55783 8.18655 5.79619 8.75761 2.87172 3.63931 5.57358 8.72208 7.37034 2.11144 4.08391 8.20477 2.65525 2.71344 1.27158 3.02487 9.37442 8.54898 7.31808 6.94369 8.69824 3.36378 3.61989 5.12794 4.42443 4.44829 3.64531 4.11696 7.21178 7.29439 2.17025 2.79374 8.4429 6.50594 6.39287 5.86002 2.21582 7.46319 9.42712 3.31514 5.96447 6.2412 9.67522 1.43886 3.20814 5.28208 8.57903 1.77812 1.92979 6.32119 9.25037 4.63765 6.08328 3.06719 2.48011 5.57451 3.72952 5.13607 7.62638 7.39651 3.30149 7.73904 1.88147 7.16462 5.49824 1.62429 3.41779 7.69916 5.30768 9.77275 6.91268 4.09001 1.6584 2.3477 9.95208 3.71063 1.20033 9.39825 8.81321 3.23611 2.71429 3.81683 4.12607 8.16497 2.65049 9.05045 2.91388 9.34498 8.29595 4.06602 3.51242 2.00289 9.07071 8.06944 3.86828 6.77796 9.45313 7.47868 1.71603 7.25954 2.03394 8.65071 9.13425 6.5284 2.19926 4.86241 4.98053 9.20213 4.94254 6.0453 9.7053 5.48431 3.30535 9.77426 8.04468 6.71766 9.94717 8.01005 3.09208 1.9411 5.34397 7.09588 8.24885 1.95064 6.11579 2.50774 8.55377 4.36426 5.98318 2.85875 3.89145 1.1907 9.85255 8.65733 3.57962 6.40206 3.53047 4.31935 3.83538 9.0104 7.56678 3.93414 6.62029 9.14822 3.72672 2.28438 3.36445 6.65282 8.5919 6.62002 9.06938 9.65463 1.79015 9.68593 7.28989 4.66934 1.35439 7.50359 8.49482 9.69405 2.71025 3.40667 1.30672 7.80726 1.79273 2.83042 
2.0
9.459 1.71813 5.14348 4.59723 4.57385 1.52359 9.70363 5.60327 2.74449 5.69523 2.45035 6.93356 7.25377 5.51029 8.38367 5.47272 6.34314 7.53901 2.37639 1.18615 1.80369 2.51404 5.3531 2.63974 2.86809 8.62562 4.01987 1.19553 7.90321 4.74261 4.6449 8.38304 5.40355 1.0592 9.38976 7.94646 7.78549 8.66744 9.69156 7.06752 5.48226 2.55563 1.19581 2.26425 7.83976 8.53236 6.7401 8.46546 4.31308 3.57641 3.88856 2.76102 3.46388 3.11242 4.5171 3.32789 1.25851 6.71234 2.9494 9.03201 9.16689 4.72265 4.14375 2.20584 2.56223 5.31739 1.4306 1.10185 9.92151 5.4769 7.30092 4.52162 5.32666 9.39246 6.74535 4.12087 4.76671 8.79657 8.64414 5.89015 1.74047 1.71915 1.7078 2.31139 7.66025 9.16942 8.46867 7.6902 3.55613 4.2436 7.82309 8.16397 5.5812 1.15839 9.62455 1.88572 5.81744 2.71022 6.82741 7.88375 8.88249 8.66033 7.68162 3.0971 6.83711 8.54553 8.47802 8.08672 4.89346 8.41484 1.34457 1.92249 3.42423 5.99189 3.59329 3.74598 3.77238 8.76305 5.11798 1.50904 6.36187 9.49138 9.34275 2.38809 5.60899 4.65637 1.22133 2.37426 4.13459 6.31947 8.78713 5.53929 5.77705 6.91534 1.75409 7.47723 9.906 9.46893 9.66837 1.42185 2.53688 1.73837 5.11072 2.53994 2.74625 4.78354 6.44971 4.90031 6.88788 2.46054 8.64571 1.61858 6.10964 8.34188 7.60568 9.67781 9.67111 4.56242 5.58866 4.92481 6.5621 9.09117 2.16217 5.74234 4.92178 5.92881 2.20926 3.89703 9.75875 3.73102 9.48645 8.06308 6.4718 2.35758 1.23238 6.52174 8.67146 6.84723 5.32724 6.53662 3.80237 3.3184 5.50306 1.90473 8.06636 9.29558 3.10469 8.18331 1.14643 4.96159 5.9016 8.09247 6.23138 1.8356 2.45048 9.59354 4.84129 1.37688 7.50858 5.14331 5.9538 1.0144 2.99784 7.62397 3.93111 7.10217 4.01987 5.44885 9.7478 5.30041 2.42158 3.34392 7.01945 9.88239 8.41171 9.30515 8.33197 7.46721 5.7281 8.23156 9.37182 6.67823 4.85573 7.73409 7.35688 9.22731 9.79552 7.62026 7.26822 5.92493 1.88399 5.55461 2.38258 2.11591 8.16362 7.39487 5.60567 5.04111 6.80402 1.70401 1.10619 4.62473 7.07393 1.93799 9.75075 6.18754 2.36387 7.80928 2.8394 2.58577 7.75976 7.32626 1.64214 7.2759 6.66712 6.0083 7.23603 8.80511 8.98624 6.77667 8.14318 4.22761 9.33796 8.02123 7.26953 7.9467 2.84036 6.34286 9.64436 4.4826 8.93618 8.47173 2.46059 2.66614 8.771 2.86134 3.9159 6.75811 7.62225 3.45828 5.35461 7.9945 1.87898 8.14787 9.2103 1.05745 8.07237 2.37546 5.24928 2.97205 5.4571 3.44367 6.61481 6.92883 3.64344 5.98524 6.1721 1.53212 5.78015 4.11177 1.65407 5.97412 6.78817 4.73825 4.10794 8.63482 4.14501 9.58327 7.14256 2.60765 7.72008 6.34512 2.47654 5.6509 8.16062 9.55362 1.28717 6.06499 7.32856 2.59771 2.86009 9.99546 7.28807 1.42892 5.03977 5.66176 7.34391 1.44045 6.98075 2.01181 4.63061 1.02223 8.6997 2.30239 2.75234 7.29158 2.9282 7.10523 5.97369 1.49982 8.76635 6.23894 3.46107 3.61448 7.63715 9.12674 2.07504 6.57749 2.04166 1.07987 4.21332 9.73894 3.61492 1.00691 7.20464 2.96684 8.98269 9.04881 1.75336 4.93245 3.91895 1.63968 9.93482 7.07158 9.30416 5.49341 5.24157 7.7215 2.38435 3.01607 7.18027 5.93378 5.83095 6.64405 3.91947 4.46284 7.10142 9.60804 4.48808 8.43022 9.60068 6.6227 9.02473 6.1648 4.14325 8.00225 9.57779 8.71862 9.21625 6.70167 7.95626 8.55858 4.54317 1.78385 1.13142 5.93394 5.44835 1.8124 1.68921 8.41952 3.52235 3.67029 7.8335 8.13473 3.08801 5.30427 8.44001 4.13839 4.96733 2.89507 9.66113 2.49932 5.04915 3.95337 6.58144 7.54268 3.15755 6.84155 3.42402 8.77218 8.72111 5.22128 5.80763 3.96793 2.74288 3.92676 7.55451 8.9602 4.57119 5.76389 3.54913 4.57893 4.97119 9.73514 6.14761 5.27896 3.9972 7.19018 6.63795 1.94111 5.16586 7.40238 3.25106 8.34902 6.42998 7.07099 1.22255 8.84176 1.45331 7.24918 7.40534 9.64223 4.68594 1.19782 5.93295 9.36134 5.74059 9.66505 9.43374 1.17799 1.56962 6.09162 1.29573 2.19478 2.94287 6.24208 7.48238 6.46957 1.72622 2.7616 5.39904 1.22275 2.46099 1.15876 7.31024 5.72036 5.74411 8.71396 7.80772 2.33296 1.90903 7.81374 6.82924 7.27022 6.50743 8.21076 4.72826 6.49144 7.09178 2.70965 9.89423 4.2917 5.79857 1.77862 9.42387 9.06386 9.23238 7.58685 6.34305 5.73637 6.15073 3.96761 1.87955 9.38678 9.44974 2.80725 8.28658 6.5311 4.95049 7.35993 6.71707 4.58894 9.4862 4.9881 7.64876 5.02436 8.79027 2.8288 2.36005 3.66259 4.68497 2.88574 7.95664 4.68248 5.07098 2.04716 3.44898 7.78473 6.21772 3.52945 4.38042 9.03596 7.85445 8.24655 1.50626 1.88845 2.56212 8.60518 2.02348 9.87577 6.96604 7.2258 6.85128 2.48415 4.22935 2.08938 9.46242 4.69962 9.34717 5.60991 2.76537 8.73091 9.74166 3.13277 7.53713 7.40823 1.6578 8.35878 9.90694 9.75771 9.85992 4.19413 1.39076 7.25169 5.12907 7.52602 8.97645 3.23477 3.06113 1.4241 2.75984 2.02566 6.66575 9.26774 9.63148 7.19479 4.26598 9.29897 5.51426 6.51772 9.19881 9.10133 4.65175 2.10429 1.81638 5.50442 8.44734 9.20363 3.288 5.41426 7.35417 1.18487 6.703 4.06941 4.31585 3.19366 3.9743 6.22288 1.2579 5.9845 5.04281 4.74985 7.13007 1.4288 8.88255 2.18115 8.99935 9.1988 2.80663 7.6625 9.69381 9.12715 3.57393 4.83953 1.49723 8.74237 9.79665 3.16866 6.39445 7.4801 5.14853 6.15366 7.3676 6.07004 7.87398 9.00804 9.243 2.59873 9.09787 3.24323 8.58892 6.74815 2.43618 1.68251 3.16411 4.71002 1.40743 7.40073 9.41706 5.2759 4.14483 3.08987 2.53613 9.60315 8.90925 1.35026 8.55036 8.15655 3.90301 7.40769 1.98114 9.32582 7.88438 6.75628 9.54465 5.2188 4.0829 9.22707 1.405 5.13053 5.91549 9.98246 6.47831 6.18802 7.00329 6.93641 6.28738 4.67085 8.98937 7.10041 7.8673 7.50755 5.65712 8.35524 3.22177 3.44772 8.84949 6.14852 8.8302 6.40999 3.68901 2.61799 9.7056 4.50573 8.59853 4.64069 1.50325 8.23852 1.62282 6.30777 9.18018 4.37944 5.55091 5.32519 5.70538 9.01813 3.33919 3.84016 5.32082 8.28963 3.33535 7.19338 2.85325 7.27697 6.80305 7.09703 6.57681 2.58961 8.24739 7.73856 7.12633 9.1176 6.04119 9.31028 3.96151 1.46152 9.85196 7.46471 3.88185 8.53828 4.36978 4.19568 5.09234 5.86258 8.83586 7.6453 7.31995 6.00428 2.87192 7.33661 7.48087 9.72143 2.11036 1.33209 3.39862 2.26916 9.12518 7.8179 1.07281 8.38436 6.16371 2.61391 2.9988 3.44605 3.17912 3.10955 9.03808 9.31166 1.66368 6.12542 7.33941 1.32895 4.78285 9.20061 4.81083 9.02387 6.3101 2.80595 2.64235 9.96402 7.86256 9.98289 2.3795 8.29808 5.93741 6.90826 2.0476 5.47085 7.24907 7.88478 4.82686 2.61422 4.86719 4.25733 8.77822 3.11378 9.65536 4.75504 9.12001 1.85134 6.51069 1.75915 8.55538 1.62316 1.90409 2.99661 4.15046 7.23393 5.22138 7.15953 9.26343 1.76666 2.40517 8.95035 7.02417 8.52817 7.39751 2.05284 1.86492 9.17054 6.88331 2.52885 2.60155 1.48822 9.83459 7.14086 4.56566 3.39097 8.35549 8.10026 2.28753 7.55256 7.328 5.74151 1.22972 8.23527 1.35858 5.622 6.0716 5.7902 2.52547 4.5477 8.04451 2.33326 6.42684 6.02463 2.81784 2.09706 9.02967 6.63607 7.43579 2.95849 6.81946 2.84558 8.80497 1.64217 2.75069 4.72578 1.23273 8.09957 4.49809 7.11296 9.51635 1.56402 1.50864 3.68735 3.08292 3.78143 6.35441 3.47936 2.68008 3.91683 2.88615 9.30139 6.11746 9.63666 3.68765 7.60562 7.559 3.86684 5.33092 1.26742 6.86594 9.72671 7.93212 8.79465 4.49072 7.13859 4.50826 7.46266 4.42153 2.61328 7.63475 4.87515 2.67771 4.71122 9.90364 9.45078 1.85596 8.67953 8.68267 3.33551 2.22727 3.76476 9.67519 3.24077 9.88464 7.70143 4.78069 6.70747 3.44162 6.8764 9.75629 8.29565 7.78162 4.66898 4.17888 9.20002 9.35793 2.46681 3.20809 6.79128 5.54467 7.85757 4.65008 4.58313 3.53835 2.49641 4.82203 2.12517 9.31033 9.14922 6.71747 5.32154 2.11003 1.41166 6.97238 7.67527 7.01891 2.60391 2.13208 9.95857 9.05521 9.34134 9.71883 1.80873 1.32955 5.28082 9.60035 8.74992 9.75122 6.54288 8.15897 2.14071 8.78528 8.30965 4.76167 9.54741 2.76051 8.09858 9.03085 7.04315 7.22802 2.21191 5.4159 2.9328 6.87074 4.86197 4.56553 2.40359 2.46364 4.47221 6.00091 1.6016 7.38477 5.65405 2.58959 6.63395 7.17701 8.35952 4.32015 9.99682 3.6607 9.70961 4.87771 9.92927 4.09699 5.9985 3.52015 5.19278 4.90196 8.37349 5.75517 5.7766 1.41155 4.69077 7.31809 1.0289 1.19728 7.0469 1.95043 6.71368 9.43273 9.48618 8.47931 6.49346 8.81079 4.38367 4.69761 8.33779 1.51174 8.00413 6.54489 4.35746 9.72202 9.7366 9.0891 9.56455 3.20393 2.50486 
1.0
0.572702 1.296 3.67182 3.16654 4.36964 3.72933 2.37006 0.544944 2.16747 1.58607 0.812273 3.28906 0.989198 3.66538 3.93381 1.0607 0.837518 2.27474 0.516594 1.87949 1.74547 3.69897 4.27979 3.53821 0.71959 1.87443 4.98799 3.8483 3.32572 1.01821 2.82706 2.46531 2.66733 3.96243 2.29753 1.04451 4.50644 4.44367 3.87553 3.97659 1.77715 3.59736 4.69135 3.95338 4.2417 3.40741 1.47555 4.11367 4.03912 1.86073 2.52269 2.51917 0.876509 1.05698 1.42257 4.21043 3.61282 3.52337 4.8091 4.59294 1.48525 3.48443 3.87674 4.90327 1.72824 2.33702 4.41451 3.50526 0.835003 1.08028 0.607572 1.26637 4.21166 3.45076 2.85641 0.763985 1.97396 0.512561 4.86355 1.57194 2.13653 1.95257 4.73793 2.877 1.94479 3.83081 1.36676 2.17548 3.09934 3.0358 4.30503 1.29996 1.12301 2.19507 0.932532 4.02602 0.620477 2.79068 4.62855 3.0091 4.68039 2.22988 1.71404 3.30139 3.17016 1.62082 1.91141 3.6989 2.67329 4.00331 1.07195 1.16846 1.31928 0.784729 2.42071 2.60493 0.756093 2.63094 4.06907 1.1684 3.51527 4.56232 4.54484 4.95153 2.51953 4.50487 1.58993 3.22694 0.98302 1.04639 4.47564 3.02463 1.9541 4.14773 3.58546 3.2896 1.25073 2.55914 3.01552 3.36943 4.03842 2.69168 1.44257 3.08199 4.30078 1.69369 4.50958 1.11323 1.45263 4.98241 3.47885 2.99502 2.34566 4.98056 3.40276 4.91312 1.91674 4.30814 4.06209 0.595161 3.22877 4.67918 3.42192 4.52877 2.65406 4.25365 3.35504 3.75972 0.95037 1.19441 1.88304 2.52019 1.9795 1.17925 1.18493 4.43709 1.31842 4.11802 2.1233 2.07046 3.01303 3.82481 1.03815 3.03197 3.72448 2.89522 4.5582 4.93347 0.518021 4.53873 1.67987 2.41565 2.04455 1.61613 3.36374 1.50674 4.86461 1.132 3.39868 3.06129 4.66502 0.932326 2.28349 2.5291 4.11811 1.85715 1.87619 3.80411 1.63348 3.59831 4.56078 4.40348 3.75237 4.51227 1.18169 3.72667 4.93462 3.13802 3.99576 0.644664 4.48816 3.67004 0.891765 0.669174 4.39112 0.63636 4.12759 3.45204 3.75654 3.5317 2.33492 4.36464 1.18954 4.65566 2.54154 3.40736 2.78726 4.90605 2.46121 1.1992 2.03117 0.777214 3.30111 2.29745 1.32212 2.3135 2.33688 1.09738 0.907904 3.26777 3.50519 2.06206 2.45337 4.71503 3.26398 4.53228 2.50316 4.37105 3.47016 3.8665 0.587036 3.3662 4.025 2.16089 1.71772 1.22423 4.53703 3.79949 2.03138 3.79618 3.75251 2.58434 4.82064 1.39944 3.50357 3.19585 1.71021 4.91173 1.42377 2.73311 2.22509 2.57031 1.68143 2.08432 1.5013 1.72619 0.980368 4.37732 0.889266 4.80343 1.5783 2.76022 2.69973 2.71354 4.07284 4.762 3.84227 1.47489 4.70499 0.983302 4.10633 3.28733 3.93031 1.86727 4.33495 2.81174 1.5076 0.80044 1.24097 0.904748 2.85514 0.793703 3.61584 2.05852 2.92461 3.49341 4.68102 2.29559 3.84249 3.27247 2.83197 1.26879 1.06906 2.15162 1.02468 4.81627 3.32502 2.80068 0.554812 2.22157 3.03563 4.36992 4.97939 1.42882 3.04249 3.40157 4.9311 2.96291 2.83282 2.07128 4.57517 4.8049 0.536384 3.50979 1.95876 4.47235 3.94 0.954595 2.00303 0.554825 3.26954 3.48168 1.38773 4.95444 2.48963 1.56743 1.57836 0.58151 3.3708 0.730475 2.74592 4.25524 3.07433 4.00376 3.32927 3.05953 3.00459 3.98658 2.99001 4.90383 4.17902 4.72674 2.20999 3.03909 4.86562 3.68282 0.781369 0.778799 2.73807 3.51645 1.93926 4.17506 3.79844 1.96472 1.88694 2.89978 4.31741 2.54265 2.96367 4.58094 2.04212 3.32572 3.20509 3.34391 2.92163 2.06253 0.546109 1.80789 3.09986 1.86746 4.91652 3.28738 2.42619 1.74349 1.97906 3.44875 2.23362 1.18501 1.26013 1.6719 3.13448 3.11084 4.42304 2.86699 0.583745 3.87714 3.93388 2.99623 2.95995 4.1206 0.869948 1.05077 2.4136 2.18156 3.62072 3.73266 4.23328 3.85726 0.731466 2.5919 4.4792 1.2352 4.6394 2.36854 3.63448 3.85649 2.05242 3.78988 4.52384 2.95942 2.22041 1.57276 1.25002 1.55293 0.849153 4.38089 1.8977 4.57031 1.40681 2.48728 1.75499 2.85291 1.57294 2.39177 3.80252 2.71393 1.08016 4.6436 3.22016 4.33227 1.69833 3.61907 1.16119 3.22653 1.61135 2.5043 0.544192 3.55902 4.43653 0.733027 4.1124 0.519865 4.63651 1.12952 3.51071 1.54119 1.0738 3.00655 2.13023 3.09139 4.95787 1.46846 1.97044 1.7995 3.93483 4.16927 1.76886 1.65956 1.56967 4.77591 4.14837 1.56517 3.97111 0.886506 2.5321 1.42404 0.808989 4.65373 4.07584 2.10265 1.47429 3.36328 0.868102 1.451 2.63167 2.71737 4.1477 2.15739 1.91461 2.07335 4.28894 2.18335 1.51316 2.88736 2.8044 1.52857 3.90423 3.11314 1.61524 0.575991 1.97445 2.30581 1.33916 1.26688 1.78564 1.68083 1.84586 4.35608 3.73287 1.37794 2.83011 4.99725 2.84502 1.6803 2.15243 2.40826 1.47803 1.43857 3.19734 3.36661 0.650626 4.95018 1.99909 3.78495 3.77269 3.54361 1.38512 4.61667 3.51617 1.61779 4.887 1.34157 3.57861 3.88657 1.66897 3.28163 1.0892 2.07822 3.22407 3.99681 3.90746 3.84009 3.58783 4.01098 4.06447 2.59828 4.81955 2.61788 4.09668 3.12241 2.00115 1.51721 4.02233 1.54551 2.00363 4.53075 0.710381 3.0889 1.77104 2.1486 1.8921 3.24221 4.87212 1.65544 3.06519 2.14852 2.0694 1.58694 1.54046 4.94443 3.65604 2.76622 4.88116 1.30539 4.31005 4.17033 4.4848 2.94596 4.21627 3.87691 2.05763 1.82525 3.20583 2.84087 1.23162 4.30736 1.66319 4.75113 2.57411 4.02696 1.45079 0.717491 4.23992 3.70992 4.60126 4.03753 1.51617 2.69903 3.02724 2.29364 1.00955 1.93474 1.99871 4.53005 2.2263 1.6411 3.13796 1.26006 2.79462 2.96665 3.18212 1.55319 2.5798 2.33048 1.76326 0.952566 4.44183 3.22328 2.45607 3.97225 4.88566 2.71358 4.84315 4.42477 3.85393 4.409 3.34779 2.3286 4.41243 1.62252 4.08445 1.14583 4.57801 4.99399 3.47673 1.09989 1.53912 4.31654 2.89294 4.32325 1.51894 1.8182 3.04926 2.58537 1.53105 2.14855 2.93047 3.85057 3.77772 1.82038 0.978252 0.916085 1.94074 2.85661 0.797084 1.38015 4.61487 3.39206 1.12771 4.19018 3.63381 3.48048 3.83816 1.52097 2.0388 1.35656 1.68242 3.73309 4.93981 4.90307 2.07656 4.16128 2.51922 2.07301 3.64257 2.98287 1.42817 0.51696 4.2697 2.41645 3.32546 3.66535 2.44338 2.50039 4.809 2.01593 3.09174 4.20168 2.9899 4.37629 3.19972 4.10461 4.45903 3.31143 4.44069 0.929753 3.89633 3.0464 1.07576 2.63283 2.07247 4.0741 3.87053 4.83381 2.49333 0.718036 3.27957 1.32596 2.43686 2.90027 4.64834 1.91508 3.13265 3.36437 2.68278 1.33875 0.834001 0.603478 0.936443 0.515657 1.5326 3.24342 2.06519 1.37505 3.06579 4.63094 2.59953 4.51622 0.866393 1.877 3.48441 2.94808 1.60512 3.1051 2.63677 1.15883 1.97557 2.65477 3.27047 3.26568 2.37177 2.99008 4.23897 3.99466 3.70834 4.56324 1.64546 2.74052 3.13323 1.88325 3.97068 2.45673 4.38299 1.53972 4.46818 4.62544 4.53067 1.43165 3.07733 2.5577 4.37625 0.951392 3.60373 2.27361 4.22972 3.87359 1.91735 1.21262 0.836664 2.69928 3.41816 3.52386 1.19644 0.705051 4.51934 2.18664 1.52298 1.94725 3.39811 2.21089 1.09811 2.97128 1.76412 1.66781 3.76752 1.97602 4.3954 4.80052 4.8292 0.68324 0.691932 1.96482 1.56457 1.16218 2.49672 4.14999 2.66216 4.35913 0.934545 3.82975 2.78377 3.58216 2.0182 3.89317 1.02337 2.19088 3.77237 4.40581 2.50844 3.74128 2.62506 3.45081 0.893984 3.83567 4.31661 0.800138 2.49903 3.9277 1.07626 2.16585 4.33582 4.33243 2.81636 3.7815 4.78145 1.19149 3.09409 4.5636 4.14222 3.14334 3.59078 3.10309 1.86046 2.44857 4.85883 4.23704 1.61397 1.82032 1.58618 1.45025 4.05805 4.70974 2.62836 4.85708 2.96012 2.79656 1.55817 4.51324 4.97684 3.4347 3.48282 1.80777 3.32391 4.80301 2.3788 3.18498 2.08841 2.01103 1.19419 0.946597 3.43366 3.90989 4.96866 1.88384 4.94674 4.35821 2.72095 2.48973 4.87857 4.69318 3.35403 3.00134 4.02654 4.15661 1.82772 4.02225 2.0097 1.02614 3.849 1.47494 3.68664 2.20149 3.32985 4.63342 1.96578 2.99581 4.86262 2.98579 2.2584 2.38205 3.46308 1.17697 0.824113 1.9445 4.83097 2.78147 4.75904 4.28535 2.87817 3.65628 1.37645 4.13632 2.27438 1.62376 0.730055 1.4254 2.76051 2.2347 0.529864 2.54866 1.47948 4.86138 1.70059 3.09711 2.07476 2.87077 4.83265 3.7887 1.30635 4.62775 3.27578 3.35532 4.93447 1.07848 2.12518 2.13494 3.12069 3.66376 2.35021 0.618785 2.09674 1.81254 1.81578 4.20364 1.85087 4.26549 1.9462 4.89919 3.08179 4.47861 4.28165 0.740411 0.67015 2.85698 3.67724 1.15514 1.91766 2.56855 2.89467 2.53664 4.30373 3.68801 1.33637 3.77121 2.50977 2.42072 0.672357 0.971027 4.46093 2.1568 2.60954 4.16188 4.6356 2.60517 1.05369 1.67611 2.3923 0.757809 2.41398 0.500589 4.5643 1.43395 4.30002 0.829742 1.07174 3.65448 2.3616 1.57372 1.30132 1.09633 
4.0
4.06165 16.1985 3.02267 9.16753 19.162 9.12897 18.7558 4.94099 12.046 10.2696 5.3127 11.2127 2.00489 18.7037 7.99761 12.0158 18.5477 14.1865 5.01741 4.68309 13.9369 9.12907 9.47481 8.41244 12.889 15.9954 17.0256 10.7463 4.43887 11.1142 6.20015 4.96548 16.968 11.9045 18.3885 19.3966 7.39695 6.5154 2.49029 3.63395 5.54192 14.8799 9.22783 12.6754 18.6353 2.18237 6.12404 13.9721 11.0103 13.741 6.14396 10.3924 3.94955 18.3035 15.0005 2.1 16.6981 8.7568 4.12431 12.3459 19.6399 9.25173 8.29742 6.17443 16.6391 15.7408 14.9514 17.0437 13.5445 4.93034 14.1291 4.3594 7.85903 2.64717 2.11108 8.92366 8.57241 4.61849 19.7051 3.29694 5.15862 10.6666 18.2008 4.07468 2.73688 19.317 11.9877 5.07778 6.397 9.8215 4.8377 10.4571 17.6887 10.5941 4.851 14.7121 16.2748 11.0623 11.0669 10.6235 7.74916 13.9311 16.7383 16.1001 2.6175 2.8625 2.26979 2.93945 7.44353 14.5679 16.8208 6.50287 19.1583 18.315 15.5719 11.3042 13.534 7.84907 19.6557 17.5131 8.82176 8.72749 13.7515 9.37148 15.5532 10.0693 4.34426 14.5255 7.5066 9.718 13.6475 11.2699 12.8368 19.8191 18.1902 16.7078 10.3692 5.81094 3.06797 4.82388 18.0576 19.8305 14.8579 5.47151 4.60668 15.5326 6.19795 15.2745 11.2579 19.3231 3.0302 17.4423 6.74004 19.0069 9.50797 11.4998 6.38323 10.8492 19.5672 7.93079 14.3975 16.0512 18.1621 14.7358 14.3153 3.63986 17.1642 6.90361 16.5977 16.7717 8.92626 13.7972 10.4052 7.45056 8.50968 9.45364 8.53259 18.6595 13.5762 10.7979 14.507 2.90686 16.9438 14.7709 10.8512 6.18611 8.80613 17.3718 13.5102 6.35012 13.6166 15.6134 3.44232 8.89916 8.63635 19.3934 14.3738 13.1832 3.14602 10.2776 7.718 2.01816 17.3219 18.1989 11.6586 17.7162 5.77619 19.0692 11.3966 9.53015 4.76074 4.30623 13.5614 19.512 8.03569 15.2738 5.78617 13.7855 12.4016 7.63645 18.4472 16.2323 7.89568 4.62789 9.56739 13.5934 11.6525 8.23394 13.8833 18.983 10.4281 19.2891 7.07701 14.8178 18.7889 13.4874 16.1717 18.1598 9.96403 8.30719 17.091 7.47308 16.362 13.8503 6.38292 7.7946 12.7516 2.59475 4.10758 19.3196 5.10652 15.0619 14.8889 14.4003 10.1144 14.3978 10.1307 11.9594 6.34942 2.86779 12.3964 4.31711 10.1097 13.2665 2.95314 15.4323 14.9178 2.24041 3.47987 11.558 19.6865 14.5259 16.9395 15.311 10.5472 15.1001 16.615 18.1546 13.3439 10.2467 10.3097 6.29713 9.78987 16.5355 8.71166 19.0026 14.2893 12.7159 14.922 14.3171 14.4227 9.52451 8.1474 19.2078 18.0963 12.4073 2.55644 15.1174 18.3558 12.1548 10.3004 17.9315 10.8634 12.4526 7.69763 19.3606 19.0403 13.3447 3.58262 14.7363 9.8718 13.6118 2.81836 18.221 15.3771 5.0635 17.9734 2.43211 18.7437 3.74405 12.1626 5.48023 10.1245 19.0528 16.0521 18.4213 5.10058 5.77824 14.0286 4.12304 16.8067 6.04656 4.53194 2.54494 8.72145 4.18379 9.55254 7.433 17.1218 7.49231 6.29256 19.428 2.2009 19.9413 5.99114 14.5882 12.8505 7.7715 18.9137 17.3256 8.10738 10.0134 4.50528 16.7569 10.2637 6.9204 13.7081 5.46811 4.64139 5.31519 10.443 5.6933 9.03094 7.85074 11.255 19.9074 15.7937 19.1851 12.123 4.83323 13.6288 8.07041 17.4331 3.86227 8.00359 14.3557 18.1172 14.8898 13.2488 13.9042 17.9538 16.5641 7.31692 18.4241 9.03476 17.9493 2.20565 5.21436 13.3945 14.6027 5.04446 9.8231 19.8047 4.06638 4.84577 12.6216 4.73174 15.772 11.9201 6.29133 10.4593 2.36055 14.9551 19.2255 19.3743 15.4157 8.75886 13.8444 11.4173 8.6112 11.6673 10.8253 15.6968 15.2728 9.61544 16.2456 3.26723 7.35362 15.8726 12.6407 8.07217 2.82383 3.44208 4.9761 17.0502 16.4746 7.12489 4.53253 16.4057 7.13594 8.24696 13.7063 5.04361 10.3083 7.05103 2.72324 2.16777 15.209 3.75233 13.2663 4.04404 9.23171 5.25836 2.01791 6.92693 18.8211 12.5527 9.11618 15.1505 11.7604 15.7431 12.5248 7.38347 11.8743 5.77322 17.3174 14.0479 3.14454 11.7987 10.8761 8.9024 10.2406 11.2275 9.00319 19.7896 4.46409 9.4238 3.94845 17.5467 4.10714 10.0763 3.34899 6.08137 18.2249 11.2305 7.08404 16.6106 4.82227 17.9852 3.04357 15.0642 14.4543 8.85277 8.81091 19.6525 6.24117 8.78346 6.25954 5.59754 11.2967 7.85431 12.0639 2.02871 4.57151 4.6215 5.12407 12.0425 16.1095 3.13706 7.9051 16.9261 4.7192 8.62962 6.68959 19.5451 7.05853 12.8492 7.74496 9.89547 13.134 14.076 4.40451 5.81938 9.21397 8.79348 8.06261 15.885 17.1555 18.025 8.08392 5.43084 13.146 13.3353 13.6267 18.7733 4.85833 3.49528 6.38029 16.5793 6.02038 2.81115 11.2163 13.4024 7.39835 16.1179 5.75417 2.38251 7.19439 13.4364 19.841 18.1111 19.8581 11.2948 19.9449 4.65883 18.3123 17.714 19.4625 19.7684 16.5926 11.8568 9.94128 10.2109 13.9012 3.34214 10.2146 13.3065 7.07486 18.2219 8.45234 19.6087 8.46665 2.62308 4.12418 9.75378 6.24195 13.0533 14.878 12.4727 2.08846 18.3708 3.33179 12.7685 9.34034 6.41795 2.77976 7.25698 2.51629 8.31949 18.8125 17.6716 7.2718 13.4443 3.85142 17.5327 15.7654 18.0317 3.59666 14.9801 6.43905 18.481 16.3898 12.7709 5.21241 12.3065 6.49023 16.4402 17.0915 15.7547 8.26546 9.62632 17.1909 17.0876 6.29588 13.5605 10.1708 18.5284 14.3933 5.71991 5.08712 13.872 2.53353 12.6453 4.65674 18.7597 4.70333 7.92248 17.9358 18.6176 2.66103 2.32777 15.413 5.25901 8.61147 11.1378 15.5159 3.15157 13.7949 15.603 5.53249 4.34756 9.99009 17.5856 11.9459 19.0789 2.93112 16.3614 5.1835 17.0159 8.63878 6.58531 7.78008 2.19018 5.6656 6.42178 18.9551 14.5818 14.2551 16.8385 16.6038 13.3701 5.41512 11.0647 9.70287 10.8488 8.90519 17.2128 6.12944 16.0053 15.1379 15.0653 12.8948 12.764 3.99456 16.0246 5.79194 17.8931 19.5544 11.2272 3.45688 11.5766 11.7387 12.8225 2.8446 19.6492 11.868 17.415 19.1186 14.496 3.13397 8.67056 4.95479 3.61604 16.9854 8.08762 18.2591 8.8499 14.428 2.93122 17.2996 17.2712 11.238 12.332 12.2524 2.74268 6.09068 12.5488 6.16151 9.13548 8.60193 18.3957 4.31332 16.2135 14.2847 5.83258 11.0243 11.1809 7.41904 8.7204 4.84338 4.89434 18.8363 2.73998 9.16839 19.739 13.6177 17.4751 15.2761 4.16865 13.7061 17.6598 18.767 6.90956 14.4332 12.5893 16.4231 7.82912 9.95942 6.69544 8.48133 8.4679 10.6288 16.286 15.3194 13.2361 7.23747 17.4481 9.5568 18.2738 17.2163 14.1153 6.56944 16.9756 5.72773 19.2998 16.4184 13.1792 14.6766 12.4873 10.1927 15.0179 4.63475 8.197 17.7664 18.4371 12.6804 10.7053 5.96928 7.3753 5.15087 7.93338 14.1722 15.6088 10.3095 13.4992 16.2858 7.26058 17.9269 3.93325 4.17406 16.973 14.7764 12.0586 13.4811 18.7451 3.0428 7.53473 10.8726 18.4334 10.6461 5.56588 11.6915 18.9172 12.4784 16.7729 5.02671 10.9273 5.55605 9.22966 19.1972 16.5399 13.0843 17.6631 12.6491 14.3334 8.43735 12.8178 13.2675 7.20987 2.05201 7.98407 11.102 7.88046 12.2351 15.6906 9.50662 5.01492 18.8854 7.56107 9.69317 9.05511 17.1293 12.3343 9.69948 6.6926 17.8708 19.0493 8.7711 13.0103 4.25536 18.3937 8.1573 14.2883 15.048 11.2168 17.3211 8.47343 3.92515 11.206 2.56335 8.3134 5.68096 14.728 3.06087 16.1545 6.34737 18.8337 9.31867 15.4036 12.2284 6.42678 9.03621 5.65433 2.84836 15.5976 11.3877 18.477 10.8144 14.1194 4.71671 14.8729 13.5929 2.11039 18.6442 15.3924 6.19956 9.8582 11.5915 3.91729 11.8046 17.8098 6.71656 10.1073 3.25107 5.72439 17.2649 19.5102 14.4873 13.9914 4.33388 8.33647 18.9139 10.1115 2.05204 3.89784 15.6447 19.3424 5.17148 17.7098 8.68134 6.50841 6.07491 4.25839 14.0022 3.97428 10.1967 16.4307 13.5656 8.78275 2.85763 8.61005 9.22676 17.9565 2.51441 16.4343 5.56878 12.9639 11.4224 2.21927 2.64801 10.3493 16.7131 5.04543 7.65321 7.52639 14.8851 10.509 2.47885 12.737 14.71 17.1371 2.21249 6.17286 9.55119 2.46689 15.5362 3.26162 18.0976 13.7887 6.042 13.1175 4.51107 14.5534 7.46156 9.15534 10.9883 17.4438 5.80966 10.8691 7.73607 9.1101 11.4419 15.7743 9.36116 17.5691 6.02664 6.5144 16.6741 7.26787 7.43037 6.13154 8.9069 6.81165 9.51804 10.5011 13.3452 10.355 3.8667 4.93029 9.3739 3.65804 2.39361 19.9212 17.9375 15.8057 15.8982 19.0971 7.4138 7.59193 15.5184 6.29409 2.90258 19.5677 12.1006 18.8152 11.9273 12.7525 10.4837 15.85 9.55161 5.01106 9.69807 13.0575 9.90972 8.09274 4.07728 4.31299 17.1507 8.33618 12.2848 3.6198 8.79687 18.0374 17.2545 18.1841 14.5166 8.48185 6.04518 15.6543 11.3106 3.64128 10.609 2.52459 4.11276 19.5336 14.4745 6.70234 12.8047 2.24772 4.34306 
5.0
23.8283 4.7415 23.0127 24.2559 9.25238 13.9471 24.5186 23.6048 17.8501 15.7922 13.719 15.5096 5.62057 17.2907 23.2138 10.8777 16.9708 19.7393 19.9127 7.32632 16.639 6.5818 12.9791 23.848 17.7218 16.4384 13.503 23.7666 22.0553 20.0509 14.652 7.23506 9.1984 17.3951 3.55107 14.5232 7.77116 6.20733 16.1404 6.34763 12.8957 13.1791 21.2624 14.9918 8.49085 19.0662 5.22683 14.9673 15.6705 13.9642 20.6045 19.4669 20.9953 14.0006 7.99942 8.85696 20.8278 5.69214 9.54969 17.4628 13.0411 9.21873 20.4066 7.39369 14.8316 24.3629 6.94271 13.1593 5.3842 5.36587 12.9377 5.82745 7.14207 10.9489 4.99342 5.47234 24.4291 23.2513 8.42742 3.16423 8.17658 9.43437 4.89442 18.7499 15.5027 12.2007 7.98688 13.1743 12.8962 10.4803 13.0638 4.093 9.25301 11.5326 12.5582 13.5257 12.517 3.21376 20.5128 16.3011 23.6734 2.66107 5.0948 13.0422 11.8467 10.1425 10.3385 13.9433 16.7513 14.3225 5.86673 12.0871 7.24605 15.1943 15.8412 2.55382 24.7422 8.42753 20.8907 13.5708 15.2151 9.88209 4.26785 3.4531 13.5687 19.0383 18.4852 17.0851 16.6047 22.5928 13.6788 5.69334 5.84416 4.47042 23.9509 18.6604 18.9531 18.5024 2.94112 13.6294 11.0218 20.02 17.3757 16.15 11.9471 7.6151 22.346 10.1148 6.16865 13.8157 17.0648 20.2376 18.5086 23.4284 7.35157 15.322 12.3644 10.7959 11.096 3.57113 16.506 17.2219 5.4504 16.1887 19.2255 9.81059 6.99996 13.0208 23.5909 5.4728 3.66234 13.9886 5.05358 21.3484 19.5651 17.5626 7.65888 20.3945 9.15211 10.0269 7.61015 20.889 19.2681 9.28613 5.43667 21.1016 22.972 19.4614 20.5149 20.3796 21.3288 20.0286 21.6931 12.8998 19.4296 23.2479 7.76978 10.3374 22.8906 8.63269 24.0755 14.6997 21.0803 15.7116 13.9082 20.0766 13.3254 23.8297 11.0717 9.5568 21.8452 12.7424 9.7685 3.56024 12.6641 12.7484 18.0955 13.3362 5.75355 20.6159 13.8933 23.3776 3.15142 17.5478 16.6991 14.0016 16.3107 10.4393 17.0532 12.8458 23.9263 17.6757 21.9088 6.53048 6.49049 10.7218 24.8956 16.2372 23.827 2.75194 2.6867 10.9532 9.35313 3.07101 16.219 7.13152 12.3212 6.07681 23.0172 6.01776 21.7878 3.51317 19.3716 4.89239 13.5616 8.76417 6.1184 3.47924 6.38025 14.4393 14.2752 16.7699 3.56531 6.99984 21.7782 15.5144 11.4057 4.67592 20.0744 8.12756 10.5198 17.4249 16.8163 5.26142 3.9462 7.68075 8.41049 13.2941 18.2126 20.6441 23.67 22.984 23.6336 22.8637 24.82 4.54068 10.0868 22.8588 14.6063 10.3613 4.51714 12.5324 23.2589 14.1831 18.9207 10.6257 9.05762 15.4024 7.55592 16.9633 21.2518 14.8087 24.6338 23.7399 6.58377 7.9858 8.73687 5.09737 13.1653 7.62823 15.2162 8.74337 15.4581 16.024 7.81728 23.3607 24.1074 3.95321 8.2842 15.558 19.3791 19.753 7.69248 12.6107 11.951 12.2978 10.7604 17.244 17.3067 9.14685 21.8885 13.2063 22.4834 8.60606 6.67865 5.3835 23.9235 24.4574 20.1799 15.7046 12.6794 24.6036 18.1147 23.5883 8.22177 22.3786 14.8322 19.6807 17.1013 16.775 14.241 4.13364 17.7143 17.8361 17.4697 8.17437 4.92168 10.9657 6.00682 15.2162 15.7711 6.40199 24.0682 17.7602 12.5733 5.10916 11.4438 18.8377 17.0809 4.83399 5.57247 11.744 12.0222 12.5788 4.09568 16.8129 3.73723 7.24039 16.6392 6.48278 9.66755 21.165 24.5739 22.403 4.45022 14.3694 17.5046 23.3315 15.8646 2.67744 5.23753 15.074 21.8828 23.5236 16.4767 23.7132 20.0742 18.1717 5.49837 13.38 10.6124 24.0999 15.5538 7.31503 16.6367 13.8017 2.75138 18.4715 18.2168 21.2535 6.66634 3.40907 13.6707 4.79671 3.92964 8.2286 16.9863 20.1879 18.545 22.7981 2.59696 17.563 5.18467 4.51937 11.2596 16.0693 11.7134 15.3863 23.2875 14.9116 24.6915 11.0832 15.3854 12.0661 4.10563 13.3752 9.83939 6.90946 6.07889 24.539 14.8089 20.5136 22.3089 10.0846 24.4737 9.85741 19.9845 6.01859 22.7831 24.7035 13.4314 24.3979 24.5596 10.8916 21.2352 15.9249 7.70536 13.7981 10.0947 13.3334 17.7629 5.71071 16.6519 16.8155 6.07858 23.3704 8.55182 15.2399 20.3203 19.4281 13.4801 19.4106 16.098 24.0684 9.92951 6.11731 20.9382 20.5488 18.4448 9.22639 9.36219 18.4047 22.0961 9.06286 17.8168 20.5714 19.9309 13.8336 15.71 8.1708 22.1543 6.84159 16.2987 21.7154 20.7882 18.2407 11.1813 12.4771 14.5586 17.5822 9.64297 15.273 9.26164 20.9019 14.1043 23.917 4.85811 18.598 10.4243 8.08648 3.04644 5.35086 6.80601 15.3567 24.0642 10.8326 20.0565 9.64975 8.96835 7.45879 20.4493 19.85 23.6434 21.4305 3.94178 24.8358 10.7888 8.31775 22.9943 13.6771 23.6345 21.9334 7.2446 7.24873 7.63496 12.749 15.2844 7.51002 18.8919 9.60057 6.29045 20.7005 13.0552 20.9363 20.2582 8.20145 3.45278 4.35472 13.0899 23.8134 14.6988 5.68415 10.2855 8.69974 23.0302 6.35299 5.48754 20.2466 7.12174 7.80117 20.1291 6.08829 8.13023 4.18256 20.4358 12.0489 7.71629 12.1084 18.0309 2.7501 17.7953 11.1815 5.39396 3.63493 10.7665 9.07237 7.42343 13.1573 16.4712 17.3848 12.8521 11.3879 14.6284 17.0639 21.7665 8.78586 16.5003 14.5946 17.9799 11.3864 9.53504 20.2409 12.5084 3.65486 23.7389 4.57658 11.9007 5.25628 16.0266 24.5568 12.6721 10.4913 11.3001 12.8806 10.5905 24.148 16.5059 6.89419 13.5673 2.51952 11.4212 18.2862 24.4014 3.33836 4.91811 4.82259 4.62636 15.8758 10.4567 22.8738 10.7113 22.458 19.5564 9.48212 18.8658 10.1478 6.99589 15.2204 12.1972 11.3429 23.9918 21.5917 3.97275 4.53942 8.10533 6.72008 8.23425 24.012 18.6283 23.0823 14.0166 17.1599 8.69674 6.03026 19.42 23.2687 22.8835 21.8552 24.2851 9.93864 21.5196 21.6422 15.2228 8.42832 17.9933 12.1657 21.746 19.1649 22.7788 2.57675 7.25636 13.67 7.94227 8.13063 11.1334 21.6519 15.8774 9.70553 13.178 22.0136 18.5187 15.3625 4.15902 9.02685 10.7842 10.1963 3.71317 19.9222 11.9952 8.2272 14.349 22.6452 9.0264 15.084 12.8039 12.5286 9.93312 2.72761 12.505 14.1303 16.8075 19.9664 5.88306 21.9877 19.1135 22.5118 22.7907 4.03782 18.7498 18.8252 23.7731 23.9535 8.09186 3.00623 21.9433 21.1456 24.762 23.4714 17.2101 24.6812 24.3783 16.1743 24.1101 24.8679 10.0319 21.1165 24.4926 8.75402 24.7429 5.8995 13.8093 13.295 18.1443 5.06797 17.2556 4.93554 3.64568 23.9936 19.5173 24.358 22.3236 11.0503 21.8693 22.6466 14.7921 21.8302 12.8793 7.61793 17.3011 24.1507 21.4634 16.5673 18.3129 7.6028 16.0465 16.6808 4.30814 3.88991 21.0756 14.3641 3.56938 6.70827 12.1369 24.7367 4.19369 4.91795 5.92587 2.54218 5.08366 5.25507 18.8219 15.7248 8.66683 10.835 17.8151 20.4218 11.5938 11.6965 10.0379 13.6223 4.66455 21.1372 12.1492 12.2411 15.7339 11.5893 23.3226 4.85967 4.34446 8.78731 13.088 22.3825 24.3394 17.9763 2.77655 23.8597 13.2024 18.4108 4.31925 13.7254 6.87718 14.8955 7.64923 19.2023 3.81505 22.6163 5.45725 6.62249 7.00086 19.0128 21.5509 17.9138 7.70786 8.94168 19.0671 21.0026 12.2308 11.8807 14.7886 2.88195 10.3475 4.92469 5.81351 24.097 9.25922 12.8213 12.3282 20.8949 9.25942 18.7988 22.7347 18.792 22.3808 22.4346 9.88015 3.80628 10.271 8.31416 7.14127 2.60591 22.5472 16.732 8.11118 22.8243 6.87869 12.683 16.1403 22.2907 22.048 14.3947 7.48086 8.4267 10.241 20.1509 21.7843 9.05943 17.3152 14.6565 8.70286 15.9 17.2962 21.1924 4.3446 24.4383 4.85367 8.31253 18.8314 24.0041 7.0047 22.3314 6.21112 16.7436 2.79647 16.8525 17.9728 9.26219 9.71703 20.5879 11.4156 10.6836 10.5848 24.719 21.6216 3.37465 24.6664 6.04788 10.781 10.086 19.2732 7.19042 13.6224 21.2591 10.5864 15.0595 5.19504 18.7495 4.95999 8.88989 19.7559 17.215 16.9535 9.05391 14.5093 21.9212 17.842 2.91812 6.95065 4.21257 5.85516 6.49102 24.5633 18.3988 6.89506 3.11184 13.1192 21.3082 16.982 17.9302 7.3331 13.2569 10.1792 24.4271 12.6198 16.6834 23.2458 9.22635 14.2055 16.1999 13.2686 3.94763 12.3425 6.30943 17.022 5.35025 4.87691 23.0387 15.807 20.018 18.4208 13.2372 12.0176 19.8348 19.3771 2.79256 13.6876 22.002 8.56817 12.5114 5.76361 12.3456 18.2183 2.91652 9.3586 15.666 22.5392 16.7102 15.2327 9.37689 20.6691 12.6532 5.25311 6.68712 10.7161 9.60996 5.58218 5.57205 23.6535 12.0099 2.84434 17.2867 3.32032 20.4745 4.52131 5.66977 16.2743 3.86071 7.32589 18.4885 15.2488 23.9699 19.8043 4.57465 22.4629 6.67353 15.4168 3.0018 24.0355 3.20395 7.34761 18.053 14.2525 7.86209 8.79197 18.7302 20.9376 18.3906 24.9731 6.55381 10.6771 12.7631 20.6369 5.40438 22.6473 11.1396 9.27531 7.15424 24.796 9.23802 5.3283 19.3408 
1.0
2.79601 1.84269 4.26224 1.42379 4.75549 4.8595 4.47741 1.63437 0.581356 3.33752 1.20705 0.608501 4.40852 2.19638 4.57134 1.04022 4.53967 1.40413 3.79887 3.72516 1.68442 2.45712 1.71283 3.81872 4.25513 3.979 2.8989 4.33845 0.969261 2.1889 2.80473 4.16047 3.00854 2.98871 2.52112 3.26014 4.98459 2.91951 1.99474 4.94677 1.96137 4.23717 0.922629 3.84254 1.78409 3.35705 0.578194 2.35555 3.46488 4.41785 4.31896 3.89696 2.37509 1.71463 1.02591 3.09234 1.99416 0.750933 1.22444 2.23713 2.96522 3.66008 2.13702 2.24622 3.20724 1.74557 0.917471 1.84772 2.33394 4.39067 4.31683 2.7708 3.62917 3.08707 1.03093 0.677753 2.32914 3.33279 2.4796 4.59013 2.96108 0.649102 1.26746 1.55907 4.98872 1.96669 2.57642 3.82972 4.01429 4.63089 4.73979 0.74981 1.7872 2.77614 3.24802 2.17242 4.76938 0.819471 2.43611 4.60282 4.50724 4.82321 1.10261 3.83946 0.560266 2.97683 3.81035 2.35916 0.736276 4.9479 1.61871 4.69634 0.883293 2.85217 0.997582 3.06652 4.98808 4.59288 4.17298 4.98383 2.33131 2.31908 1.65427 1.62274 2.94935 4.25322 1.69305 0.673902 3.15275 1.63776 4.42366 4.44417 4.85129 3.55106 3.93536 2.95069 0.935735 2.34223 2.52611 2.25922 0.966185 2.43533 3.388 4.81648 4.91711 2.25252 1.97437 2.52676 3.72898 3.50647 0.798506 2.8226 4.41658 0.61188 4.91399 4.4796 0.983893 1.96612 4.82673 1.92544 1.39574 4.34902 3.08859 2.29295 4.85595 3.69182 1.32267 3.46739 3.64222 3.96526 3.93022 2.87785 2.74761 3.93676 4.72925 3.28278 1.07869 4.5468 3.77469 4.29967 3.96031 3.15442 2.61025 4.42886 1.69702 3.90187 2.7019 2.32153 1.94109 1.44835 4.80302 4.04175 1.11729 3.32297 2.50116 2.57276 0.654132 3.14681 3.69642 3.81737 2.77193 1.47409 1.26154 2.3424 1.57736 4.50253 3.13358 3.61744 3.21477 2.90286 2.58721 4.9976 0.824029 0.517389 3.43975 0.700432 1.05512 0.677817 3.43774 4.02709 0.8893 1.89212 1.07517 3.57748 2.5169 0.650586 1.09344 4.20968 1.02182 3.60103 2.91284 1.9934 1.12264 1.84309 1.24573 3.40767 2.22031 4.0917 1.14139 1.03259 3.50262 4.95974 4.71243 2.48531 4.35514 3.10971 3.29291 2.35004 2.32896 4.02469 4.27809 2.8523 4.41492 0.648312 4.89577 4.52725 4.37465 1.64398 0.659351 0.632189 4.87807 1.52316 3.75246 4.55319 1.19769 2.89281 1.59527 4.45587 0.709414 3.07201 1.84243 4.9303 3.95012 1.32767 4.06264 4.88004 3.48175 1.97943 3.8499 3.90537 2.81214 2.12363 4.61633 3.43061 3.62244 2.22652 3.31671 4.82558 4.05119 1.33649 1.8546 2.27123 1.28501 1.66558 1.42014 4.1194 0.705989 2.29 4.50946 3.9967 2.34567 2.21987 4.37575 2.90257 2.89568 1.58807 4.66199 3.55143 2.02499 3.20826 3.96524 1.70904 1.75387 3.252 1.58267 3.77292 1.1344 4.795 4.1892 0.846964 1.98771 2.48263 4.19671 0.56019 0.947804 3.56437 4.04503 1.87961 1.56202 2.0476 3.1744 0.667262 3.69817 2.72041 3.92973 1.23136 4.0083 2.79356 2.6464 4.6216 0.699096 0.911637 4.16774 2.91862 4.8589 4.28331 3.54413 4.26756 2.09141 4.68074 4.66377 0.90582 1.70601 2.0581 1.56505 3.93489 4.71472 1.53929 1.18062 3.08636 0.885813 4.02475 4.26302 2.23212 1.60404 1.66744 0.742045 2.38856 2.78754 2.96793 4.26364 1.96507 1.61134 4.23866 2.16056 3.0066 1.78755 4.18731 3.10455 3.18031 0.652138 0.869385 4.69026 2.75651 0.808409 4.75981 4.70077 1.83358 3.57707 2.6938 4.30471 3.55713 4.50298 0.92677 0.935081 3.08326 2.16851 1.06347 4.5997 0.536007 4.56352 1.10619 3.37328 4.20885 3.76209 1.37212 1.82114 3.76043 2.15572 4.02991 4.10457 1.1544 2.49334 4.00528 2.51785 2.59335 4.47783 0.505848 0.706863 0.69698 1.16925 4.41503 1.81941 3.17432 4.44471 3.30517 4.33713 2.24014 2.76483 3.31969 3.33902 4.02548 1.99693 1.67452 3.94671 3.23235 3.04474 4.52853 4.20126 4.28251 4.03486 2.47322 3.62167 1.21048 2.30982 4.89148 3.69499 4.05058 2.97773 4.9355 2.54812 1.46823 4.76869 3.37384 4.05117 1.3853 1.44772 3.55765 3.10254 3.34963 1.03437 2.25598 3.34563 3.8987 2.07903 1.11029 2.06713 1.16744 1.24579 4.95806 3.02701 0.990158 2.95201 4.77554 0.970134 4.24665 1.81445 1.4897 3.0695 4.70239 3.15217 0.90923 4.05116 4.09292 2.79593 4.52475 2.75071 1.70237 4.95432 2.92812 3.85152 1.18605 3.88652 1.10093 2.5545 0.887316 3.63164 1.32209 3.92958 1.39842 1.54479 4.44458 2.6988 1.11564 0.889735 4.79136 2.20106 4.53846 0.738177 3.42037 2.78848 0.562903 1.42574 1.50871 2.40441 3.01908 0.814536 3.10597 2.59311 2.70276 1.6124 2.50666 4.19107 4.15118 4.99876 3.49179 3.94988 0.912937 1.80716 0.689663 3.34088 4.06206 4.01436 1.80567 4.79135 4.70618 1.78621 2.97138 2.10238 3.23889 1.33001 4.96261 3.29835 4.0862 1.80362 0.536806 2.65811 0.697175 3.53117 2.63943 3.17776 2.52866 4.77539 3.22955 1.71502 2.77421 2.81664 4.47454 2.06536 1.5871 1.58853 3.06397 4.2197 1.54753 1.12017 1.89259 3.5537 4.62391 2.53515 1.86245 2.19881 3.87837 3.85702 3.05421 3.34486 3.66629 2.37155 4.01755 4.22435 3.08012 1.29554 1.43072 3.52834 3.3872 0.502295 1.37926 3.00401 1.2118 0.553763 4.00381 0.983855 1.2113 4.28928 4.26715 2.59651 0.996475 4.72099 2.09027 3.9092 4.54595 1.98585 1.60765 1.75191 3.36477 2.10436 1.79169 4.47307 4.13713 4.29584 3.1962 0.876986 1.62327 1.60043 1.56915 2.09287 2.55043 1.55769 2.08446 1.1255 3.74802 1.6918 2.44297 0.837567 3.27694 3.05351 1.09255 4.61359 1.80296 1.06861 1.31737 3.45553 0.964314 0.94316 4.44625 2.26005 0.983393 1.37522 3.43021 2.02736 4.27262 2.82335 1.53917 3.25173 4.78442 2.0817 4.42769 1.24368 1.35536 2.41171 1.31999 2.63377 1.29442 0.980494 0.564026 2.30804 2.96541 0.855858 4.80469 4.02505 4.61352 4.80794 4.52621 1.46468 1.18599 2.16751 1.21368 2.95842 2.897 4.99089 3.88367 3.15141 1.28658 0.781534 1.23408 2.84608 2.0238 4.01826 1.66302 2.77742 0.703942 1.74007 3.90692 0.569916 2.88996 2.43765 4.04772 2.12611 0.648009 1.50156 0.639279 4.69682 2.32708 4.97691 4.70282 3.38294 0.83289 1.37488 2.84159 0.819003 4.14577 0.790695 1.72464 4.28824 4.33281 4.07839 3.18977 3.51938 4.30409 3.33209 2.21552 3.41505 1.06306 2.42403 1.01246 1.46184 4.20106 1.34915 0.983466 2.07196 1.88598 0.626393 1.80324 2.60662 2.59507 1.00654 0.866907 2.83095 1.84188 0.736825 4.35781 4.05063 2.14734 1.63206 2.68438 4.68017 3.00501 3.70248 2.53622 3.49277 3.59042 4.08823 0.809241 3.80185 2.46456 2.55043 1.65005 2.82426 1.02157 2.26893 2.36937 4.47507 3.93052 3.69672 4.47467 3.84402 0.82131 2.72092 2.57189 4.10363 3.46475 4.38047 2.88637 0.598928 1.1968 4.89044 1.65284 1.86884 3.33686 2.72296 2.12463 4.34921 4.35033 4.99481 4.95194 4.00742 4.50519 4.41168 1.17931 2.15874 2.77279 1.019 1.61224 3.21424 4.72276 3.50946 1.30285 2.11039 2.66209 3.33719 2.90485 4.17024 2.26826 4.88851 2.14747 3.14635 3.46665 1.45939 0.67867 0.69522 0.801952 2.78952 3.5274 2.03348 1.05384 3.90301 3.43506 3.52566 1.84667 1.00576 3.80606 1.45361 1.00344 2.68942 1.52755 1.71758 2.89378 2.6921 3.90828 1.2189 1.52612 1.96557 0.986591 1.67436 1.13408 1.29919 3.45754 4.11216 4.50685 2.75052 4.4692 4.29957 2.81383 4.13244 2.5381 4.85218 0.67338 2.30707 2.33373 1.27481 2.21567 3.03618 4.58228 2.68407 0.889725 3.63835 0.8395 3.96253 2.26458 4.7027 2.38264 1.59458 1.07458 3.60933 1.97159 1.43387 4.75884 3.60633 1.22916 2.65245 2.2448 4.69348 2.39047 0.621492 1.72598 1.06256 2.67151 1.97372 4.68384 0.844314 2.50678 4.59741 3.90377 2.91207 2.90618 3.31209 3.23525 4.99198 3.18096 0.975834 2.84612 4.82987 1.28877 4.77423 1.72107 1.16483 3.54801 0.940969 1.6541 1.25932 0.971126 4.6601 1.48534 1.23603 4.4672 2.89989 1.83183 4.47127 1.66358 3.92833 4.56255 3.79511 4.09673 2.26033 4.76751 1.74809 2.52215 0.786493 4.47107 3.64458 3.59348 2.33356 0.839313 3.6928 1.66075 4.40649 0.631626 2.42148 4.93772 3.86218 4.64638 3.66312 1.28842 4.76484 4.91076 2.34396 0.882782 4.67298 1.36476 1.33055 4.97147 2.10805 4.28927 1.08292 2.02978 4.95474 2.22837 4.86448 2.52075 1.54289 1.1557 1.2585 2.02734 4.66109 2.13498 2.74125 1.00383 4.25182 0.724749 3.06176 2.39628 2.03834 1.37712 4.17824 2.88221 4.3332 4.08077 2.50116 2.47934 2.27831 1.49806 4.19293 3.27353 4.76674 2.34622 4.27424 4.01584 4.79613 2.27278 3.78704 1.83876 3.00374 3.47508 4.26415 3.34148 0.633122 4.31391 4.25554 2.29444 4.68248 1.67136 4.66121 2.71293 2.48461 3.80271 2.62077 4.04986 2.46853 1.93255 3.20956 4.75765 3.85273 1.84499 1.69153 3.96928 1.02008 0.718032 1.57867 3.54851 2.32432 1.45208 
5.0
23.5447 3.01128 9.18555 10.3557 4.40986 9.79214 7.97611 13.286 23.5131 12.7853 16.5509 19.8254 9.03619 24.8696 23.4902 18.8553 22.0921 22.5415 14.0962 7.37952 15.6169 24.7508 23.9378 11.0443 16.6306 24.168 13.89 7.71555 23.1181 7.13381 5.41804 12.8623 9.27788 6.03937 14.8547 22.9971 5.3909 15.3891 22.9221 8.42325 16.0583 7.79445 13.248 11.538 13.058 16.1497 23.6259 24.4431 14.071 23.2393 18.769 17.1114 11.0262 7.52679 23.3091 14.8608 6.81484 21.3752 8.78878 11.3838 14.1237 20.4496 18.3983 21.0851 5.13785 18.0509 23.2064 11.9742 3.3621 13.1313 16.1354 22.8663 13.812 18.2412 17.4301 3.63817 5.32365 18.6587 2.87128 19.7924 23.7329 8.94922 13.483 22.5768 19.6735 5.70818 7.98427 5.9112 9.74464 2.73441 9.23444 21.3709 19.7971 14.8856 15.9234 17.4765 24.0893 19.3655 5.75536 9.54027 4.06187 8.19199 18.877 6.31976 2.98173 5.59809 17.7997 19.7273 7.70501 16.6134 7.56609 11.3468 6.30938 8.07779 22.4103 12.0066 7.84535 23.3367 12.6629 20.6594 12.9568 14.3678 3.14968 8.81863 14.1206 10.0896 16.8344 19.3016 14.2555 24.6017 22.4561 10.529 7.44981 9.10633 7.41042 20.1315 23.0586 16.2617 7.12465 6.61259 19.4201 3.2175 12.1775 10.3181 20.9406 4.58098 11.9129 14.9625 14.7993 11.5658 5.7973 15.9621 23.5219 18.5717 16.2721 14.3243 4.673 23.4462 24.3497 14.8435 16.4186 15.1779 19.2032 17.3548 7.7067 5.27124 15.5016 12.2924 9.31755 24.0533 4.73746 14.3065 17.0331 3.16153 9.30028 10.1858 5.67545 5.46408 3.04276 12.3366 17.7643 3.66087 24.592 4.06928 23.044 6.31685 22.1544 12.9407 10.129 2.57671 3.56506 8.40364 6.51931 6.81127 7.83102 17.5125 15.7345 11.9455 21.9187 19.9362 17.817 20.218 11.5357 16.0273 21.9545 5.12281 9.65636 9.19777 24.9715 18.2817 4.04182 3.85154 21.9404 24.9991 17.504 7.62376 12.661 19.7483 9.66395 4.1765 15.2595 5.33946 16.4539 20.3012 8.15702 4.51869 21.114 6.07769 14.1564 2.74955 17.9327 11.84 22.8992 13.4257 9.9819 20.6988 10.4407 6.76548 19.5953 10.3699 22.1951 6.13762 10.3419 8.06065 15.4989 3.06933 24.243 14.6616 13.0446 17.1854 5.4833 11.9956 15.9319 19.8295 19.3669 19.3736 2.58986 2.61617 22.7664 8.20637 24.8168 22.1659 7.31677 23.4238 7.19011 7.27039 9.10346 5.45015 3.5947 14.7405 18.5941 21.4861 22.1211 22.6852 4.56487 17.3477 14.5823 14.9725 18.2707 23.6118 19.3999 8.12189 6.60985 17.3177 19.1094 9.37861 20.5323 12.9763 18.7346 7.21911 19.9425 11.6352 18.7812 5.53866 6.34654 21.7507 6.5993 22.7703 21.9928 5.61636 22.3654 22.1856 4.25712 10.0984 18.4332 9.62684 24.0224 20.4272 18.3041 17.4211 19.3017 20.7965 23.9659 8.22564 2.85593 3.01784 20.3517 2.55555 12.5556 24.4828 20.6669 13.7422 18.2365 11.6813 6.33638 4.07387 21.3001 18.0268 20.3201 8.36815 20.8071 24.7379 20.0479 8.72543 14.8162 16.0267 18.7238 21.7145 3.2162 24.8441 8.74925 4.23954 3.30272 2.93097 16.0153 16.839 21.8488 21.4269 3.81443 3.16579 17.4199 3.28469 20.1207 6.89937 21.6827 11.2424 14.4902 4.83936 3.45808 22.6013 10.8294 19.9309 4.26883 12.0606 17.2836 7.97136 16.6307 16.3593 21.9939 24.2493 21.3379 11.9738 18.4738 6.36414 14.993 22.1234 4.35447 16.9786 16.5308 14.331 9.74965 12.7517 18.9858 4.79165 8.98914 5.70403 10.255 20.797 19.4719 20.7648 6.60339 22.4667 16.388 18.2497 20.1651 20.0363 12.06 17.5216 16.6872 15.4523 18.6532 5.58164 9.769 4.52256 18.0048 24.3429 10.3444 5.87514 17.3233 20.3353 22.659 15.4722 22.0055 8.09225 7.99124 10.4314 4.32363 18.4688 7.36748 13.4038 14.2317 23.1415 7.0215 3.7581 16.0402 4.04034 7.84795 24.322 24.711 21.4612 17.6 22.4299 13.0201 22.1114 22.0811 21.527 5.84091 5.8357 14.0809 4.58058 12.7956 22.2745 23.8056 15.5478 13.0262 8.70355 4.55151 17.6497 3.33448 20.3056 12.3742 14.7023 8.44111 9.12298 16.0003 19.2541 19.6142 17.9426 23.2346 13.7805 7.91635 12.8621 17.6106 6.18451 23.3218 18.2878 9.03553 10.8543 8.45158 3.11422 7.17921 11.5272 13.1788 24.3356 18.8575 7.21088 11.3525 9.3383 13.1595 17.4104 5.89065 20.6257 23.0689 12.9125 5.9929 24.2241 12.33 8.37613 22.7215 5.52073 13.807 12.98 4.20229 16.2828 10.5882 7.8765 14.194 6.60902 21.0838 6.70224 12.7776 15.562 16.8683 7.89549 15.4139 11.7326 22.0168 7.56997 11.6209 24.9861 22.6854 16.6955 14.5198 18.1397 13.1857 3.83503 5.00092 4.82196 9.80352 22.1888 6.7578 19.7633 21.1122 14.6944 10.9411 20.2689 8.52912 5.9343 9.18135 22.623 5.8671 17.0993 11.2311 12.1742 4.12968 7.75907 13.4758 20.8536 17.8005 13.1892 19.5644 23.3733 6.37704 16.0048 11.9083 23.3576 22.3981 13.351 20.3003 3.15515 12.2159 20.8996 6.40211 18.5831 23.262 24.9031 2.85125 22.3527 19.0574 6.05444 23.2369 12.4267 10.7168 23.9043 24.1951 21.5582 21.1972 13.0846 20.8729 4.26118 6.04041 22.5883 7.01206 14.9631 11.8595 9.35658 5.90106 13.5885 21.3201 7.42218 15.9472 7.32425 13.3649 8.85945 19.6173 22.3174 24.9334 17.7911 21.9975 6.55332 22.9244 18.7015 17.7226 12.6666 2.65412 5.30688 10.024 19.4327 9.05737 13.7318 3.14748 10.6922 24.3833 13.7425 24.3893 7.95564 3.63541 6.7868 7.00193 22.9409 24.0052 4.5908 17.7192 8.79162 19.5506 12.0619 7.64985 23.7276 12.368 3.24889 20.2907 10.8766 19.0089 14.1081 12.9089 15.5382 3.39015 3.32698 22.5434 18.6286 22.4488 9.95346 12.8753 5.05774 13.291 11.5826 20.7174 8.28767 20.5848 11.8497 5.87328 7.32276 20.4471 8.47973 23.1149 24.8814 4.57538 10.6439 7.53001 10.4995 20.8727 4.37265 16.9879 14.8155 24.3172 12.275 20.4752 13.7868 21.826 11.3153 8.55012 24.0885 4.86292 12.3954 9.66598 3.44332 18.5403 20.4951 23.6142 19.6329 18.4651 21.6175 18.3362 24.4412 21.5794 7.79238 23.8542 8.77968 22.2443 6.38532 19.5717 10.2434 22.319 12.464 8.69248 6.84935 6.48293 15.471 21.0095 23.2064 9.05273 18.953 10.312 10.3668 13.5433 19.5967 17.6627 5.60869 11.2226 24.3219 4.29357 20.9017 4.91126 4.18059 17.8706 8.80274 14.2755 21.3127 5.87813 7.03417 3.86481 22.7091 7.37245 22.9935 15.1437 9.53032 14.3538 6.94467 18.7673 8.23295 9.00821 15.1409 15.8513 12.2518 8.06817 11.6296 16.986 17.9891 13.0425 17.488 22.7447 8.86056 12.5655 11.2415 16.9357 11.1473 3.11476 19.2131 6.3489 7.90533 16.8489 24.5545 5.74668 14.6812 10.3136 21.2087 24.3483 13.2843 7.76756 21.5546 20.0589 24.8657 15.3768 6.48322 12.6926 18.5541 10.029 9.15501 7.43977 4.39792 14.016 6.18953 9.82805 6.86414 19.3362 10.0363 8.42809 20.144 20.366 13.7775 4.05301 24.0153 8.64989 24.6122 6.70222 4.01084 8.56014 17.272 11.4992 9.64433 7.57559 21.1193 9.87366 14.4423 17.4294 14.6755 24.7375 16.5328 7.37603 21.3329 23.4055 8.54112 13.3274 12.4962 12.0091 8.04132 6.60824 11.9072 7.65578 24.8154 6.08021 7.40037 12.0812 21.1683 17.3858 18.8404 20.5462 11.5501 13.0607 18.4909 9.72796 20.2344 9.76593 7.56539 5.85512 20.8037 6.38856 12.7095 19.3369 3.6914 19.2619 13.6649 14.6366 3.02993 23.2549 15.8649 16.6393 4.05635 12.4802 9.21169 4.76343 12.3239 11.8719 4.28537 11.0666 3.47061 5.88235 22.2342 6.09566 12.2942 20.5477 4.59697 11.2309 12.384 10.1728 14.3067 21.2742 2.55919 9.88576 19.126 18.5314 18.8638 2.81061 11.2645 22.1391 15.8686 8.11005 24.427 3.88502 11.029 18.6468 14.5445 19.2732 8.35026 24.5143 20.4356 2.58251 5.10903 21.1866 8.15057 24.6703 2.88149 13.5371 17.7463 12.2694 11.6282 4.47666 16.2436 20.0292 13.0858 24.4611 8.01529 9.05174 7.21477 10.6172 8.85694 20.6712 17.9545 19.2383 7.48831 14.2275 24.5346 17.8992 15.737 10.0845 9.59315 10.9395 16.1535 9.14211 22.8509 14.5667 20.8081 15.0923 24.0933 5.32867 5.01924 13.1696 11.7077 10.7041 19.7634 6.64586 20.5288 15.5634 21.5169 9.81854 22.7393 10.7479 15.7794 8.74372 13.078 15.0188 8.02873 13.463 19.6042 14.1245 20.8573 10.4746 6.26936 8.23791 8.54073 6.69845 16.0443 21.5121 17.7875 18.6859 3.35398 17.5059 20.9204 18.3228 19.5687 24.2279 17.7402 3.77751 20.3016 7.55003 12.3197 4.44237 3.26326 21.7403 10.9808 8.61989 15.4225 18.3643 7.70259 5.20268 18.2242 22.3062 13.2105 15.5977 4.61373 11.159 3.9983 14.6446 19.1176 4.23333 5.03085 21.7782 24.7311 12.4359 24.8788 13.6852 10.3629 17.7671 12.0349 7.20478 12.5855 16.1873 23.6618 8.72374 17.9429 22.6029 10.5219 21.3154 4.56457 4.22117 16.8385 8.37267 21.8367 23.5239 18.8384 4.98582 4.37919 17.1108 20.7265 5.81349 6.57987 9.16212 14.3425 23.1985 13.9352 
2.0
8.14855 4.43285 8.0348 2.3379 1.63362 7.74827 1.63457 3.91567 7.08487 5.81163 8.58257 9.71587 3.62825 8.10574 9.23286 8.56936 7.12939 6.71526 2.18603 9.30095 7.86842 8.0533 8.84876 4.90326 7.10932 2.60756 8.13801 2.98014 4.06384 3.20593 3.82963 9.95955 9.74994 3.30174 4.0516 9.57604 2.24472 3.77846 7.42169 3.12274 7.83192 4.77393 9.32982 7.97285 6.54395 3.02415 5.86473 9.87068 8.59847 8.22661 8.88541 8.49227 9.22941 1.9231 4.73686 7.77547 6.41263 5.4021 5.11053 9.51958 4.98608 9.12072 5.54921 5.75451 2.66445 2.14607 9.09647 1.37952 7.44838 7.11626 2.59066 8.57141 9.92824 8.22094 7.10341 8.46233 4.98233 1.70125 9.02262 1.58702 4.36978 2.36945 1.28011 7.59971 8.71779 1.64797 4.22366 9.76038 6.40357 7.62806 7.63368 1.69077 3.83069 9.64795 9.38433 5.8997 1.60003 6.89048 2.24926 5.57806 2.07526 6.50042 3.35182 1.16332 7.84277 4.72111 4.75979 7.17349 6.56625 9.55083 2.72472 2.81073 9.73574 1.41853 2.0657 2.83435 5.81118 7.37927 9.19774 1.2035 3.26054 5.32899 9.30464 7.98925 5.99251 4.73899 4.15643 4.05629 6.6836 2.40985 7.07127 7.01413 2.49992 6.74487 8.52193 9.93781 1.7134 9.04311 6.88687 4.35821 7.71254 5.31187 9.84567 2.0218 2.90774 1.09882 1.91917 5.92 9.03112 3.84353 8.65408 7.08801 3.33091 7.24864 9.95204 2.67323 1.16032 8.17046 4.04338 3.77315 3.46098 6.52922 1.60521 1.54286 2.6409 1.73876 8.52424 4.07193 6.34696 8.15577 1.80398 4.53105 2.63195 4.04857 2.11655 2.08797 6.01608 7.58546 4.499 8.09314 8.94313 5.3425 5.69414 6.0348 5.13099 7.83095 6.63595 4.76361 8.31688 2.54412 3.57947 9.48685 7.89698 7.02384 8.37527 5.03208 9.96067 1.44642 3.3884 9.88042 6.21924 6.22814 6.56192 7.46927 1.3292 3.15031 8.12492 2.26464 4.11005 1.50379 8.44508 7.10296 5.15663 1.7531 8.52581 2.30246 8.34602 5.22007 2.64786 6.04402 3.73885 2.28696 4.65547 8.52164 3.37533 6.61914 4.38708 8.36234 9.46564 4.90737 2.75055 2.8157 9.47494 6.62948 3.94293 8.21282 2.60293 9.33167 5.31473 7.19491 8.15783 9.92935 7.37875 7.21134 6.32503 3.52747 3.46344 7.78727 4.83019 1.26035 7.51075 7.06076 1.99687 8.65115 7.51858 7.08947 3.69871 4.99078 2.1277 4.42686 8.70618 9.23635 7.85323 6.4679 2.92775 2.9292 5.46068 6.06436 3.04575 2.63242 9.98642 8.90959 1.04659 7.38789 7.90282 1.19285 3.14566 5.69291 8.92781 6.02319 5.60666 1.4963 9.97901 8.12281 1.9555 9.71407 1.77244 3.28999 8.08876 7.76457 4.56564 6.13156 1.77659 9.62326 2.54546 2.56485 6.06027 5.89695 6.36029 4.58923 6.0442 8.41752 5.29685 4.82717 9.58243 5.85532 2.60151 6.33477 4.3598 5.85195 3.44614 6.18191 4.8675 6.17267 5.0385 9.30189 4.77327 7.37827 2.37715 5.11055 1.18603 8.51655 5.15087 1.39506 5.31513 8.33324 7.28269 2.97205 8.02407 7.50254 3.61835 2.61548 3.77877 7.37714 4.25934 6.75384 5.49039 9.75778 6.04051 1.43705 9.75267 4.18231 6.65212 7.07279 6.97375 1.23438 2.90651 1.43237 4.90263 8.37153 4.64924 3.42619 7.05005 6.77294 5.8148 7.14867 4.504 5.70657 7.12682 4.69274 3.63964 7.91601 4.94286 3.23384 4.22389 7.52665 4.74365 4.88349 4.41447 6.97158 9.76695 7.81237 1.15344 3.43688 7.28586 6.14288 8.45538 3.32654 2.03177 2.11134 8.08999 6.2468 2.26169 7.99963 8.15929 8.01015 7.97026 6.3364 7.06933 9.15879 5.7462 7.8678 2.39644 6.50757 1.77329 4.79774 4.14796 8.20659 7.47599 3.79771 2.9176 4.82324 9.30939 8.28607 5.43524 8.94378 8.19394 8.47694 7.01132 5.79447 7.09447 1.69859 4.37571 8.38222 5.24394 2.48132 8.41115 5.65481 3.51157 1.91496 7.28123 6.18057 7.4156 6.77585 1.45286 1.84762 5.28055 9.92332 7.11328 9.08271 7.03899 4.46577 5.48165 3.08948 4.17787 1.19621 4.51512 1.6063 8.32935 8.79743 1.50943 5.68368 2.00625 8.31658 4.09408 8.98116 3.98185 7.40937 6.12199 8.08373 1.81445 7.85375 3.95372 9.33782 8.01627 7.83319 3.63624 9.70679 1.36699 7.4894 5.47613 1.14597 9.87176 4.24464 6.50747 2.99719 6.86383 9.39354 7.35409 9.90293 2.75157 9.46449 9.98653 3.73988 3.91017 2.8505 1.87334 7.07214 5.21775 8.2096 3.0271 2.6239 2.7361 4.13486 9.44479 2.27163 4.03588 2.59381 8.44287 9.05587 4.6664 8.63749 7.38673 2.71249 7.26985 5.87899 8.31481 7.22349 6.8402 8.2415 4.95711 1.88736 9.62649 2.47597 6.64837 4.40897 9.18075 1.94819 3.6357 6.50891 5.05039 9.19553 4.28072 9.55252 5.61514 8.75308 4.65635 2.69829 1.56857 3.7494 3.03797 5.06586 4.54402 1.77181 9.78924 5.42362 2.38522 8.50118 3.1424 1.89567 6.56131 6.61623 6.37307 2.18849 7.22646 5.46739 2.86966 6.83704 2.42397 4.02024 8.59727 6.9704 6.93499 6.56838 9.45606 1.097 9.27166 5.71589 2.03429 8.40927 7.31489 9.12934 7.25573 2.10796 1.09656 6.55927 7.42177 1.24588 1.22633 7.63128 9.14789 1.59121 3.46299 1.90655 2.69481 2.01038 5.93026 7.71199 2.19405 4.87038 1.47723 7.23989 9.26814 3.96074 3.68319 6.41704 3.54524 9.43491 3.00718 8.04348 9.56841 6.27126 1.58187 1.70071 1.59927 3.75355 5.15213 1.92948 1.81637 9.471 3.65804 4.17703 7.4079 4.33782 7.96246 7.014 3.05912 4.13231 3.22315 6.12071 9.33413 5.05549 3.40938 9.5431 9.45233 6.80926 4.46311 6.71812 1.95935 9.69406 2.60466 3.76872 3.79247 8.22613 1.28296 3.5683 8.24065 3.77422 2.27032 7.07472 1.29903 4.71591 3.40167 4.43389 4.91799 9.61337 7.45842 5.3528 7.64674 4.90876 1.69681 5.24216 3.17143 8.63904 2.52074 8.62851 6.24782 2.67046 7.79928 6.33592 5.52841 9.95241 5.32851 9.93719 1.78419 6.29094 5.93808 3.97456 1.02088 4.14175 6.74216 9.45001 2.98969 6.92272 6.035 2.085 7.59263 9.34595 2.33101 4.84988 7.68234 3.26938 9.04935 8.26266 8.75646 2.56792 8.34305 1.95746 8.04651 1.52407 1.57269 5.02243 9.50138 6.23815 7.9246 9.60715 7.16521 8.55797 6.67357 4.29968 4.44993 6.02812 7.59011 9.77302 1.80226 9.35874 1.99223 5.2012 2.26529 5.91381 5.94181 1.94484 3.43455 9.71904 2.08536 8.00622 7.30862 4.48919 9.63949 4.754 7.53428 9.175 8.02078 3.41733 3.5462 9.52964 6.62023 5.84956 1.10113 3.19466 4.22223 9.0615 3.70668 9.80549 4.56808 4.02415 8.44455 5.61647 2.56403 9.24103 1.68835 3.14545 8.63383 8.58999 4.21595 1.3378 7.71585 4.93456 8.21631 8.75012 1.40471 5.00486 8.69092 9.25335 2.73744 3.04801 7.74971 9.75545 6.12415 3.74808 5.3015 3.44367 8.9233 7.91558 7.639 6.04622 8.16144 1.44647 4.41835 7.61363 3.89749 6.05071 8.53315 6.31951 4.73156 7.25034 1.38303 2.78091 3.9583 7.14708 4.03683 4.39818 2.86479 8.45947 8.79019 8.21442 4.67297 6.32955 9.61773 2.79436 1.62654 1.39906 1.0198 2.62285 4.72247 2.65518 3.76368 2.52289 3.587 6.54576 5.01939 9.59311 4.99617 1.86418 6.38995 4.16486 1.54091 4.90359 4.33627 5.2788 9.9366 3.38087 6.49647 2.18102 3.47726 2.62994 7.39978 8.33871 4.13417 7.56472 9.075 8.4753 5.79906 7.91156 1.05346 1.12525 3.17187 7.21124 3.26645 6.20825 4.793 1.0905 5.33732 6.12301 7.72006 8.30304 4.768 4.86056 1.34924 6.04014 4.52007 2.63714 4.88112 8.01074 1.49042 7.54651 7.93109 1.79111 6.38133 7.7319 7.78424 1.94399 9.46524 7.57744 3.79478 7.40731 4.74386 6.41911 7.43009 2.65241 5.00199 5.27525 9.45914 7.11185 7.25577 1.0966 7.7856 6.37663 3.09545 9.03585 1.42536 3.66307 2.42278 9.23674 9.12866 7.04917 3.08284 2.64268 9.1467 1.98048 9.89044 9.32489 2.64284 3.54552 8.55107 4.83012 7.24824 4.02074 6.97633 6.04785 3.26213 9.18503 4.49395 5.09703 7.99656 5.90367 1.45229 7.73238 3.76567 9.48194 8.71943 9.77019 3.01952 6.28818 7.5767 6.03366 3.12246 3.14635 8.50684 9.31778 6.27596 7.99827 6.37664 2.87375 1.08609 9.33517 7.51408 1.91289 9.27541 3.89901 7.18013 3.63011 4.03948 5.15312 2.93488 1.24694 1.54785 1.02252 3.3984 3.57402 6.0896 9.4037 9.906 1.5932 2.36343 1.94393 2.55807 3.5591 8.41221 6.59016 7.16447 8.12026 4.70216 6.40737 4.58339 9.95977 4.84653 8.1665 1.95482 6.45549 2.47371 6.20193 9.32848 9.85972 5.74004 8.03842 7.18632 6.49852 1.98704 9.28766 8.35954 2.49041 1.04318 3.3143 2.84015 7.48474 8.67021 3.17152 5.98707 5.91951 6.65404 8.30618 7.62671 1.29875 7.04008 1.5334 6.54813 2.98942 5.01316 7.78076 8.89276 5.03784 5.922 3.10203 3.93854 6.5057 4.94818 2.46035 2.77872 5.8255 4.91961 6.78103 9.3951 9.6756 4.76861 2.77383 9.62585 6.87482 8.13447 2.02482 9.52784 1.79649 2.61056 6.85768 1.6335 3.80207 4.1359 6.46464 7.60223 4.19435 9.03143 7.8069 3.76632 8.19009 2.18061 6.78453 4.07141 9.41226 7.85469 3.17603 
2.0
6.18264 1.30178 9.97962 6.02175 7.02676 3.97036 4.38839 8.47665 1.95006 9.43428 6.4997 9.19101 3.05505 5.2251 7.08171 8.37863 8.49637 7.66692 7.59991 1.93376 3.33465 4.87194 3.51049 4.17857 2.89437 1.86484 3.30759 3.98953 8.12556 1.33611 6.82447 2.80266 3.46944 5.52432 1.28864 3.99776 1.72797 7.7272 6.63079 3.16147 5.43726 4.94173 3.54775 1.72929 6.24497 9.13309 9.81925 3.50645 8.79152 7.63248 3.37861 7.56777 2.59526 3.16393 2.63743 2.03634 3.44156 2.99993 2.56404 8.24115 6.77577 6.74604 5.01597 8.75363 1.60011 6.25437 3.82626 6.80308 4.37445 2.16592 1.1437 5.571 9.421 5.58196 5.52701 1.86436 4.33291 2.36413 7.29286 7.66775 9.88679 1.56365 7.61783 5.07442 4.95911 1.47926 6.89429 1.09628 1.94652 3.84418 1.84018 6.85275 7.19009 8.6419 4.86265 8.63852 5.90342 3.05095 9.17569 7.37031 3.10466 3.01853 3.17158 4.91236 8.05252 7.96303 2.54631 4.78102 2.68605 8.10553 5.67889 4.72811 6.56845 3.93009 2.76454 3.70321 8.83467 6.27308 7.20181 9.69493 5.64306 3.5413 5.73362 7.95101 3.63076 8.55911 2.84214 2.07732 2.87314 9.54435 1.89769 6.51585 8.84708 9.71328 8.56143 3.9015 5.89814 7.01434 6.94204 6.79788 4.71167 8.49088 3.00624 3.31191 6.28782 2.77274 4.74327 7.08743 3.92046 3.19679 6.58327 9.17762 9.67998 4.05633 9.5695 7.29643 1.90002 7.47944 9.78458 8.9488 5.16812 8.43618 4.53054 3.93988 1.32024 5.37475 2.76281 9.76314 8.9392 4.98654 8.27813 5.3673 2.85704 7.60006 7.15633 9.80232 2.16126 4.70383 8.95608 4.24415 7.20501 2.0981 2.16446 7.89846 6.12115 1.17556 8.40053 6.28327 1.34019 5.8309 5.87268 6.39051 6.61224 5.49929 5.59007 7.22639 1.03271 1.82378 5.82779 7.23078 6.57208 2.45157 9.34603 8.07547 5.60948 4.45925 8.86313 1.3413 8.97015 7.90688 8.28256 5.57425 8.96691 1.02101 3.17376 5.22035 1.94547 2.50659 6.00693 2.93962 3.83362 3.48782 3.64168 9.79882 9.19439 2.57787 4.56966 4.84312 6.28308 3.57751 9.411 3.54672 7.60821 7.30269 8.16475 5.64233 1.49636 2.04092 8.71314 6.8296 9.16092 2.13672 2.07985 6.86238 8.77479 4.2058 3.94205 9.51499 1.04689 9.47829 5.89647 9.92732 4.80268 8.7708 2.97935 9.82886 5.06853 6.58736 2.9402 2.14164 2.16 7.84938 3.76959 1.46205 4.27404 7.75441 6.98083 7.92165 4.08508 7.26381 8.14542 7.92674 6.84505 4.71943 5.18262 7.27699 6.4873 4.08905 1.90275 2.16286 4.23438 8.34085 2.30448 9.54202 2.2098 2.44673 9.12601 8.39456 3.55365 2.51451 4.15013 3.35728 5.54215 4.5491 4.76328 8.23666 8.21107 8.34255 3.26834 7.90096 6.98309 3.99297 9.45154 2.05106 9.79905 6.5524 2.9031 9.37032 2.25315 8.30362 6.59185 9.55324 9.23196 6.16573 7.19379 7.71314 5.55744 9.72881 5.6745 9.66865 4.13379 7.41736 4.62546 2.60917 2.09826 3.28268 8.85429 8.6392 5.47584 2.92422 7.72892 8.70158 1.83786 7.03971 6.77564 2.37967 2.46446 8.10433 5.03102 1.07839 5.51108 3.67866 3.64784 4.08418 1.6787 3.84567 5.2548 7.00391 8.8881 1.27651 8.57024 2.08263 5.458 7.42522 2.76969 1.90024 9.28708 6.35242 2.1074 9.94713 1.53994 1.67782 8.29172 5.57864 5.33691 8.16168 4.11437 1.84847 8.94788 1.41516 9.8337 9.72101 7.98987 1.23961 8.81178 3.16254 9.12868 5.09472 7.90543 6.61135 8.78432 1.19559 3.11114 3.32679 5.34039 2.73872 7.96389 2.11719 4.35742 8.7569 5.18994 5.9467 3.28997 4.10303 6.11343 3.92103 5.20781 3.06276 6.31693 9.15215 3.02092 6.09616 4.05595 3.00179 1.70833 9.20821 4.92726 6.20395 2.05104 7.44821 8.29115 2.36625 4.36867 6.0381 6.94768 6.35023 9.76012 7.62974 4.56667 3.03052 5.3481 7.191 1.37176 3.93293 1.02759 8.02082 6.57829 1.25146 5.21816 9.39316 1.08508 3.74419 7.12025 6.32988 7.92016 6.00811 5.97533 6.00247 4.94039 3.63284 1.82997 2.26274 8.28497 4.7332 6.30378 2.80239 7.08287 6.36082 5.86136 5.44149 5.91416 3.29452 8.08802 9.04588 8.52525 6.70965 4.4695 9.57345 1.29807 5.2264 7.17558 3.74937 3.97308 7.83686 2.34758 4.87015 3.12623 2.21117 4.38977 3.23671 6.89985 3.88242 8.76467 1.71624 9.48743 2.81058 9.79231 4.93308 4.87226 9.82522 6.95334 2.58843 9.32004 9.44725 4.19608 5.40899 7.12536 3.58948 6.74742 3.22448 4.1121 6.63613 1.92776 2.67415 4.38776 5.40123 9.46965 5.04209 4.8516 5.46593 7.84057 9.72151 2.95684 6.39472 2.06939 2.80789 4.22662 9.33056 3.57694 7.3211 7.02394 7.46889 7.51033 1.55635 5.07553 8.91059 8.08124 7.06407 3.24954 6.39381 2.40815 8.75875 6.08722 6.40471 5.36241 8.65658 1.58847 5.16713 7.91825 1.74212 7.75128 6.01114 9.50671 4.46376 6.3651 1.62051 2.87344 5.35818 2.55815 6.65908 5.94042 4.30365 7.59854 1.27607 1.17162 9.90229 3.44939 5.99019 2.94249 8.49117 1.57782 4.45284 5.41347 8.28239 2.51783 6.59 4.40728 1.13201 4.68712 4.62321 7.79019 8.43794 3.95777 6.46936 2.85721 8.66665 6.48091 7.01938 2.22114 3.00889 5.26519 9.79591 1.70552 7.66424 6.00922 4.48978 7.74155 4.2546 7.68792 3.8755 3.76888 5.86659 5.39275 9.60553 4.14026 9.22281 1.92586 1.38363 2.03017 8.48208 5.64813 8.0169 4.84734 3.16853 1.08116 3.84693 8.65113 4.72963 4.7631 4.05972 6.07186 1.22308 3.85844 3.37457 5.23504 1.63265 7.02169 5.61186 1.18952 2.31293 5.01495 4.63973 3.33947 6.06294 7.57942 2.19967 6.38039 8.32872 8.06077 4.11102 8.23892 9.03471 6.2885 8.3544 7.5166 9.54419 4.20905 7.53396 2.93754 8.24846 5.77303 1.21867 8.30001 8.28509 7.57615 4.66239 6.43185 5.88495 2.7542 4.40291 8.64992 8.84818 2.63186 9.23992 8.22337 8.64913 8.62545 3.0918 3.3408 9.67012 1.89959 2.23141 4.08138 3.06414 9.27772 5.40072 9.8899 6.74647 6.90658 3.30438 7.05559 5.01518 8.17459 6.98219 8.69504 8.30058 7.38408 9.56047 6.73883 3.5435 8.67752 2.88233 2.42224 6.70258 9.71755 8.51687 2.77974 5.89035 7.62102 1.64728 5.64345 6.6383 4.64685 2.33779 4.64549 3.79087 9.13785 5.67966 9.72422 1.52824 9.21644 7.31589 6.63445 5.01813 4.73422 2.84503 3.96144 6.19647 2.97557 1.60373 1.13891 4.17698 9.61499 5.32831 7.97095 1.78963 1.4285 1.19519 3.15776 9.74805 2.25884 9.74023 7.32535 8.94583 5.73465 3.15697 5.05917 1.3817 1.24349 4.47379 8.44159 1.21364 8.65884 3.10999 5.59332 6.44192 9.32091 6.3107 5.71873 9.72098 2.77146 5.96084 5.15507 7.80031 4.74246 9.27782 4.92561 5.09412 8.89868 2.88325 3.29667 6.88003 6.83415 7.75358 3.83855 6.62658 7.82261 4.54952 7.49043 7.94972 8.82177 3.8245 2.12905 4.69811 9.23155 4.61195 8.14145 4.66746 2.90616 7.89154 4.50148 2.44363 5.92016 8.4343 9.85031 4.87473 7.58834 5.52663 8.08078 5.67213 2.23962 1.07325 1.92572 3.64032 7.24473 7.57905 1.05014 6.0357 8.7979 7.50982 3.14729 3.5543 1.95236 3.53193 8.53871 2.44838 3.40988 2.13084 9.77814 1.27196 5.56404 7.10864 5.75931 6.7552 2.29759 9.46036 8.82768 3.30776 1.03357 5.12929 4.39608 6.65103 7.54041 9.14114 2.56424 8.07927 5.99093 7.61714 6.24223 2.84962 1.77522 5.16604 8.27781 8.20111 5.56747 1.15504 4.08769 3.50246 8.14665 7.35954 6.2927 4.0289 4.47114 3.49191 2.85684 2.86778 8.50724 6.1091 7.23026 1.45321 9.31162 3.39916 6.99616 7.22949 7.86764 3.34667 4.52156 2.94351 4.17558 1.77713 1.11199 9.06609 2.09682 9.78013 1.17011 9.8421 9.45185 1.01156 4.85817 8.46965 1.87225 8.37468 2.7645 8.90805 7.90658 5.58002 4.07376 9.81476 4.88011 1.08434 3.74118 6.11118 8.00852 6.90835 1.17072 2.67744 6.26547 3.8334 2.89707 8.67597 1.50411 6.47711 4.77163 8.00411 2.33248 7.74782 3.15232 9.37552 4.24278 5.17803 3.59737 9.53055 5.4946 5.6367 4.56296 9.07549 9.25206 3.92046 5.6048 4.45079 7.47477 2.72374 8.58361 5.52806 5.06282 6.4878 7.37449 2.33613 7.75558 2.62866 6.5802 2.41586 5.28446 6.64395 1.74839 8.30401 8.27953 4.59865 6.59264 2.6459 8.4301 4.48977 5.71752 8.43703 1.39916 2.98985 8.3475 3.89357 4.99177 7.06949 9.55971 2.45183 5.07729 6.99872 7.52075 5.39653 4.76562 4.22722 9.22723 2.61807 1.3372 8.64357 2.25041 7.99867 3.4271 9.71331 4.98454 7.92738 2.96282 6.99595 1.89928 7.44407 5.35616 5.54086 2.29594 7.51227 5.44891 7.66212 2.06762 7.92094 3.71246 5.59216 5.9633 4.31512 4.20132 6.51448 6.85583 1.85555 7.76055 4.4751 7.51377 5.0071 4.9871 2.67303 8.37719 5.9562 9.44505 9.62963 1.8374 3.1571 9.63475 4.73681 4.52051 9.50713 6.21588 3.68422 6.07493 9.65073 3.98441 3.26533 9.96283 5.91252 8.10344 8.06232 8.75541 4.3592 2.08802 8.51004 6.43215 8.49038 2.04379 4.83873 2.18394 7.0583 2.65958 9.39576 3.2201 5.51651 8.45388 4.84615 
1.0
4.70182 3.57826 2.15279 4.32547 4.61415 3.49741 2.33693 0.828531 2.76222 0.842151 2.42985 1.82597 4.09931 4.50522 4.71001 4.85294 2.4327 4.10183 4.68907 2.64711 2.14152 4.15488 0.779955 3.31534 2.85762 3.8055 4.05291 1.65065 3.35919 0.799087 0.829364 2.8497 4.42741 3.99662 0.863681 1.88059 3.91589 2.66144 2.36287 1.75105 4.283 2.77141 2.09413 0.927046 3.3372 2.10644 3.33028 1.65175 1.94513 0.861402 1.38314 0.914924 3.95267 0.534498 2.97472 2.32271 1.56885 2.34093 0.696358 1.61775 2.46266 2.902 3.80575 2.09974 1.82281 2.95965 1.61183 3.6964 0.630252 4.36629 1.19756 3.93477 4.89374 2.10011 2.23064 4.06292 3.59815 0.555702 1.11207 4.5721 4.1158 2.36018 4.2126 1.36923 1.33057 3.46456 2.94711 2.84974 4.22498 1.26065 2.93683 2.62094 0.680127 4.47324 1.50952 4.62562 2.23851 2.07773 1.28745 3.91613 4.57975 1.49315 3.61335 1.82886 0.959233 3.30054 2.0642 3.80906 1.35957 4.73675 0.802952 2.13608 1.10501 2.71365 1.5181 4.299 4.68877 3.11262 1.70117 1.27264 3.56313 2.60461 2.01208 3.94397 4.64257 3.74542 2.48244 1.4389 3.76967 2.59646 3.30665 1.0995 0.894022 0.620925 3.47098 3.86154 0.713915 2.60525 3.9705 2.78246 1.03099 2.85608 4.36389 2.46975 2.56775 2.42255 3.91618 3.15972 1.99798 1.09398 0.579335 1.19659 1.94005 2.42297 3.56075 3.66205 4.16308 2.52389 3.22967 0.905175 1.75606 0.896718 4.1114 2.72276 4.00982 4.02631 1.71957 0.940005 1.76184 1.50706 4.47611 4.64159 1.45409 2.44293 3.96922 1.80321 4.15359 3.87287 3.79926 2.57339 3.78602 1.47169 1.26242 4.45581 2.33209 4.27618 0.622354 3.14192 3.7369 1.68679 1.71972 1.74402 2.2821 1.99462 2.16957 2.67865 3.67103 0.683733 1.89663 2.45047 4.5767 2.25902 3.25848 0.586458 4.90266 3.34929 4.50667 2.47052 1.00676 2.33588 2.33564 4.82849 2.63785 1.75656 1.2696 2.11351 3.83528 1.23491 0.637275 2.54184 4.54139 1.18499 1.88452 2.02901 4.1768 1.54154 2.47489 3.77639 0.928675 2.26539 1.12802 4.75814 3.5018 3.37444 3.14595 0.858548 3.58262 2.24992 1.07733 3.90978 1.2661 3.96806 4.9695 0.880007 4.69554 1.90716 2.95846 1.46189 1.66523 2.8801 2.94679 0.811538 4.43603 4.54212 4.61935 3.68775 3.51384 3.8241 3.04698 4.24175 3.6409 2.64121 3.62802 4.70723 4.7501 4.1269 1.11773 3.24086 2.13204 1.64232 1.49568 2.66309 3.56509 3.31117 3.42088 1.84945 2.65831 4.32982 4.52494 3.52219 0.6572 3.80296 3.29305 4.69227 2.46245 0.854555 3.28287 3.50183 2.6115 3.7642 3.93133 2.21697 3.97299 4.8789 2.69924 4.12097 3.90416 4.55021 1.80391 2.05789 4.12109 0.846761 3.78957 1.37653 1.53184 1.29222 2.68572 3.02482 2.7825 4.8786 4.50335 3.04462 1.76609 1.60493 2.81907 1.71679 3.3444 0.791436 1.69713 2.10685 1.03271 4.91897 2.69931 4.76081 0.897336 3.24391 3.23271 0.801581 3.91619 0.938448 3.98545 1.67565 3.05209 0.506247 0.700245 4.30021 1.78908 0.723487 3.03584 1.86063 2.38158 1.85532 1.76641 2.0084 2.0664 1.39771 3.56878 0.709358 3.98775 0.594655 0.647558 3.9924 4.58501 1.48079 3.44818 0.848522 4.69348 1.19944 3.70782 2.03028 1.60801 3.84595 0.594209 3.00165 4.85947 2.58655 2.18231 3.78822 1.45417 1.80248 4.51893 2.47788 3.32614 0.509579 4.52521 0.621766 3.75229 2.30327 3.98695 4.78573 2.4805 4.57885 2.38295 4.0021 2.82058 0.777324 3.30107 1.87187 0.948085 2.40644 0.692348 2.06731 1.1711 2.08729 1.2129 3.4849 0.909817 1.37618 3.90376 2.79869 1.63911 2.11196 2.45856 2.16408 3.04392 4.0387 3.32919 1.82195 0.637526 1.9538 3.41926 2.35317 2.5928 2.63143 1.61548 0.833546 0.536228 0.771458 1.40698 1.13913 4.55494 1.72364 2.34244 4.6519 0.666526 3.23731 0.575139 1.61591 4.00182 1.48643 0.745958 1.39371 2.95052 1.11997 0.954172 4.87327 3.51977 4.58778 2.5662 2.27519 0.655516 0.991772 2.11223 3.11045 4.77689 1.71254 3.52073 1.53836 4.27339 3.56135 3.44082 0.875053 1.21497 3.20749 1.40262 0.502295 1.02502 2.13111 1.0654 1.42672 3.3663 4.35132 4.80366 1.23941 0.989648 4.67978 3.8811 3.22594 2.29567 1.24965 2.46247 1.37673 3.35929 3.06991 1.21331 2.04785 1.66719 3.35509 1.23761 3.52216 4.31814 1.8804 3.60333 3.22093 1.43621 2.11222 2.20581 3.31573 1.54693 3.36402 3.71905 3.49083 0.666226 3.72763 4.885 1.1059 4.35237 2.52992 1.39056 1.00915 1.47074 4.56491 3.58258 1.25082 4.42151 1.35118 2.77079 1.94713 0.580204 3.66473 2.86847 3.54456 1.70115 1.59727 2.62119 1.23453 4.53386 2.8898 2.67328 4.76846 4.40223 3.29164 3.72234 4.92329 0.996678 3.6949 2.51149 1.36731 3.1292 4.29419 1.40962 4.1764 3.20123 0.521923 2.32953 2.25069 4.63447 1.00881 0.733846 4.38159 1.01459 2.31989 4.47899 2.2192 3.69776 3.71589 3.24689 1.39014 3.13021 1.18995 3.31472 1.51573 1.13051 3.52984 3.91238 3.88063 3.88487 0.655418 2.91799 4.00177 4.90527 3.48163 2.64126 2.84775 0.700498 4.55678 4.44465 2.95861 0.910086 1.22628 3.45255 0.716001 3.65111 2.57173 3.59824 4.01369 1.32792 4.3754 1.25887 1.07854 1.15471 1.86016 2.72816 4.1918 4.14103 1.95471 1.27716 4.06088 3.29015 1.33423 1.5528 3.59139 3.26035 4.48652 3.56432 2.80971 0.739051 3.05334 2.5077 4.68583 4.2799 4.19732 2.17783 3.60666 1.3527 2.24416 3.71869 3.74967 0.856205 3.85025 3.46138 2.10702 4.84391 0.945667 2.10003 1.40993 1.71263 1.70261 4.95558 1.20358 1.10398 4.77915 2.07754 0.82233 4.76883 4.58842 2.43353 3.01535 1.14452 2.84322 2.93678 2.47262 3.8951 1.62593 2.56151 2.00135 1.66437 2.73387 0.796167 4.60279 1.29182 2.05009 0.68461 1.69938 4.74152 3.68945 0.705127 4.76237 2.99381 2.17016 4.73738 1.08977 2.64998 2.3607 2.86724 2.48471 1.99973 2.95214 1.77948 4.58419 4.30166 4.20579 3.48839 3.08823 3.02649 1.72633 2.15628 1.63937 4.3133 4.51029 1.24988 4.60267 3.38862 3.01988 3.78459 1.49591 2.69835 2.03226 4.90664 3.8204 2.0027 3.51423 2.56321 1.54202 3.18386 4.77221 1.51031 3.47269 0.516716 0.62772 3.90865 1.8023 3.65236 0.868154 2.25739 2.53093 1.06449 2.22304 3.91573 2.55153 1.20878 2.6156 3.96243 1.13296 0.645051 1.43978 3.14323 3.05342 2.87236 1.61259 1.15614 2.13429 4.62703 2.15194 3.52457 1.42436 1.39349 1.52974 3.80852 4.7844 0.87806 0.550482 1.90341 4.62222 1.69563 2.5052 2.17704 4.02801 2.51918 3.85079 2.6943 3.56013 3.44224 4.66473 4.77978 4.43132 1.80422 0.62523 4.66835 3.3452 2.72863 3.7667 0.993544 3.73331 1.62419 4.26067 2.36387 0.642349 3.89885 1.47209 1.27703 4.522 3.13668 3.04099 2.12199 2.66301 0.987628 3.23955 2.01897 4.53573 3.52025 1.35459 3.24733 2.27897 0.787229 3.84538 1.01128 1.58939 3.85385 3.52693 2.79362 3.76108 2.03936 1.02858 0.54719 4.12573 4.62118 3.27805 1.47437 4.64306 2.75207 1.26084 2.64439 2.39164 2.3401 1.30506 1.69852 1.21024 4.14162 4.14159 0.893195 3.73937 0.817018 1.4897 2.23103 4.11337 2.19942 1.418 4.92967 1.55283 1.0263 3.73083 2.97859 1.10736 2.8839 4.13 3.03377 3.79885 1.11465 2.40195 1.90023 1.91504 2.43738 3.38031 2.35251 4.20349 2.0305 3.93376 2.04298 3.21596 4.82801 4.22945 2.74809 4.05322 0.778434 0.521624 1.70249 4.26015 4.31664 2.21577 3.27104 3.6213 2.79854 3.45811 3.7087 1.10686 0.648712 1.50046 0.75836 3.71895 3.97085 1.09053 3.33648 4.48837 1.87117 2.63757 3.05669 3.87169 0.744678 3.40343 4.34126 4.79875 1.27433 4.96902 2.87043 1.62057 1.39308 2.22613 4.61968 1.20762 4.95881 1.14466 2.23488 1.94847 2.3922 4.56524 0.995269 4.89889 2.02739 4.26724 2.11442 0.831315 1.92568 4.06217 4.12902 2.93462 3.40193 4.16245 2.1256 1.41442 1.01405 3.07564 0.555102 4.24368 0.765243 1.27395 1.38535 4.31371 1.26916 4.38925 1.34146 1.2356 3.12801 1.18338 4.98406 3.54199 3.7735 4.04393 1.87549 4.5393 2.52067 1.25536 4.58378 1.56024 4.58466 3.29551 1.27465 2.36686 3.8103 0.907545 0.641306 2.95386 4.86469 3.69723 4.92215 2.00233 1.64254 4.00563 3.25639 4.73394 4.13451 3.30723 1.12755 4.91543 3.50843 4.38337 2.64483 1.26356 3.65332 3.02112 1.91243 1.00039 4.4364 3.98758 3.73665 3.80903 1.92294 0.52946 3.92103 4.43968 3.30904 0.648182 3.39923 2.71616 4.81726 3.40028 4.45591 0.692769 2.30513 3.97322 4.78544 2.71155 0.83661 2.78662 0.638548 2.60994 2.96641 2.86886 1.3068 0.828835 4.98716 2.25905 3.19504 4.17101 3.38955 1.68444 2.23164 1.45998 4.78531 2.76317 1.86671 2.84915 1.04305 3.48246 0.90819 1.03151 1.88708 2.20214 3.94577 0.599593 1.20907 3.43361 2.61279 0.805847 0.842539 0.644193 1.93595 1.47346 4.05038 1.33682 4.02299 2.8075 3.47514 2.15518 0.83816 1.3565 1.80225 1.76422 0.815704 2.37439 
5.0
19.8822 24.3824 10.7566 11.7956 9.00595 23.0352 21.4169 4.96996 18.0924 8.74116 13.5781 15.0944 15.4944 9.23474 9.86447 4.70634 22.9527 13.924 12.5524 13.6085 22.2874 4.00236 3.11808 18.8683 16.8641 16.3976 12.1857 14.2795 11.5859 5.30939 23.6251 5.53742 12.6605 7.58435 16.5512 22.3768 13.3931 15.679 21.4724 23.9224 22.2538 19.4609 21.8404 23.5027 9.47187 3.09702 4.7498 16.6762 8.40375 20.781 14.5387 16.2211 22.9277 2.54721 18.039 2.83738 22.1131 21.4237 20.2275 5.31222 10.9156 20.6723 14.0273 6.39772 8.14745 24.8667 23.0098 23.1521 10.4732 13.5593 23.2466 12.9936 21.1807 8.78429 3.0621 21.7168 19.9778 5.15043 14.4367 22.223 20.0644 23.7704 24.81 17.7119 21.2294 8.77862 8.03451 15.5875 5.22347 5.18696 15.7299 18.3266 7.15751 21.8281 15.2876 20.0592 4.17568 18.137 23.2754 20.1136 15.1545 3.52022 5.49299 19.7725 17.6769 13.0629 4.92787 13.4933 8.53237 15.8239 13.861 8.34079 16.4913 14.469 6.37364 15.3829 11.1058 9.99134 7.50398 24.2989 11.2858 22.7705 7.80459 17.4512 22.3995 23.7188 4.54998 12.1696 15.6507 11.7661 23.3447 7.498 5.98045 23.9321 18.8817 4.15535 14.7445 21.7364 3.60122 18.958 18.4159 2.69718 10.5001 14.9557 7.06367 10.6668 13.8411 6.03068 6.35567 11.256 21.5132 9.70882 6.83808 3.59582 12.792 16.9346 14.2395 19.6871 2.75009 12.5584 7.0507 22.5882 19.5688 12.7867 15.1298 7.19091 5.99925 18.3456 15.5828 22.3332 16.2247 7.10665 17.1692 13.001 21.8727 22.4261 6.98372 11.3673 13.4277 8.44645 18.1627 12.9192 3.29457 11.1117 14.8663 21.4229 9.26165 13.6446 10.7859 3.97651 7.115 2.73752 4.92669 14.901 21.1525 6.70568 15.9165 4.7187 3.84879 4.35366 23.5891 22.9698 10.9199 8.30457 9.09299 16.1169 8.03923 19.0422 14.7763 19.2873 17.953 18.416 10.0961 10.6032 11.7469 13.8591 24.8042 24.3499 5.5122 9.56887 20.6571 16.7316 13.6633 5.90096 7.90237 12.9655 5.15494 15.7256 12.7899 6.96326 8.8499 18.9972 19.8585 7.35117 19.2874 24.2867 12.7486 16.0773 6.60154 23.5267 12.2889 18.357 19.3404 8.71981 10.6102 17.7064 8.9355 16.8596 15.0331 14.8137 17.0712 11.8146 10.482 8.99781 17.2051 19.4248 9.17424 11.006 6.4889 9.56174 18.8343 10.8983 21.8387 8.90096 8.18385 24.7707 23.9067 5.65745 15.9573 6.56548 20.203 17.5341 9.69199 18.72 11.1174 19.1329 23.0445 20.403 17.5923 10.0792 20.3822 4.58915 21.6951 10.1087 17.3997 22.7213 11.3421 14.8672 19.0115 18.2103 5.42138 13.674 10.7694 20.0235 3.06771 12.9968 15.0556 10.1102 3.33638 9.39113 20.8009 15.9157 16.5283 13.1513 22.9786 11.7331 10.9153 21.4251 3.12401 22.6428 8.61555 19.5408 19.6284 14.7898 4.36965 21.7976 14.0594 10.7492 10.9672 5.46863 19.7562 13.7296 17.5733 19.2668 18.9504 21.8642 7.20612 5.02374 22.1621 8.8396 22.1141 18.8315 21.1212 17.113 18.304 7.89721 6.46472 14.9669 15.4697 9.36059 16.4588 23.6519 13.5702 17.3243 2.99637 8.36736 24.8093 24.3475 21.1206 16.8295 7.26512 23.6515 10.823 14.1785 3.91967 5.78941 14.8675 10.4719 3.33952 6.02791 11.3894 19.5176 5.75631 11.192 2.52052 17.7933 13.2979 7.22283 10.2889 4.70495 23.12 21.1984 13.5441 17.9321 12.1876 11.5671 17.1586 2.61209 14.9577 22.844 17.2533 18.1112 12.712 8.52035 8.6995 6.13469 5.7894 8.43557 23.646 8.92369 9.97001 16.8626 9.82127 16.2909 10.7587 2.55566 9.8612 15.2435 21.8194 24.5113 22.9124 5.94436 11.3096 4.69219 9.76075 17.761 22.3655 23.9635 7.73522 24.1525 3.98743 4.99267 6.63734 15.144 16.0754 8.362 24.4459 13.6396 9.86545 5.64368 11.5469 24.3228 5.01622 18.1881 22.2393 16.3948 22.0958 2.87521 12.2659 18.9012 6.71922 13.578 16.1195 24.8956 4.086 19.5901 17.8745 8.19224 10.1684 22.2648 21.7942 18.9556 5.80004 8.61839 18.9632 9.37853 4.91447 23.1453 18.6951 8.19786 15.6848 9.09678 20.966 2.79813 15.8133 15.4721 8.62285 12.6531 20.7213 15.9729 15.6177 5.35509 8.38986 3.67038 12.517 3.98259 4.60071 12.635 3.0365 14.5551 24.8272 10.2798 5.35123 9.82666 19.0261 9.16582 19.4314 3.16632 10.5798 4.52124 14.153 21.2775 13.1384 18.7225 12.9347 9.5046 6.61277 16.4891 19.1489 18.4776 6.06761 17.0408 17.5597 8.34458 9.76517 9.46789 18.0346 24.3425 17.6092 20.0644 17.7832 12.4551 18.7392 5.37401 5.86976 6.40938 4.52533 9.69923 21.2527 22.2598 18.2136 13.3229 5.59807 9.30998 4.97129 22.6932 24.6194 3.62296 13.5829 8.82102 14.1924 22.8687 18.5465 20.1404 7.49533 6.26002 3.82052 8.58228 21.9247 13.3259 4.47086 10.1103 22.0361 17.7732 4.96824 15.9704 14.761 5.18585 20.3862 18.4025 18.1483 3.31219 11.7495 17.0657 4.88156 11.1901 6.78236 19.9258 11.8219 18.3598 9.80819 4.85664 21.8258 12.9153 4.54845 10.7029 11.5883 12.1426 16.0728 9.05735 19.2623 14.4969 18.1493 17.9996 18.1022 19.1666 12.2448 19.049 12.3839 11.9765 19.4264 3.57917 6.84938 18.8777 18.9125 24.9468 18.4275 13.2759 24.5246 20.0818 6.47934 3.44769 17.7899 19.2921 2.81951 18.7945 18.9432 13.0292 2.76267 6.18453 14.5804 4.36905 10.9454 7.6327 23.2118 10.9536 5.67364 23.0682 17.4657 5.14673 13.0451 19.4403 6.69247 6.15238 9.59766 7.41141 21.2193 20.3458 24.7327 16.8891 9.50508 21.0675 4.16385 5.14496 19.4456 24.1304 8.14159 23.7718 22.5792 22.7897 13.2025 3.22867 22.4432 18.4255 3.6947 21.2242 8.33009 23.1883 4.3278 8.68689 13.1944 23.358 19.9992 7.07424 16.9601 4.6649 6.64493 20.7692 21.4781 5.82431 19.3666 15.8146 15.8847 9.03353 9.08301 8.73589 23.6094 16.1821 21.4579 9.20104 17.2842 7.02456 21.8524 7.76894 5.30264 15.5668 10.0535 19.9754 8.77951 20.9142 8.52734 18.0073 7.66072 23.834 2.94828 8.71408 24.7338 5.27914 3.75327 21.7078 21.2886 3.12617 14.9715 18.8007 20.6785 3.37544 11.5796 6.03063 21.032 17.0644 4.132 22.0246 23.3647 16.6434 21.917 13.9501 6.34157 13.0653 3.38802 17.304 16.4396 14.8368 10.1202 20.7901 24.7611 15.2834 10.5424 22.5338 11.7473 19.2771 9.69505 18.885 21.0418 8.17723 18.7625 4.55906 13.7554 11.7333 10.6316 17.8652 6.88061 5.70188 7.72526 17.2731 12.1065 6.42567 20.8613 5.56763 11.2844 13.6256 7.88715 7.84063 24.7938 15.1558 20.8394 4.5716 14.0585 19.9717 12.8793 11.0456 11.9631 18.0606 13.7529 21.8593 19.9204 13.5855 10.0274 11.7648 20.3385 7.49176 13.8524 4.10148 3.23879 8.32632 16.4968 15.5657 18.274 15.0203 17.9105 23.5682 15.8971 5.38413 8.56256 12.4297 6.42972 9.06576 4.80357 19.6643 8.28222 6.22166 14.0044 13.6004 21.573 23.1507 8.21955 18.5901 15.8986 8.64119 7.62662 4.05632 11.0048 19.7802 14.9905 21.1273 14.1067 8.47648 14.9034 13.1096 5.11103 7.4459 4.05015 8.54907 3.48695 6.90968 18.7487 10.6288 3.03878 5.75583 13.5162 21.6563 10.8283 23.4132 6.91091 11.3871 21.4975 16.1885 10.8982 20.4378 5.7421 24.3165 24.9936 5.0355 14.1852 20.9725 16.4297 19.3562 2.90114 14.4983 10.0998 4.20081 21.8401 10.0907 7.02592 3.25855 12.403 22.2031 12.6026 8.20906 12.9165 13.9098 5.86638 6.41176 18.259 21.9833 18.5399 17.4334 22.3862 6.43452 20.1023 17.1636 7.50798 20.7659 2.63425 8.26752 3.66481 16.6874 6.68902 23.2279 4.95513 14.5449 9.43828 3.72338 23.6629 20.7126 23.8438 17.5958 23.5356 18.1973 15.1044 14.6547 13.4624 19.206 5.62815 10.0707 20.3033 10.926 19.7801 9.10512 19.6179 8.26888 14.6553 21.9294 15.545 22.326 10.6275 22.281 11.0826 23.2879 5.42279 18.7077 15.0184 21.5764 20.469 24.6499 6.76005 8.43908 20.7701 6.1107 5.31666 14.7575 12.0567 20.6637 6.18006 6.81749 11.461 19.0488 22.3567 12.7928 15.4679 18.1064 15.8001 18.6914 21.3911 3.79834 22.9932 5.01529 23.6248 3.06786 13.4316 22.882 18.4206 20.7869 9.7571 5.8601 5.93971 10.5413 8.29121 3.76726 23.3312 3.00426 3.71967 17.1809 17.5849 20.647 16.6769 6.41195 19.4096 15.038 22.9811 18.6918 21.8877 17.98 20.7695 17.3216 2.65395 22.7342 21.7844 9.0347 10.8506 11.5835 23.0589 8.32208 15.1072 5.98267 15.2539 7.47056 18.7962 15.547 16.395 8.56389 3.81402 9.62822 7.25951 16.1967 6.63716 12.7293 4.66452 24.6517 22.9039 20.0059 13.9049 10.7888 21.7714 14.1068 6.59182 11.3985 13.7981 4.60161 2.64169 3.76712 3.60183 11.2466 20.1654 5.7053 18.5426 24.8381 17.0081 23.7893 22.1817 24.4045 15.1891 18.5654 16.2654 16.9852 14.4926 10.4667 4.9845 21.2484 21.4584 22.6935 12.7591 6.19582 2.52303 7.3062 9.29875 21.2062 20.0616 13.2807 23.1883 11.1663 22.5798 22.7776 5.24838 2.93923 20.3062 6.87337 15.4223 21.9221 4.93525 9.50508 
4.0
13.445 17.2265 17.6926 6.1254 7.88977 4.11502 4.94315 7.7798 3.82328 19.0469 3.77304 10.0021 15.7488 2.78632 4.41485 17.1431 14.5118 2.68771 15.9187 3.46755 14.2291 14.8846 6.16279 5.5501 11.6312 5.14194 4.77876 19.8347 2.81962 9.373 17.9901 2.35838 14.4376 16.8199 16.3655 15.639 14.2553 4.89854 4.48569 9.72701 16.1688 8.70734 19.5246 2.42144 10.613 18.2002 13.7446 19.6497 17.3895 18.0236 7.90573 3.01186 17.9069 17.0173 2.58898 17.4882 9.83724 4.37978 16.4336 12.3121 13.1844 3.49733 8.28876 8.00528 18.7683 16.4371 16.2786 16.579 14.1219 12.1047 18.7822 9.89789 5.80303 3.06507 12.3271 17.2082 11.1201 4.02844 9.39687 18.8307 10.2717 6.99944 19.1528 5.01662 11.9004 18.0907 2.06997 10.9689 7.06038 3.00071 5.48685 11.0261 18.5998 2.15498 3.06937 5.01167 2.95628 10.5122 5.18888 17.7464 9.36723 9.03396 17.2142 2.72541 11.4938 12.8183 16.7176 18.9588 14.459 18.8982 12.5954 5.9767 14.3 6.70269 15.1016 11.9985 16.8344 18.1839 15.7967 2.26569 16.9404 2.6063 4.40986 12.5389 19.2516 11.0015 13.6152 8.75925 19.2649 11.2859 2.72263 19.8737 7.86338 17.0435 3.28201 12.8242 8.25289 16.972 13.6021 4.70101 10.3126 19.9932 11.1829 7.06041 9.35959 9.02735 2.06293 9.40597 14.328 10.4321 8.07934 10.8342 16.3614 18.1047 19.0433 18.8442 16.82 15.2489 8.82873 6.31138 15.7016 12.8055 6.37528 15.6251 5.47648 5.54722 14.6055 4.99046 15.3364 16.8377 2.2557 3.89456 16.8581 7.05399 13.6215 10.7359 6.08014 14.6741 9.21679 19.6189 18.9944 17.0276 4.34708 5.31147 17.4513 5.71081 10.5969 19.3675 14.4793 15.6661 5.23139 10.413 16.0182 8.92498 9.51138 7.59625 4.0668 18.0155 14.9233 10.2021 6.24453 18.0333 18.3228 6.43062 8.76689 4.37769 12.9922 4.33911 9.83533 15.1503 16.6123 11.949 6.44097 17.2191 19.1483 11.5162 13.5824 6.94604 3.64969 8.96581 16.8977 10.5785 12.9639 5.49081 11.7102 11.305 19.3646 8.31477 11.4888 9.97533 2.09358 17.6187 16.7215 12.4839 7.81694 16.6321 7.20438 6.81802 4.99522 9.88733 2.74301 10.7698 9.16769 10.6395 3.2692 19.312 2.15059 4.44872 15.3711 4.63852 14.1496 5.92777 12.2379 13.8681 17.7861 19.653 16.0178 13.4129 3.03778 4.23971 5.59092 11.0106 8.0933 10.5814 18.7559 14.4207 7.12065 17.2534 7.83017 15.7854 5.95 12.0797 15.6652 10.6532 12.6704 4.86529 15.0747 6.66841 18.1406 16.2911 14.678 12.923 13.4138 15.9737 8.15647 18.9737 17.0768 16.6895 9.92483 8.52249 13.5029 9.76179 6.21597 16.7615 9.01873 2.61306 10.5801 6.38196 16.9857 5.4807 16.798 3.24677 16.795 12.297 2.20792 14.7278 3.77695 2.73298 8.44726 9.70696 13.0241 10.4068 2.60761 5.24089 18.1287 14.2556 13.8042 16.8906 19.8343 4.07184 14.1596 7.71437 9.60105 13.2034 3.20076 6.92525 15.0853 19.418 16.6711 11.2123 2.53303 10.9318 14.7557 19.7259 5.088 10.6015 18.7215 13.7275 18.013 13.2807 18.9708 15.903 11.826 7.3413 5.50882 4.34021 18.3497 17.3571 3.82617 14.1708 10.6757 14.9532 17.1944 3.87572 18.0425 12.8185 10.3763 17.2553 16.6274 8.8825 15.7495 2.06301 19.2526 5.65622 10.8454 14.303 13.0057 5.73719 8.30045 7.19276 5.77346 10.4784 7.22331 5.78848 10.6905 12.8214 12.9745 10.2756 13.5014 11.2934 8.36133 14.9229 3.83744 18.1685 11.2458 7.70038 7.40666 16.7928 11.5676 13.5621 2.0988 3.07415 12.7805 10.3922 15.0037 12.1349 6.70307 14.6152 13.3441 13.1298 16.7832 3.47072 12.3222 5.22746 2.77704 6.95203 12.8808 17.7557 13.8419 18.4085 12.3777 5.51139 5.04294 2.81216 7.17499 8.23405 10.2743 11.6888 14.142 7.24365 14.5941 17.7125 12.0723 10.2424 2.97326 17.9644 10.0146 13.2806 14.4592 18.8559 17.5182 10.8866 12.7524 19.7152 15.7924 9.36101 14.1983 4.0389 10.7792 16.2344 14.1921 19.4067 15.1413 14.8896 8.99838 13.0605 4.16303 5.34807 13.9847 8.14818 16.5663 12.2199 15.269 17.6301 13.2398 14.8182 7.78098 10.851 6.88267 6.4376 2.73808 13.7753 3.56237 11.7965 13.535 9.8866 17.1862 17.6438 11.0476 10.751 3.88729 5.52926 19.3504 17.2448 13.3243 5.73819 18.8492 6.44659 7.89536 19.3903 7.82598 7.19218 6.8663 15.7021 15.4 3.29503 6.41239 13.4143 2.90114 15.4298 8.57462 3.38197 4.65838 10.6805 6.12987 9.33011 13.2019 8.75205 4.3751 7.77229 13.8794 15.8468 16.8257 4.09384 15.8865 11.2042 7.82785 3.79899 16.7109 13.3055 7.08491 13.922 16.9911 18.7412 9.09796 11.6026 4.78871 2.74423 8.52031 14.8249 8.2753 8.38549 18.4262 12.3213 9.83278 9.43482 8.49324 13.6396 18.5682 5.88523 6.09956 12.3744 4.2427 19.1415 9.33423 15.5632 7.61395 13.8727 8.92232 4.24543 4.19343 7.52905 2.06377 14.1864 16.4172 16.5224 7.18639 3.7651 15.231 10.0712 16.6129 4.02601 16.0892 6.70916 4.14217 19.8949 18.3682 16.4585 14.5441 15.5588 13.1933 17.6665 19.9693 11.01 14.6802 13.5069 2.27181 10.7542 15.5905 15.1448 18.2471 7.68261 2.40065 14.5658 4.78314 17.108 2.78569 10.0693 16.9258 5.96521 12.5168 3.42596 7.85874 14.1752 8.77267 13.6987 5.79668 9.1736 4.86549 8.72828 12.7933 4.60316 11.3803 15.2829 12.463 2.1702 2.72905 2.87153 5.61651 17.6651 6.11815 18.2216 10.8109 2.14726 15.9306 3.42074 2.8134 9.29324 12.522 8.72232 13.9796 5.91004 4.43017 17.0154 11.5454 18.6117 12.9997 18.9585 9.83284 13.66 8.41994 5.77764 12.3708 4.96992 4.17701 14.728 8.92877 3.27807 12.9204 2.22041 18.4655 13.4761 16.7429 3.61101 6.99127 17.1077 14.8756 12.6557 13.344 3.02998 13.7957 3.62838 5.88035 19.2384 4.74945 15.1029 19.0797 2.85626 9.68851 16.3998 3.06295 9.28831 6.62078 15.6966 7.02552 3.5378 13.375 4.80216 3.58362 14.6882 14.7794 19.5953 11.0353 14.5488 12.255 19.1274 18.5352 15.4641 6.82192 6.38915 11.1837 18.2878 14.5206 3.74108 14.0296 17.5206 15.247 18.0085 19.9875 18.6115 6.00129 4.24034 8.66847 4.42433 5.55142 17.132 11.1258 3.8672 19.51 19.1122 13.5138 19.6868 10.8258 2.09455 14.6612 4.42641 10.6888 17.8919 12.5587 19.5479 18.85 18.296 18.7602 10.7181 8.35456 17.8207 19.6983 18.2588 7.68929 12.1089 19.9139 3.76158 17.3445 3.00446 14.2 3.86554 3.78944 13.287 5.65895 8.20019 15.8621 10.0718 6.67462 2.49182 18.573 15.8732 13.798 5.83405 11.3228 2.33216 19.5469 3.12251 7.53463 7.60798 16.1204 15.6535 10.6996 18.434 18.0262 12.8867 13.837 3.83748 4.62317 16.3722 13.3687 19.5232 7.5772 8.84105 10.4065 13.9217 10.2315 17.4605 8.45536 10.9011 9.89067 2.25272 16.5288 12.1429 18.0193 8.67827 12.6796 6.1826 7.35412 17.3829 2.94445 3.1134 12.9304 4.10867 4.70185 13.9547 18.0225 2.76966 17.4451 19.6842 11.9986 18.6908 7.96853 10.9343 13.089 17.0116 8.96855 17.3528 11.069 13.2533 16.058 9.6269 18.8556 5.05068 16.195 7.17197 8.0182 6.04732 12.526 4.4842 7.20376 10.9555 18.6424 13.1572 12.4754 8.77974 13.2517 12.5628 6.56543 17.2046 8.26229 16.1956 6.04271 3.14652 5.28291 10.6821 19.3934 4.46963 11.5355 10.4535 15.0163 11.8658 16.1823 3.08274 16.1321 15.8985 8.06773 10.2853 7.60668 12.2111 7.87288 3.58461 5.68842 9.89865 15.6856 7.64103 11.6597 16.0445 8.98347 4.24514 2.40232 5.42018 18.0318 5.97499 2.8771 10.35 17.6948 2.51748 15.5175 15.7391 4.66141 4.65377 13.5373 10.2664 17.085 14.9087 7.1522 4.74065 15.6371 5.86451 11.7159 8.62106 12.9753 5.13812 16.7698 9.70217 10.6251 8.02308 19.0069 19.9624 4.27587 14.7952 2.14967 16.5767 12.4909 3.68229 16.7426 3.09353 11.8313 10.4981 8.85764 19.7758 3.39465 17.9401 18.715 4.10555 3.76657 5.55163 2.21695 14.4532 5.38742 7.3478 4.39632 15.9104 5.33248 6.10564 9.77881 11.2876 3.50639 15.3182 18.6595 4.27443 15.2516 15.813 16.2931 19.7659 17.3708 8.03403 5.99899 10.3512 16.5637 8.98816 7.17923 17.9669 15.2776 2.85572 9.25168 5.71501 9.97187 16.2649 16.4966 16.8438 12.7971 3.23003 12.8173 3.89403 15.6877 16.7547 17.4154 3.00793 13.8689 10.098 6.37929 14.4034 7.77746 14.7054 15.1875 12.0116 10.3971 19.8034 17.1254 19.2786 15.0074 12.6586 18.6168 8.1315 4.34677 8.50048 2.46864 8.10835 10.1898 7.10843 16.0304 2.652 16.3388 11.0627 17.2675 17.5683 2.02852 6.65962 9.7487 14.6481 8.74618 6.49063 7.54725 13.4537 5.46454 18.6856 19.0567 18.2687 11.2896 5.82017 4.72012 11.2129 16.522 4.48689 15.6742 2.5201 17.1329 18.5309 18.3064 2.98076 9.65357 18.9491 7.72693 17.5486 9.47914 5.45397 5.15474 15.1112 11.5865 12.7011 2.21702 9.42443 10.6661 16.1808 5.16337 8.21117 17.668 16.7737 7.99371 19.4243 9.76183 6.97085 11.5003 15.6732 
4.0
19.1412 19.8857 5.71058 12.0846 10.3905 11.3266 18.1069 6.94229 11.621 12.1417 6.31536 2.01244 10.3185 6.24902 9.88127 8.77975 12.4192 12.9538 4.13568 5.45306 7.63885 6.593 15.467 3.1761 11.9362 14.5624 12.2248 7.12107 16.1081 6.72665 12.2573 7.46498 11.518 17.2118 2.08045 9.24888 11.9571 3.58122 18.6808 2.11985 8.63813 10.3938 6.95104 4.95581 11.3224 16.1453 19.7577 14.3732 4.57901 12.5922 13.6427 10.1172 8.17773 19.4589 5.15661 8.33551 16.6138 7.52687 2.8257 9.73372 6.76609 9.10763 11.7511 13.6147 4.68796 10.8977 11.8412 16.8002 4.53089 16.2169 8.67654 6.43503 18.6009 15.6291 4.00782 9.67492 15.5479 18.946 2.8865 11.2562 7.68765 13.6137 12.4283 17.949 8.45678 2.48211 5.20954 8.89274 13.0004 3.95693 18.2962 14.8151 10.8927 5.53476 18.9058 11.1329 3.99031 5.72083 13.7024 11.9368 2.41819 9.32965 14.7237 13.8579 7.68894 3.16837 14.9418 14.8179 9.95437 11.103 18.4564 8.6612 8.3901 3.5075 8.32024 18.6711 9.713 12.0956 4.99864 16.9673 13.8313 9.13534 8.46058 8.78758 13.6279 10.0469 12.9034 2.65123 17.8757 12.3823 13.1098 19.406 16.2867 14.1892 11.4383 5.15749 3.69319 12.7563 16.4455 17.0815 18.3623 10.7421 6.14245 7.11927 5.44265 2.68669 8.88252 4.55512 18.5447 4.90594 4.88309 4.47755 12.4532 11.7687 17.3795 3.12259 9.97273 13.3566 6.41209 9.10027 3.90605 11.5072 6.24577 3.50378 17.1653 7.23929 11.4227 19.9015 6.01593 4.56134 16.4477 11.2117 11.4534 3.66284 2.1062 16.4604 9.71291 10.4882 3.41551 6.42159 10.9116 17.6938 16.2084 11.1406 18.824 19.9873 3.34993 16.3403 4.78974 18.8504 9.58657 15.7094 12.7547 7.64432 16.0287 12.075 8.44446 18.0972 11.2657 12.4564 3.6708 3.1758 18.1134 8.00286 14.771 15.3386 12.9954 19.8133 8.17985 5.17283 16.9559 3.63974 4.13469 5.4134 7.30652 18.4726 5.51294 7.34535 18.9051 2.00956 12.8027 6.58872 12.0677 8.00683 8.20625 11.2663 2.11356 14.5134 7.87577 3.55434 9.54219 13.9878 11.2827 7.61579 19.8442 16.2985 18.7195 2.91668 15.9441 9.60574 17.9337 15.9251 2.27673 14.1277 2.89624 3.19301 11.4955 3.78823 15.7007 2.82098 12.8146 10.7483 4.5969 5.30557 18.9829 7.81958 11.1566 2.76971 4.89146 9.76135 11.5722 9.57572 6.81361 6.45987 15.088 9.32126 15.2777 6.99074 14.5647 17.2181 12.5728 5.56406 14.1762 14.8534 19.8873 4.35232 17.2399 18.3346 19.08 12.2012 19.1792 18.816 10.0844 10.2231 14.6187 2.40896 14.9456 19.2735 9.61315 4.47481 19.4899 8.31034 12.0082 9.30028 5.6276 12.6356 8.93426 10.156 11.2881 3.02071 12.4337 4.73765 10.9883 18.7136 2.22016 6.99008 4.03336 15.3294 8.57075 12.3141 13.3508 12.624 2.35165 15.1561 3.95678 11.1494 15.1759 15.9807 18.0558 10.7934 12.6944 8.62576 13.7728 14.2005 16.0192 11.0408 10.5182 6.07704 12.2804 4.4076 9.9858 7.37826 5.31517 5.64416 7.78354 15.3784 17.4899 12.2911 14.6968 18.6236 15.655 8.78104 6.585 5.76794 4.23273 7.09081 9.91026 13.2916 6.43774 4.77635 7.89974 5.10263 14.6302 13.3906 18.3402 7.02078 8.80227 4.28383 10.0057 19.1448 16.1967 14.7875 8.71754 3.10209 5.05874 9.78012 6.03805 7.1814 17.521 11.6364 3.59612 6.34825 10.6203 3.559 4.04618 6.14315 8.44834 11.2935 11.6598 5.46275 16.4346 12.2254 15.55 7.22363 12.762 4.86099 18.5287 13.9091 7.91574 13.6898 12.5967 16.9985 19.3647 2.43099 18.0664 7.27975 6.37558 10.6619 15.3175 15.0444 7.9603 18.8296 12.1858 9.16559 6.95557 18.6453 3.98415 6.05862 15.2357 9.86129 15.1566 19.5248 11.0583 4.43123 15.5655 4.47757 7.54225 11.0527 8.41117 19.552 9.2792 9.09294 10.7844 5.59643 10.0773 10.8971 7.85179 17.0476 4.83817 5.47972 15.6741 15.188 6.56619 8.59842 9.65699 6.28671 5.51118 12.2111 15.6351 11.6221 5.44348 4.31524 12.5882 4.38847 2.06196 14.1708 15.9915 2.48445 2.53491 11.9052 8.79663 2.18503 5.17362 13.5013 17.0479 13.6959 2.23889 4.16885 15.1295 9.59079 14.8803 13.0976 11.6461 11.1316 7.20817 6.59412 18.9369 15.4715 12.4987 4.60128 5.22137 6.74031 12.5315 15.6002 18.3787 6.01344 11.06 14.8951 4.35944 7.1631 4.4152 11.2817 13.2306 5.5925 2.24127 13.0968 9.85298 2.85291 17.3649 10.6529 18.1914 14.1434 15.797 2.05331 14.2583 15.6935 15.8672 17.3919 8.68919 3.0287 3.49113 6.33477 3.95193 7.11862 14.571 12.0847 15.1881 5.40812 15.5283 10.729 19.6874 6.73118 4.96971 18.9693 5.99497 13.1076 3.48576 11.2352 5.65156 11.4223 12.5823 15.1798 8.56614 3.98822 5.74484 16.5586 5.02173 14.9907 14.6354 6.49088 19.3139 9.81584 13.4227 18.1042 18.0219 6.26134 6.24461 17.5614 7.91301 8.62978 2.80388 18.4709 8.47941 7.70518 17.0963 14.679 16.1078 19.6121 8.27204 10.446 4.88196 10.5579 6.62934 13.0041 9.01828 4.45696 19.7415 14.499 7.9338 4.43907 15.7165 8.31384 18.9472 7.23932 10.589 12.7759 10.6126 11.4716 16.8462 3.24655 5.68636 10.7845 6.08518 13.5933 4.72616 16.9004 2.80428 2.04564 9.32354 13.5371 12.3264 12.4326 9.96879 12.212 7.85551 9.80389 19.5489 2.93012 3.66614 11.4338 17.4782 6.75343 7.4252 18.2075 11.4618 5.25435 4.647 7.39036 9.89203 7.85127 2.28093 13.7803 3.87735 14.0272 14.432 2.24256 3.90449 5.43103 17.2141 8.62773 14.133 12.8619 7.73634 18.0721 7.32304 15.1362 14.2217 3.68129 17.3954 2.83702 12.2591 8.59622 16.625 17.9473 8.18786 10.4424 18.4667 16.365 10.6149 9.16156 19.0142 12.3012 7.06541 5.22656 2.09151 9.56159 8.76537 3.23862 16.9776 16.71 10.5577 13.9077 13.7634 11.1152 18.9509 9.41571 3.34197 4.88052 13.3002 3.16218 11.0314 5.65583 11.1223 10.8932 12.8305 7.33308 12.542 10.2128 7.30712 19.624 12.8724 15.4775 16.1195 19.5209 2.32752 7.07322 4.17071 13.6403 15.8678 12.0754 16.395 4.44914 8.17832 3.29189 18.178 13.3742 12.7802 3.68819 6.40921 7.79401 18.2745 9.19627 4.16709 10.9135 2.71862 8.90554 2.03753 7.52198 9.13643 3.63697 17.0647 14.6332 19.1603 13.8999 8.3349 2.00888 11.8064 14.2319 18.1931 13.5647 18.3829 18.9207 8.09258 12.6591 2.53043 4.1103 10.0768 18.265 6.39601 17.2883 8.8947 19.0245 13.9394 15.1571 13.7487 16.1859 8.3726 14.8879 4.67499 6.42404 16.7314 9.75687 14.5574 3.54306 6.58089 18.1645 13.7734 18.0623 3.85274 5.038 2.47333 3.685 8.8159 8.6161 13.4925 13.6492 7.17993 13.6169 16.8957 17.9625 13.3311 11.7884 5.15472 2.51871 10.7013 6.84207 15.9589 17.0977 14.2699 8.76884 11.6583 19.2481 12.1985 8.53833 2.33941 9.05293 11.5977 14.1806 7.53433 13.7774 17.4282 13.2509 9.56212 3.40031 7.53312 14.6769 15.5033 16.0279 2.80401 16.9894 2.80724 16.1906 7.47968 19.935 9.53186 17.0221 8.57751 16.4724 18.2168 7.32226 7.45771 10.1506 2.3891 16.502 2.52045 12.871 18.7014 2.411 4.03575 14.0315 11.7036 3.04889 18.1062 2.05358 6.24671 3.15848 8.7623 11.2923 12.5199 10.7023 9.19119 5.32938 12.7202 10.2217 13.0974 19.6483 2.35504 18.0789 15.197 14.693 5.17772 14.582 11.8443 6.30926 16.7554 13.9921 6.79155 14.5684 11.6703 11.4143 13.0811 19.9743 5.35327 13.5706 6.071 8.0531 17.5506 18.4562 16.5925 3.3255 18.4233 6.87821 13.2413 11.6623 10.2796 8.87729 14.8011 6.02212 19.9395 2.0324 9.79991 18.5728 10.7333 10.6479 16.1995 6.19486 11.1316 18.8238 2.21727 2.36782 19.0093 12.4086 19.2815 6.43994 14.5417 14.8351 16.1186 15.2802 18.7336 17.8391 8.97412 8.31324 8.58118 14.0605 4.96559 2.93724 3.86689 14.5277 11.569 9.32444 10.5869 6.0245 15.2378 19.6046 10.0115 19.34 10.1542 4.43116 2.37833 11.4013 14.1145 15.9304 6.2181 2.28856 8.54564 10.0331 4.31377 8.13377 9.6562 9.18947 7.29192 12.9015 9.71887 2.46626 9.84726 6.05274 13.4865 6.0274 10.5998 5.09191 16.7407 4.99688 14.5851 17.996 7.97343 19.7047 9.3768 8.52717 2.20097 17.3158 13.8426 17.4276 7.9113 19.8411 10.5325 16.4977 8.14384 3.53245 4.70043 8.55682 18.7022 12.6593 2.95802 4.28652 16.4998 10.6691 10.5617 10.9574 17.0379 17.7296 2.33249 6.03788 4.01707 3.65493 2.20834 12.6866 8.08104 13.2136 10.4297 16.1269 19.6934 10.8202 3.35764 17.9046 15.1473 11.6088 14.9248 3.02844 14.7076 3.8903 2.71912 8.9933 19.8865 13.9921 11.7007 17.6863 18.8513 16.4801 14.5511 3.17563 14.9649 4.7646 13.6553 18.3823 15.4603 15.0879 17.7172 5.63471 7.2461 4.89547 10.0073 6.10568 18.8466 8.5896 7.24321 3.13292 7.47321 3.66596 2.10348 2.42179 12.2298 18.2329 14.3736 16.1311 6.4503 2.91373 7.72521 13.8416 16.169 16.1315 5.12811 11.4076 9.72406 11.7769 15.8949 18.6908 17.4938 12.2589 17.3585 17.1776 
3.0
13.5379 10.9814 4.7049 12.9196 10.6853 14.6568 8.28766 2.84323 1.55318 4.39449 14.8202 2.75018 7.81161 7.15902 10.2204 13.902 7.14237 6.74059 14.5805 12.2531 4.62178 13.0947 4.75938 11.5946 10.7112 12.9767 3.45839 11.3666 13.6046 11.1209 4.02899 11.3921 6.68423 6.71523 7.76297 5.77935 10.3329 6.41998 4.91507 3.24518 13.8544 13.1824 14.208 13.1077 6.25047 11.0954 12.07 3.69896 8.10649 7.05171 14.8547 1.94792 3.33323 14.4428 10.2933 3.38277 7.01689 12.6527 14.9295 9.80361 6.12624 10.5964 7.78663 12.3749 9.32726 5.05413 3.51712 7.88771 10.1551 2.54934 1.7846 14.4422 5.29384 3.52263 8.62828 12.2998 7.21285 9.54998 1.55984 5.65525 3.91158 6.35616 7.14264 9.57861 7.52109 10.373 14.3035 9.37748 9.5132 10.0925 13.6267 7.12875 11.2671 11.4652 7.38053 13.6304 1.74334 5.09288 10.5264 6.02345 10.5152 10.4667 8.96018 6.33328 13.4077 1.50018 3.23567 4.18157 7.99354 3.60675 9.52127 13.9176 9.19711 4.5727 11.0384 2.91986 12.2554 9.97475 1.73258 8.31719 10.7867 6.89257 7.42698 3.38026 9.21627 4.66636 10.2082 6.33268 9.31 10.9492 12.2949 6.33212 4.56504 3.80442 3.13809 10.3714 2.70807 14.5978 12.0047 1.84942 2.05091 4.43495 9.79305 6.56207 9.45361 13.393 4.33081 2.86305 12.1449 8.79815 11.9055 6.74459 4.65007 6.29712 6.27738 14.5881 10.0764 11.4744 13.9247 12.8347 8.00581 4.76376 11.2712 7.32592 5.24501 3.40521 8.6469 11.5639 13.1832 4.69641 3.72973 14.1417 6.00693 6.28935 13.7212 13.0938 1.5227 2.28179 4.00354 2.41626 14.8367 2.35368 3.52949 12.0065 13.1421 13.1984 8.69463 5.27381 13.3637 2.49926 6.44196 5.66883 5.41042 14.2002 1.84906 13.3838 4.78415 9.82229 2.94752 2.47213 11.7973 9.57461 10.0249 5.13828 5.6471 13.5101 2.65912 6.44726 7.09707 6.47658 12.2351 7.20426 14.0166 13.1123 3.19412 5.25413 5.52753 7.13675 1.7653 9.9508 8.0081 5.68641 6.4297 2.04655 13.7046 4.44504 10.8668 7.75134 1.70003 3.31931 11.1332 10.2119 13.9909 7.90912 3.82424 2.16095 9.92054 13.5229 8.96746 10.986 5.22048 5.48794 2.89881 8.46851 2.90904 9.50532 10.8713 8.94265 6.29737 9.8002 1.6458 11.624 12.8529 11.8167 9.31471 9.85857 9.17002 13.2078 3.10758 6.5409 14.2988 11.3704 11.4295 1.95309 2.68032 13.7746 7.38153 14.773 10.4399 3.83885 8.01424 8.00284 13.2878 4.09937 2.56282 10.0672 14.7769 13.9246 13.4152 5.83155 14.1686 4.02489 13.0623 9.29029 9.15496 1.50646 14.2812 14.1748 13.1897 2.22108 2.79958 4.73149 13.1752 14.1601 2.69421 6.41972 9.25811 9.14359 11.2704 7.77959 8.48146 5.55444 12.6748 3.21978 6.04486 5.36732 9.49009 14.9752 14.9217 8.22253 11.5624 6.48453 2.08415 14.7949 2.31101 4.43793 8.08497 12.7074 10.7706 4.24432 11.2475 5.74014 12.6156 3.16883 2.21255 12.0834 4.41764 5.89008 5.59286 11.3866 14.8844 9.22741 14.985 9.3517 5.83183 13.288 10.0887 10.6212 7.13843 11.784 8.68361 14.7117 6.43176 8.76946 11.7133 14.7422 5.25766 14.5471 10.227 5.70688 5.48176 13.9955 6.92849 9.04342 13.6735 8.56533 5.08269 12.2458 2.7223 3.69665 12.0292 5.77224 12.9367 2.40496 10.054 2.49805 7.87528 11.788 9.36744 5.96326 4.66045 1.70203 14.4412 1.66534 13.0245 11.3584 4.95116 5.14676 5.83799 5.58963 5.57866 11.6274 8.87087 14.0357 8.41876 2.43222 6.0356 6.50012 11.2461 14.9632 4.36302 10.7261 2.88799 12.9668 8.96049 6.84239 10.4553 9.34639 9.20247 10.2292 12.6801 2.76889 9.90359 12.0541 9.61172 4.81708 6.22406 13.7276 12.4191 2.43649 3.55753 13.529 14.0513 10.9272 8.15136 6.15172 1.50548 8.23081 8.70939 1.91901 2.95176 13.7619 9.727 4.91931 14.4659 8.03473 1.80868 10.8116 2.11948 10.3351 10.718 4.05058 13.177 10.6863 2.41014 1.782 11.651 5.861 1.79636 2.65766 11.9643 11.1872 13.4916 9.32047 4.46969 14.3998 7.79405 9.80945 3.57688 13.2864 5.64702 5.63451 9.23731 8.87869 12.8337 12.2714 10.0359 14.9383 12.654 11.8261 7.64072 9.48788 10.3339 13.12 1.85932 10.6367 14.4172 9.94401 10.5534 13.4516 2.38953 6.23311 9.66039 10.6228 12.2855 6.91094 2.57226 9.1742 2.52704 8.15398 9.6223 9.46917 13.2455 7.32586 11.4289 7.26091 14.835 12.3315 14.847 12.0379 3.98916 3.14123 5.27668 7.41404 2.96945 14.2348 8.07948 8.81417 9.3566 7.21523 9.35197 9.20392 11.0341 12.8429 12.8068 8.61495 5.65403 9.23901 10.011 12.7149 4.33579 2.0096 5.73212 7.17221 12.8466 2.53895 10.6413 9.06621 10.5151 5.70322 8.12414 13.0916 14.6264 14.2539 9.94862 14.8083 7.55118 8.62121 5.04089 9.68586 3.35518 3.88741 10.6181 1.69333 4.14278 11.68 2.92901 14.6834 14.8821 8.23501 4.35141 5.32173 1.96306 9.87981 9.59781 8.3116 4.7371 6.18641 14.2779 7.66275 1.79029 14.0442 4.06847 13.2557 11.1981 2.90279 5.74139 11.9507 13.0131 8.43494 4.29807 2.49177 11.2345 9.36903 2.96206 12.9557 12.5108 6.24183 3.27878 12.9957 9.32447 11.8209 6.57268 11.1301 14.9089 13.9473 3.01193 6.32636 8.14838 12.0475 9.0304 3.12913 11.2095 12.5663 11.3572 2.58423 9.65626 3.56827 13.4034 2.70684 5.29637 9.76074 1.75659 1.74491 6.01086 5.18525 1.53242 10.9874 13.3156 14.3298 11.3338 2.86756 14.4055 3.41054 13.5675 3.61091 12.4309 14.074 12.8681 13.1784 7.25675 6.26837 14.8794 2.25439 14.4539 11.0355 6.14352 6.52934 7.77274 5.97239 9.34662 14.5278 7.84966 6.11262 4.6731 6.7312 13.3956 12.4779 7.51646 4.24518 11.1169 14.0495 12.2979 12.2625 3.61941 9.4092 11.6421 13.5703 8.04356 14.3009 3.16095 5.35273 5.18335 7.8616 4.09401 5.03804 7.83682 13.2722 13.0568 4.94102 12.1393 9.07892 6.64664 3.95012 14.1288 1.93377 4.65534 1.50954 3.79462 11.0056 8.14002 14.6463 10.857 11.3109 6.10084 3.29198 6.53044 4.71403 3.51637 7.65003 5.51909 9.34844 9.98632 4.85711 10.4941 14.7066 9.23173 4.69001 8.30409 3.65085 10.7025 13.0673 11.1674 7.59333 14.5426 5.09564 14.5971 12.5966 4.66211 8.91175 13.8089 6.6436 3.66751 10.0683 4.36008 12.828 7.39869 7.21549 14.2725 7.21385 8.32373 9.82725 12.3869 11.616 6.54102 11.7224 10.1999 3.54961 1.63879 14.6307 12.9338 14.6001 12.6621 14.0539 2.08839 5.46276 11.4372 8.17177 10.2251 10.4026 5.50328 9.54261 11.2341 4.38382 7.4019 12.3494 10.8331 12.6191 5.07342 2.9404 6.54936 10.2892 7.61117 6.91457 12.9336 10.6823 11.123 4.00235 10.2562 11.0033 12.95 14.491 12.4364 5.10273 13.4931 12.945 4.45353 2.37608 12.3967 13.4714 12.4906 5.58274 5.83981 9.27987 3.06063 8.33494 5.18476 2.78823 9.36499 5.50662 2.73313 11.5221 5.6346 9.8122 12.8393 2.56005 8.70325 13.8053 6.13114 5.27365 8.56342 12.0473 13.5886 4.11213 4.65457 9.19591 2.22912 9.68218 6.13378 7.26385 1.65098 4.37266 2.87888 5.79687 2.18371 12.2742 8.47395 8.22232 9.3962 3.14371 6.42726 14.1173 5.21199 1.66379 8.87164 4.14684 11.3822 3.74718 4.99728 5.42194 5.56561 3.63598 8.46691 14.5276 7.26659 3.54588 8.06343 14.4709 2.87993 12.6053 3.81998 11.2983 13.5935 14.8394 13.8824 2.63422 2.3981 7.44924 4.85418 6.38802 4.95493 8.13534 8.87361 7.88197 5.07024 11.2168 2.17373 7.6487 7.02761 7.29494 10.8743 14.6486 14.5275 5.71194 5.25668 5.1574 3.98444 12.5544 7.77035 2.57307 6.93127 11.4521 3.02278 14.8935 11.2812 7.92084 7.50108 12.1132 12.1971 9.00157 8.77629 4.29079 3.31823 12.443 10.4401 11.0357 9.59421 12.1803 14.0239 10.1651 6.47686 13.3577 12.1505 7.28083 2.21907 9.64707 13.1676 3.51611 6.53122 10.6104 9.51505 3.20218 13.845 4.35814 4.57264 14.2049 7.93477 10.7515 10.242 7.18135 8.14609 2.4007 8.51009 2.50609 1.98195 10.7072 5.24509 8.11771 13.7963 5.20143 7.47509 4.03501 5.8448 11.9254 11.8989 7.29322 9.94355 5.10989 11.3795 8.0501 10.4845 10.897 12.6696 13.1121 4.05907 11.3571 4.61988 14.63 12.9383 6.55156 5.11977 12.2155 5.16126 11.8891 4.52023 14.2261 11.4805 11.0286 14.7893 11.4715 13.9149 6.07527 1.64998 11.0892 4.15988 9.82324 3.45045 2.33968 2.60532 13.7919 11.5168 9.57237 4.21066 6.30759 10.2383 9.61077 6.48747 6.88064 8.13461 3.80791 4.83949 2.12647 12.6561 8.5216 2.51004 5.98229 9.46614 11.2596 14.8869 7.96847 6.95576 7.24476 7.41463 5.24487 4.24111 1.64999 3.3641 3.71202 10.893 11.2533 3.70981 8.40736 3.64898 4.76261 9.36432 9.94628 2.3579 4.56056 4.02026 14.2582 1.90679 5.61926 12.3497 14.3672 9.88024 1.83487 10.8109 5.46854 7.70211 5.03223 8.31275 9.54861 4.00982 9.38929 6.48609 8.30121 11.5108 2.53155 8.31307 7.08793 8.07186 3.04637 14.3635 7.19375 10.2901 9.66723 13.3889 14.6275 9.79739 3.87791 
2.0
6.38012 6.90401 1.9208 4.64304 5.02835 7.132 1.05839 9.8481 2.96573 9.53936 9.14408 5.71979 5.16757 2.27944 7.92259 8.82251 8.868 7.59683 8.41218 7.12796 2.64507 8.92128 1.91358 3.84526 9.97853 9.05923 2.74159 5.59893 1.78026 7.98308 7.17937 4.45437 6.39731 3.71799 8.15528 3.2911 7.58772 2.82646 7.14251 8.02357 3.96884 8.99049 9.7813 9.16974 9.4384 3.19144 9.72375 2.26717 8.06824 9.9875 1.20146 6.6369 2.97067 2.38886 6.81562 5.99491 1.63745 9.83052 8.04994 4.41128 5.25151 1.74274 8.0061 4.11693 6.47128 1.21917 5.86192 8.65813 9.18763 1.28266 4.55222 1.89856 2.75359 3.24861 2.17222 6.3691 3.18659 1.68617 7.60374 9.46525 3.84343 1.47688 3.86393 4.99216 2.06793 8.47115 7.67675 1.55744 7.31116 7.24229 4.76705 2.31146 8.22435 2.4382 8.37731 5.53546 2.22454 2.23081 2.50709 3.57721 2.03277 2.36302 8.37507 2.63439 5.68496 2.29347 8.60377 4.88558 6.51551 3.93879 3.62693 2.46896 2.61347 6.5137 6.81957 5.80858 1.25142 1.96857 9.85065 2.7884 4.78699 2.52478 3.75843 6.27391 9.53701 5.80765 6.24849 5.48139 4.12439 1.07713 9.71436 5.6949 7.79756 3.05597 7.48086 7.83087 9.22265 9.85577 3.77006 4.35036 8.24827 6.50048 2.88991 5.01896 3.14299 9.54769 9.14555 7.01443 8.80542 4.30753 5.97322 3.88185 2.44701 4.1592 8.79685 1.83654 8.24746 2.46524 7.10736 2.91464 1.48279 1.58334 7.26454 4.47124 5.62614 6.4759 9.52161 1.52628 8.92107 5.41724 4.77246 5.45807 1.9277 5.29837 4.52153 2.54442 5.54135 9.02954 9.57631 9.8515 3.98394 2.5404 2.96259 7.97029 3.26801 9.87775 7.56227 7.10075 3.63338 4.90108 5.97386 7.98359 7.45649 8.07562 6.09566 6.17973 4.1324 3.86318 4.93157 8.19739 8.4294 7.21054 8.11957 9.96687 3.81635 4.63557 1.68282 5.16296 2.26262 8.41093 6.50348 9.87503 9.01071 3.34554 4.01913 9.12473 4.8215 6.6636 7.64189 9.73141 4.1922 2.48128 5.40014 6.02512 5.04692 7.38114 3.30297 6.90736 5.39992 1.58415 2.92721 2.75941 1.49149 9.21934 7.72719 2.69834 7.8965 8.19116 8.56707 2.68068 5.10563 7.1445 6.97593 5.95375 8.0792 6.0273 8.62542 1.35464 8.27372 6.75088 9.53014 2.95685 9.64106 6.44791 6.47061 2.56455 1.10026 4.82804 9.13896 1.5546 4.98205 3.13114 4.50724 9.56607 7.94596 8.17826 3.91836 5.53758 3.87017 1.02023 6.39979 9.59216 9.2139 9.68388 8.69976 9.26986 1.3526 2.51597 3.54628 5.60797 9.38565 2.62471 6.62868 3.5689 1.91684 4.91904 8.80189 5.31572 8.30741 6.24543 2.01334 1.83538 9.90182 9.12244 2.45257 3.40955 1.72614 3.57291 3.42336 5.43314 4.15908 3.5538 6.43871 2.08046 2.0757 7.48367 9.0383 7.31905 4.96382 4.36784 7.82874 6.77115 7.51297 3.0212 3.24638 6.92286 8.17612 7.88869 1.54281 6.18091 9.20399 8.96339 9.49305 9.27712 2.65203 8.30232 8.32636 8.52052 9.86009 6.63988 1.37967 8.39707 7.90469 8.5989 4.97378 8.01711 8.52402 5.99945 5.0121 8.91046 6.01551 6.76518 9.80208 7.66907 5.60611 5.92742 5.59936 4.9375 1.79524 2.22687 8.37446 8.2509 1.17035 1.813 9.30226 6.22073 4.19517 4.54105 7.47399 8.56812 4.47058 4.36672 8.33202 3.50487 9.96821 8.33853 1.32721 7.96213 9.73658 6.68777 2.29893 8.16672 7.58004 6.51622 3.07779 2.06512 1.21022 7.5814 3.81094 4.09508 1.37025 5.67956 6.51014 7.80493 5.43159 1.1263 1.32234 9.82056 1.96348 7.83485 4.02307 9.65996 1.77514 4.49199 5.23236 7.89553 9.93053 3.33165 6.85339 7.16399 6.23582 7.00618 6.2338 2.52395 1.6995 2.0552 4.54957 1.66115 4.46516 2.47219 7.9117 7.44132 7.71692 3.86873 7.69537 3.31074 4.05749 5.73631 7.59193 9.04447 3.85892 7.30592 2.88343 4.34214 8.086 8.50518 6.43985 3.77152 3.0923 2.51322 8.93897 8.55966 8.8889 9.41317 3.80894 1.73174 5.38571 2.44228 9.3934 9.0975 2.10555 1.33978 2.8394 5.58542 3.87077 4.29231 4.2079 4.42452 2.9626 5.97703 9.30686 9.67377 2.25318 7.20244 9.74713 7.59922 1.81012 2.64679 5.7209 1.39878 7.4739 5.19416 7.00282 3.77459 2.90773 3.36823 8.6738 9.85314 6.62024 9.36366 9.06742 8.95297 2.46071 4.17516 2.43908 3.70007 9.08701 9.32421 4.85771 4.99095 4.90618 1.68342 9.8202 7.30327 9.98766 8.89857 4.08845 2.85427 5.4492 2.90829 3.24914 3.10674 9.8154 1.06137 3.49603 9.12268 1.84892 1.33182 7.13507 7.26469 9.35434 8.13146 9.31205 3.74484 8.45469 9.22027 4.46297 3.52143 6.84061 7.21433 7.98701 1.04318 9.4922 2.19145 7.64225 5.34125 6.37351 1.89446 2.16392 4.9688 4.59965 1.03212 5.60541 3.28828 1.57664 6.17774 3.90191 2.60634 2.61383 2.76538 3.15666 4.6564 6.50903 3.68382 3.14991 4.92889 8.60627 3.96805 8.57053 3.34912 7.82625 8.08853 1.47024 8.80285 4.16939 8.33803 5.44054 6.00945 9.19159 8.8162 3.01226 6.2428 1.95262 9.51171 7.77781 6.39978 5.93716 8.98211 7.73602 4.91642 3.44853 3.13133 9.35971 7.03178 6.97503 2.58484 6.88585 5.89935 4.02896 1.16241 7.32846 7.04627 4.95834 7.94865 7.71405 1.68006 9.23118 3.46107 1.03981 1.34311 2.6925 4.41588 6.45445 3.41476 8.29398 7.59144 2.16163 8.96108 5.79624 6.28932 8.54612 7.43228 3.94382 2.89306 2.02257 4.70777 8.61279 4.02458 6.10696 8.98893 8.431 2.79824 4.21068 6.03945 9.37103 6.67252 2.65732 9.2734 5.81574 7.39945 5.42204 9.19093 9.59655 5.57158 4.09367 6.66164 6.50431 4.2667 5.55941 8.55553 6.77287 3.29018 2.91222 8.22174 5.03524 7.51493 2.08084 9.31484 7.25251 8.81911 9.68253 7.46883 3.11535 9.12139 4.59833 6.31872 5.41816 8.01394 5.77117 9.36992 7.90595 4.49302 6.72644 1.2151 1.09379 8.28732 6.31535 3.59885 5.55896 2.28383 5.18091 3.8299 1.20578 4.55146 8.44653 3.04109 9.00303 9.46229 3.12734 8.7969 5.69409 1.41045 4.7641 3.54871 8.97968 9.62871 6.7798 1.43764 4.67334 1.60267 8.05894 8.94517 8.32944 6.58262 6.24942 1.89128 4.84399 5.69314 6.28713 4.28031 4.52797 7.14017 3.64311 3.49449 4.15343 5.01595 9.79352 3.33512 1.47218 6.20146 7.41211 3.41135 4.70716 3.86661 1.78543 8.37672 5.51643 1.06801 1.95067 8.51322 9.92988 7.94446 8.05619 8.16317 5.75856 8.01006 9.44466 7.5086 5.97664 6.04501 6.95888 5.1984 1.57611 9.084 9.97023 8.32305 8.39399 8.00236 3.62986 9.23707 5.4124 9.19974 7.84241 5.72907 3.03109 3.88157 7.4625 6.03947 2.81271 5.43808 1.21377 5.22594 6.20082 6.42105 2.83072 9.37639 4.71037 3.61813 7.92303 4.16967 1.09099 5.72492 3.0627 7.28397 2.96288 1.11463 3.59371 2.15281 2.42538 7.20542 7.66446 9.56868 9.13813 7.9254 5.98275 4.6344 6.37496 8.77529 6.79352 7.56208 5.55042 6.9887 8.57916 1.81979 5.71894 7.29013 5.98254 8.1258 6.54667 6.75057 6.45264 3.79058 7.25596 7.2408 8.11291 6.90638 5.04253 5.98229 6.35221 5.88448 6.46522 4.69581 6.63844 8.84014 2.30851 5.84769 3.05485 1.32516 9.41759 9.4937 8.05894 5.90811 4.00612 6.22059 2.96412 5.1022 2.93672 6.68538 2.6439 2.14086 9.47399 4.25214 4.95883 8.10091 8.01026 1.22659 9.40608 4.87342 3.264 4.18823 1.49163 5.48224 9.45088 1.92022 6.32517 9.25015 2.92745 2.43685 8.93765 9.31268 4.80752 7.60871 6.82142 2.97961 1.05115 1.8855 1.19315 9.4441 1.5264 4.61646 3.47927 9.33948 8.54357 1.46855 7.52416 8.64368 7.36227 2.44218 4.02097 6.43139 1.17098 5.98465 5.66508 5.97376 5.03944 8.70126 6.53023 1.68585 3.34356 2.16406 6.16733 9.42172 1.16301 6.31822 3.92585 9.61711 3.15156 8.98611 3.99798 5.77989 5.37992 4.96901 8.68535 4.82805 4.65141 4.24649 4.38842 4.77543 2.79013 4.77345 7.81859 3.26505 1.40188 6.37474 5.93291 4.45016 9.60772 7.23758 1.09143 1.72289 6.25017 5.50152 3.93729 3.79054 5.07208 1.44609 5.49935 9.59962 2.36811 4.77609 5.01758 8.60745 9.60896 6.50463 7.99106 1.90146 4.5382 9.93364 7.94862 3.66613 3.24169 8.23225 1.44217 9.49765 5.68983 3.11266 4.76269 8.06608 8.25225 6.10377 4.87882 4.62537 6.68536 8.92238 2.09816 6.87088 3.09242 8.44215 4.95126 4.64461 3.3563 9.76011 8.79813 1.98812 9.54492 2.8609 7.65756 7.04304 2.78936 7.37863 7.75901 2.29928 2.13455 9.95641 2.31718 7.6909 5.86269 5.70356 2.02922 7.03959 8.7893 4.2504 8.79464 3.34589 1.03193 4.90078 9.15781 9.42794 6.7515 8.38224 9.97315 5.40805 5.36636 6.69379 3.79303 2.54674 9.73894 9.55139 3.47821 1.92463 8.83507 3.93108 6.53105 5.47181 4.35602 4.20974 1.65129 2.845 1.84306 8.40354 4.01454 1.65227 5.75487 9.00401 6.77341 6.5255 5.01738 8.91182 6.2813 5.54042 7.54648 1.96814 6.53883 4.48436 2.24324 3.58373 7.36293 5.47162 5.96186 9.96564 7.77864 6.40653 1.95021 7.4416 2.13344 7.79415 8.26312 9.38202 9.43441 4.39862 
1.0
2.92443 3.89337 3.94619 0.869902 4.18526 2.1027 2.03328 1.16472 3.29833 2.34449 2.59154 2.09593 4.28987 4.16705 0.686639 2.33132 1.56599 0.770587 3.56268 3.78333 4.79351 2.11709 4.87172 2.34887 3.54065 2.86246 3.28807 1.09631 4.42741 0.860949 4.7573 3.14976 3.53572 0.991795 1.63006 4.52067 4.32944 2.05819 2.93065 2.63664 2.33398 0.508496 1.01034 4.81748 1.82585 4.22968 2.83549 2.94861 3.78184 4.66308 2.16043 2.10163 3.33802 3.99241 2.83504 1.85227 3.50855 0.654011 0.99719 4.54548 2.41417 2.91941 4.89991 3.25788 1.2705 0.800096 4.6233 1.20745 3.88612 2.0246 1.9212 1.86045 0.92038 3.83782 3.45272 3.48566 4.15102 1.87263 2.1484 4.90585 2.50148 2.34372 2.96123 2.19652 4.07809 3.81375 0.752419 1.08193 4.46689 4.78175 2.56188 2.27836 0.540362 3.34372 2.01357 2.53465 2.52377 4.67563 2.60549 4.62002 1.57142 2.58859 2.13454 2.50916 3.10256 4.90626 3.50612 2.5145 2.14713 1.41463 4.67842 1.61592 1.95122 2.63399 1.4916 1.73754 1.59237 3.16317 1.13164 3.72186 4.35451 2.34608 3.47899 1.25123 4.1128 3.51046 2.092 3.96643 1.47815 3.029 2.57506 2.03267 2.45156 2.95256 2.08162 4.90274 1.83815 4.46582 4.2018 3.52752 3.17105 2.41513 3.98496 2.26368 0.894974 1.15858 3.84689 1.22868 3.55963 4.48841 4.11182 3.35303 1.27282 4.37563 1.93921 3.37983 1.16338 2.28696 0.885278 1.56156 2.60384 2.324 1.8493 3.80411 4.44284 0.934624 4.65471 1.50816 1.49738 2.44676 4.51488 0.857698 4.05474 4.17432 3.63378 4.80594 1.63423 2.84543 4.19131 4.00842 3.75872 2.10295 2.96343 1.45337 2.48586 0.82726 3.32708 1.03938 2.94913 0.53125 1.89984 2.85034 2.65863 2.57766 1.56434 2.87757 2.81168 1.96863 3.62747 3.93933 4.36307 2.45754 3.86433 4.04748 4.60525 1.23309 3.69698 4.9715 1.0081 3.92567 2.7579 2.74971 4.56861 4.68601 2.08827 2.89779 1.92025 1.08604 2.22099 4.06457 3.45214 1.09208 2.89847 1.88506 4.18794 1.86025 2.17515 1.78073 3.67457 1.10415 1.65487 2.45716 1.63066 2.78484 2.11295 1.84881 3.10475 1.37305 0.752995 0.761125 3.89328 0.933667 1.34856 1.95997 3.46835 3.7825 3.51951 2.45819 2.66522 2.46527 4.89318 3.74957 1.87962 4.30895 4.90027 1.73996 2.02474 0.795244 3.45554 3.62575 1.49812 1.00646 1.27326 1.96953 4.90815 0.893571 4.06741 2.72307 0.810474 3.11655 1.38664 1.44755 0.704055 4.20702 3.33405 4.48108 2.03708 0.80307 2.42166 2.80341 3.47258 3.70647 2.30973 4.348 2.66387 3.51205 3.18073 1.01128 1.28965 2.55934 4.49821 3.10925 1.59903 2.95658 4.90033 4.03126 1.21618 2.42687 1.47821 3.34114 1.95478 4.72667 4.18905 0.575502 3.39233 1.88653 4.65395 2.48943 1.45406 2.5241 0.59058 0.999299 3.25676 4.97939 1.63057 0.572977 1.96229 3.02231 0.771656 2.81721 3.89085 3.88246 3.71465 4.51233 2.14411 2.35123 1.33509 2.34419 2.48795 3.20608 4.53972 2.08336 4.74512 4.20717 4.25773 2.96165 4.94759 4.91624 2.81671 4.49584 2.49863 3.08768 1.95347 2.00865 1.09476 3.38198 3.70948 4.59709 1.15737 4.65138 3.96122 1.29793 4.02413 4.04776 3.33524 3.70058 3.15023 2.20288 1.75793 0.757093 0.569277 2.73079 1.39013 3.53955 1.36404 3.80259 2.1965 2.19466 1.89693 2.0434 1.39963 3.84562 1.05025 2.00162 3.56888 0.691239 0.72621 1.94044 3.09408 1.05238 2.35671 3.20163 4.29394 4.11558 1.67289 4.8916 4.9092 1.62403 1.98441 4.13969 3.73057 4.26574 3.21858 4.17879 3.11149 0.50901 4.96917 0.998143 4.11557 3.13517 3.30503 4.8185 1.04883 1.21856 1.58844 4.13947 4.62671 4.30382 1.55331 0.609179 1.52587 1.03038 3.89301 4.46617 1.07068 0.954276 2.60809 1.80357 4.80457 4.31721 2.36372 3.90558 4.69609 1.01287 2.60686 0.906107 3.22971 1.00049 4.69326 2.0198 3.63146 3.91576 3.77417 2.59524 3.9793 4.62891 3.69286 1.74049 1.94821 1.0001 3.14087 0.770829 3.44014 1.58208 4.82404 2.7288 1.34864 4.02011 4.88833 1.7265 3.20829 4.89911 0.855361 4.86016 1.97891 2.78818 2.31773 3.44699 4.71452 1.23223 1.64415 3.83422 4.36706 4.94103 1.44424 3.03054 4.97488 2.42541 2.04323 1.40966 3.48598 4.8308 0.71629 0.736246 2.46608 3.71797 4.9327 3.26406 1.94138 3.04114 3.35979 0.656404 4.12609 1.5732 4.87662 4.47879 1.7848 4.52835 3.8474 3.5139 1.97953 3.63194 4.40477 3.14883 1.95161 4.38752 2.49272 0.584558 4.88824 3.79125 4.4194 1.61769 1.32396 1.74356 3.16958 4.74451 3.92671 3.40799 4.72697 4.33723 2.9188 1.2674 3.15625 1.64256 1.88258 2.1274 1.19487 3.35252 1.20087 2.31705 2.10466 0.99753 3.38218 3.3368 2.03315 0.911741 2.02067 2.70374 3.13469 3.52066 1.64092 2.74411 4.7013 1.70101 3.17743 3.58303 1.55335 4.96292 2.33888 0.58154 0.939941 1.70428 3.10717 1.9709 1.69908 1.28744 3.62123 1.43414 0.927602 0.688155 1.6956 2.38489 3.41092 3.96679 4.22374 1.69346 4.56243 2.3118 2.21617 2.6102 3.12281 2.40543 3.72329 0.636138 0.868951 1.86178 0.893043 3.09082 0.582787 3.98701 3.91331 3.62753 4.52978 2.11193 4.58907 3.94562 2.19725 3.24675 2.30432 3.95029 3.54239 3.30821 4.61878 3.10947 3.00017 1.66883 4.74937 1.75805 2.50084 3.27858 1.18639 4.59936 1.24736 1.6087 3.19457 1.65395 4.00249 3.16786 1.94878 0.905524 0.63569 1.34052 4.05456 2.3943 4.67977 0.797597 3.70346 1.50752 4.64733 4.72943 3.713 1.21722 1.35692 3.15091 2.20159 4.01537 3.01901 0.528987 1.14804 3.79616 2.8317 3.98237 3.08596 2.43566 4.33621 1.30351 2.68284 3.81863 2.28214 3.05286 2.45397 1.06269 2.25245 2.47541 0.861048 4.18971 4.79829 3.98945 4.54563 2.49451 1.33351 0.99761 3.94727 3.36074 2.03896 4.27022 4.55652 1.27412 3.52663 1.65085 3.55259 0.78288 2.01343 4.33418 4.07583 1.15551 4.75483 1.9661 1.88501 3.48576 1.48822 4.3161 0.649298 1.99484 1.63607 0.77189 4.12502 2.28106 4.51881 1.90635 0.96722 1.2665 3.82753 3.36668 2.92598 3.09116 1.60639 4.83583 3.67744 1.20424 2.49483 0.816233 4.53969 0.902738 3.97957 3.98577 1.32333 3.5673 2.90629 4.37598 2.06686 4.34536 2.50117 1.62261 1.40679 1.0315 4.15213 4.53836 3.83257 2.89512 4.1999 4.75791 3.57623 1.20536 2.48877 3.20523 4.3868 2.70326 2.42716 1.63313 4.93954 2.27123 4.80799 1.98515 1.62988 0.549755 2.13872 2.32957 2.00212 1.25138 2.73124 0.61584 1.56299 3.92195 1.30148 4.00318 2.72983 3.39912 1.82882 1.01147 1.66367 2.71815 4.92523 2.24445 3.73699 1.21493 2.46418 3.43507 2.38629 0.576277 4.21936 3.56326 4.59938 4.08754 4.2631 3.79585 1.78752 2.32742 1.8746 2.99878 0.792218 1.56008 2.70794 1.07162 4.77687 2.57451 2.46979 3.35428 4.75314 4.22117 4.85693 1.35608 1.99211 2.39588 4.00356 4.057 0.570197 4.72103 1.18833 0.531252 3.79982 4.67393 4.05114 4.64307 3.29486 2.91261 1.56974 4.06482 3.42085 1.5487 2.54604 4.86731 2.37998 0.617706 4.85226 2.93246 4.1808 3.49649 1.1868 1.43812 0.742781 2.01805 1.08983 4.66526 2.88553 2.03351 3.96876 3.87734 0.952874 1.67144 1.88338 2.52204 1.32163 1.04442 0.840775 2.00512 1.54521 0.652844 4.35009 4.28673 0.881929 4.23602 1.98693 2.04978 3.45811 1.32053 1.21766 3.69074 2.81595 3.71583 1.23333 0.882645 4.09618 3.20717 1.04352 2.46032 0.605434 1.19569 3.57979 1.87796 1.51841 4.53593 4.55907 1.98891 4.96481 3.3204 4.35662 4.89772 4.25104 4.86162 4.63893 0.634513 2.46668 4.6213 1.0063 1.90154 1.72566 4.3368 0.895173 1.14207 0.792318 3.09493 1.49029 0.681507 3.34211 4.10288 1.89655 1.1908 3.10716 3.40659 2.32071 4.72207 2.15652 3.30623 1.51276 3.06658 1.56127 3.21901 3.71713 3.18488 2.69429 1.7393 1.38364 1.95931 3.41486 3.14591 3.38825 2.51867 4.88804 3.60675 3.01346 2.38525 4.28876 4.33065 4.93868 0.694085 2.64068 4.41653 0.990123 4.23443 3.03989 2.64981 4.90068 3.0636 1.5133 1.49604 4.3294 3.44298 4.2618 2.04186 3.39086 3.34634 1.53823 1.13319 4.9442 2.79047 3.91009 1.9607 2.39198 1.73796 3.65701 4.34255 1.23878 1.32234 3.05297 3.95434 0.659607 1.64548 3.78335 2.75643 4.828 2.89721 4.74667 1.36845 3.25394 3.04722 1.49116 2.64106 3.38154 3.35926 3.03602 1.67504 0.696474 1.47757 0.827517 0.537607 1.09317 1.33559 4.57984 4.92601 3.25179 1.63693 3.25065 0.528375 1.77497 1.15859 1.9015 1.33182 4.33428 0.626522 1.69293 1.12787 2.07655 3.41331 1.76439 1.46506 3.53985 3.80829 2.74888 1.29892 3.82932 1.1098 0.672396 4.58909 3.80271 1.28975 4.98812 3.09381 0.515728 3.98047 1.9954 4.11163 0.6771 4.03382 0.893412 1.92037 0.863467 0.902507 2.71974 3.16339 4.24399 4.59375 2.42359 4.93309 4.06474 4.44517 3.82377 4.30169 3.64286 1.97293 4.70157 1.04926 3.12049 2.0422 3.77826 4.83905 4.72843 0.609783 4.82739 4.09005 
2.0
4.73822 5.65689 5.84106 8.76558 9.37982 2.42874 9.33249 7.95547 6.65093 7.42969 7.96922 4.45413 4.91946 3.85535 9.32461 4.74427 5.78783 4.57673 9.44794 5.10871 4.92048 4.3906 3.69387 6.19519 9.50032 8.5238 7.43086 7.08515 4.81413 6.89147 1.12847 1.36639 9.46676 6.60915 2.3236 6.70964 7.72435 1.25881 7.96557 6.44902 6.48638 7.40877 9.64021 5.66644 5.38665 1.88753 5.17273 8.27989 1.52322 7.31153 2.10962 9.63559 6.31713 6.36678 8.57936 9.10415 7.00014 4.34441 7.03208 2.18055 3.23135 1.43015 5.35816 1.58803 6.34268 5.24767 7.88563 1.88596 5.71333 7.15587 9.75659 9.0815 5.77307 7.80005 1.18249 4.7453 3.13448 6.41701 4.07829 2.13097 7.35413 3.394 1.57557 9.7986 1.82255 2.58167 7.91452 6.24201 2.28326 8.86083 4.21486 2.02011 1.48055 7.46317 5.62563 4.892 2.43633 1.54591 3.35392 9.45604 9.85573 4.52025 2.07249 6.79286 2.16169 9.63389 4.20629 9.61221 5.65849 4.30727 8.59793 7.40376 5.32406 6.72389 1.05197 9.09177 2.73136 3.1744 4.2582 6.69375 9.59851 6.65468 2.59381 8.4829 8.46793 7.2178 7.30442 2.15454 2.01437 7.57988 5.56404 5.49646 2.48179 4.47986 4.91398 2.06312 1.74922 1.29317 6.58062 9.35376 7.52548 2.39934 2.17206 4.9945 6.17281 2.80347 7.25376 3.4242 9.65944 4.51161 1.30301 8.5844 2.14101 1.16012 3.54233 9.11298 6.67095 7.39882 1.15182 2.54193 6.53973 2.52814 4.36032 7.9988 4.74306 8.89011 7.91558 8.91229 1.07892 3.51333 7.43326 1.22155 8.37358 9.51178 3.12489 7.58949 4.33647 2.73755 4.4047 8.12 3.54398 7.18751 3.87535 8.079 2.05217 5.66386 6.19262 4.11951 6.13836 3.18857 8.30895 6.51049 5.67165 4.67176 7.59592 4.86971 4.61237 1.33397 6.34558 7.90048 5.14035 6.38234 8.15081 8.63222 3.91219 9.44068 1.66442 5.66508 4.94741 7.2335 8.23731 3.91831 8.64346 7.02384 8.93542 8.38267 8.41969 7.30514 7.43565 6.37662 8.49021 5.24692 8.30071 5.80657 4.26565 8.39438 5.13275 7.93086 1.88383 1.12195 1.10609 9.12778 9.36933 5.34071 3.37864 9.16746 3.922 5.9597 4.88244 3.48764 5.83429 6.60121 2.99292 8.97334 2.53763 4.06987 5.57719 1.74053 6.27755 3.07574 1.9212 5.42355 6.91784 3.71128 2.03576 1.46658 4.37353 2.18216 4.84154 7.91896 8.17285 9.2921 7.73296 7.23437 8.64801 1.18149 8.02092 6.574 5.25498 4.82001 9.75452 1.11358 6.52207 7.75311 4.42164 6.85432 6.12755 2.6024 2.02846 5.43776 2.60603 8.81998 9.05782 3.46451 4.18386 4.19659 2.80658 3.81695 5.2434 4.62381 5.60179 1.48576 1.91613 8.61 2.39588 8.40043 6.30481 9.05027 3.24059 3.76359 9.8344 4.75033 3.14002 3.38937 8.23199 7.20418 5.78237 9.54553 2.63556 2.12581 7.65077 7.79958 8.33169 5.23471 1.01286 6.36881 3.6222 9.79535 9.28942 5.47415 3.31963 1.41056 6.3018 9.19807 9.37165 8.56876 2.89829 3.34619 5.11443 4.44518 8.45941 2.81304 6.65483 6.45691 6.7821 1.9515 4.88158 9.07194 4.8428 3.44627 9.60528 6.37198 5.93947 4.19124 2.32739 9.86934 1.71246 5.67075 9.13806 3.07759 5.54435 8.34471 1.2429 8.3362 5.83865 3.5377 5.61868 9.38906 5.67745 3.33195 7.29787 4.21688 9.3579 4.9642 7.78211 3.62356 5.3077 2.22649 1.08466 7.07642 3.87942 3.37089 6.90165 5.30033 8.52371 6.01804 3.41227 5.12579 5.84155 5.56971 7.20792 9.09086 6.01519 5.62517 7.85019 8.29706 3.11822 7.90154 4.5578 2.01909 3.80438 4.158 5.52241 3.56858 2.87538 1.62393 3.35337 9.91161 9.22756 5.43093 3.15134 2.54023 9.67747 7.54879 8.71085 2.09785 1.16642 4.72531 7.35175 1.25855 5.84383 4.93007 2.87956 5.36028 1.52957 8.80212 2.17474 5.29198 6.05516 6.60148 4.91085 4.1346 4.98392 4.1647 9.90164 3.05603 6.20997 1.36416 6.57704 4.95994 9.93619 8.57143 1.08802 4.38849 6.53104 6.62439 9.5404 4.17904 6.76431 7.79841 4.85757 9.37463 9.92182 6.28129 1.77206 2.88849 4.2989 2.6522 5.44609 6.42237 4.57293 7.86449 8.22097 6.13886 4.55467 4.23244 2.99542 8.58751 2.81856 2.92186 8.73283 6.38495 6.7119 4.44463 4.59738 2.14888 1.24295 1.65717 2.21908 5.18595 4.3479 2.76277 8.58772 5.43359 6.0368 6.81783 1.07577 1.15567 2.91839 8.24207 9.09008 3.89218 6.60376 7.83254 9.85259 7.16269 3.48903 7.78165 2.8099 4.42384 5.41684 4.19901 6.17175 6.78061 6.7168 8.63723 7.0784 1.9516 5.12484 4.12163 4.89695 2.98817 1.08146 2.18383 8.14652 2.24751 6.90887 7.39922 7.55234 6.11955 7.36704 1.92845 1.72883 2.00787 2.0887 8.56267 7.99144 6.06446 8.3932 2.7728 8.79753 7.17839 1.97928 2.26265 9.31608 9.7184 6.99676 5.52595 3.62635 8.52939 6.99715 8.90732 7.0454 8.68283 5.26311 7.66707 6.08453 4.48103 5.01688 3.55001 1.53471 3.21539 4.00762 5.35809 5.18074 8.17846 7.97755 9.02694 3.64452 1.43005 4.50716 6.7064 1.85703 2.81705 9.73916 2.34486 6.65941 2.74735 3.48148 2.27757 9.03278 7.21755 9.18908 3.31882 5.45706 1.59459 8.32469 9.85803 8.89866 8.65132 8.59851 3.4598 8.9271 2.35598 9.58671 4.46776 2.46053 5.91552 5.22893 5.11245 9.64012 9.5729 9.70467 3.62299 7.33344 9.65827 3.18852 8.84276 9.76661 2.39404 8.98441 1.84889 3.78554 8.9539 9.53863 3.07576 4.24588 1.27565 2.83189 6.44228 9.03204 3.12809 5.6502 9.98322 2.20502 1.93167 8.23466 3.48431 9.77916 8.83312 1.81023 7.62135 5.62785 1.53398 2.49329 7.10317 5.01805 6.37303 4.07822 7.31849 8.27384 9.16258 8.2028 2.98676 6.06875 5.2788 1.39259 7.31279 5.8471 4.50576 9.48415 2.14542 2.87416 4.13359 8.92718 2.63994 8.41528 6.81034 5.46563 6.92459 4.54393 6.64792 5.69763 6.27083 1.07856 2.08182 3.01437 6.26755 1.14847 3.98484 9.41787 9.49925 5.88854 7.53461 2.71771 9.22805 8.76284 4.33515 9.60656 7.57963 2.01723 3.29221 5.11471 8.73309 8.76074 1.74261 1.9435 9.61468 1.17598 1.33741 1.17756 1.59551 6.3584 1.17907 6.87612 5.69309 8.28443 8.71246 1.04305 1.7768 1.40859 9.86976 9.47592 8.27728 2.38945 1.96933 1.99397 1.89971 6.44452 3.86841 9.54488 5.84102 9.83408 2.86982 3.69061 9.01097 3.97381 4.88246 1.97195 8.75718 8.67649 3.33582 7.65218 1.59402 5.02242 6.3483 4.33945 7.43542 6.35891 9.6495 9.98824 5.83163 1.92858 9.7564 5.77956 4.70984 2.6266 7.90345 5.38019 3.11868 4.38679 9.22654 8.08074 5.47673 8.69675 3.70094 2.31266 1.8248 5.74172 5.33303 6.04416 8.58225 5.67748 1.10609 4.55499 3.30709 5.53214 3.17985 6.09019 9.9601 4.23675 1.84406 3.89267 6.17278 7.28492 3.72588 2.1148 8.01924 7.5213 6.75124 2.10879 3.79198 9.55894 6.36008 7.59606 2.28159 3.32563 1.47548 8.21547 2.06034 8.23905 4.72672 8.95051 3.2697 3.51092 7.42624 1.93531 3.41175 1.07998 2.80051 2.13966 8.64447 4.67396 8.97481 7.43284 2.08103 3.50035 6.21188 4.52643 8.59283 5.06616 8.90451 7.29598 8.61664 3.62655 6.82208 5.98159 2.46545 5.76239 5.11088 2.76744 4.64338 9.58672 5.54846 3.24018 8.66441 5.08004 5.55185 4.22623 7.87505 9.05469 1.43962 9.508 4.78092 4.24789 9.44797 5.91904 4.37719 3.04392 1.00061 3.31803 4.98301 6.32506 8.73261 7.94173 9.07975 5.95147 2.76814 5.63685 4.65322 8.37001 9.75211 4.47076 2.53977 2.8519 2.13575 6.22116 8.27628 4.8594 3.21602 1.24464 4.95411 8.04125 7.42904 9.22414 5.57686 2.35713 8.39728 8.29535 8.42214 8.83097 4.23083 9.05195 3.90719 9.43321 2.58241 7.92983 1.45842 1.59188 2.95639 4.47017 8.88482 1.83273 5.7717 5.9614 4.75538 3.04809 7.6786 5.9602 7.28027 6.89482 5.62943 4.1912 1.19606 9.82099 5.20317 9.32578 6.15475 1.22159 1.68403 2.13964 3.11677 5.22312 1.39383 7.54937 2.24785 8.59705 6.77833 1.02785 4.81981 4.30221 5.74752 4.89863 7.61524 2.15609 5.7697 1.00913 9.33613 2.13505 9.21958 6.28285 5.51635 6.80341 6.48024 9.65039 3.43807 5.37147 9.29897 8.85942 7.55208 5.88245 2.89705 7.66357 6.90202 3.02828 1.33344 4.89022 5.05249 3.09436 3.62235 6.88714 7.02112 2.5332 8.10473 4.84814 3.71449 5.66694 8.5737 2.51751 3.36799 5.01883 3.65379 8.77346 6.48955 9.77358 5.9342 8.59045 9.80737 9.86659 1.35592 6.88034 7.72139 6.20219 7.3527 5.71259 4.75886 3.50065 9.24603 9.41324 7.53365 6.27419 4.39395 8.04285 9.70959 4.43187 5.5938 6.75337 1.46763 7.01339 8.23884 6.52386 7.97694 2.55179 6.72886 3.77515 8.36994 3.56502 1.63458 4.36342 9.7212 8.67652 2.11604 2.45263 1.53025 3.86458 1.09488 9.76594 2.20831 7.34072 8.68051 4.71596 4.06892 9.55686 4.35018 3.91392 1.32249 1.84153 1.383 8.55781 6.57474 8.16486 3.0478 1.19933 6.32903 7.53254 8.04498 6.38984 3.99262 3.50871 6.70218 3.70513 1.88688 2.3677 8.4239 3.64915 7.76127 3.37467 5.89505 2.93664 7.31142 
4.0
7.85262 7.17707 18.4019 17.4003 18.8005 8.14759 17.4514 19.6857 16.9396 10.6171 8.34459 5.06307 19.1716 12.5324 9.65919 12.4828 10.7215 12.0832 19.2828 10.1847 17.2613 11.0078 16.9622 19.554 4.13494 9.24945 14.4547 18.8286 7.68515 17.9651 18.28 13.6587 3.68181 9.88517 4.07493 13.5172 7.85169 14.0248 19.5484 12.9618 3.50987 3.74735 11.0393 4.74934 11.2928 19.1786 12.6746 15.8007 3.99257 10.9733 5.13008 13.0179 17.4935 8.43244 10.9921 11.953 16.8092 8.97307 3.72096 19.3275 12.2223 11.9488 17.216 16.4045 2.52487 7.82236 14.9822 10.2118 6.36107 3.68952 13.8981 17.6165 10.6708 4.15473 3.58572 9.25143 7.23533 10.5582 12.3817 2.29316 18.3242 11.5544 4.91006 5.09127 12.444 10.0427 16.2568 2.64949 7.18845 5.44876 9.74562 9.95821 8.18993 12.3581 7.31545 4.17866 9.17307 16.5009 15.4996 14.6786 8.10944 3.08881 8.00639 19.9197 12.4739 12.5024 9.90122 2.19601 6.60286 16.3315 4.39043 7.2249 16.1533 18.7656 13.2066 19.5886 8.66438 14.3374 17.5954 5.02772 17.2198 9.01643 16.9041 2.5867 10.2122 5.65522 17.7713 5.61004 2.20873 16.7867 16.919 18.5907 18.9186 5.77332 4.54533 10.8699 15.2618 17.3072 15.3192 10.1883 7.53991 2.26262 19.9769 3.08902 14.7076 11.8996 8.51964 11.1721 15.7468 14.419 4.01294 10.2004 4.14137 8.86955 15.9877 7.05743 4.45418 13.406 14.4427 13.5561 6.00518 8.89909 5.4484 16.0997 2.65134 8.8972 19.353 4.19419 3.66805 12.9392 2.58914 12.812 6.73206 14.2191 18.0832 7.60717 14.006 16.6023 7.26507 17.9827 10.3246 15.9933 4.68044 5.00894 2.48217 9.05508 4.20402 13.1934 2.62191 2.27964 7.8546 3.10263 18.7267 12.4108 14.2116 3.83559 7.21156 13.2181 9.43334 18.3481 12.6172 17.6221 5.87642 14.6293 17.4059 16.1719 11.3173 11.7295 14.8583 14.8734 9.77484 17.6398 8.07218 19.3698 16.935 8.023 16.0623 10.4735 3.1764 8.79598 5.96253 10.049 17.1981 3.56416 12.3288 12.2483 15.2487 16.9071 2.54408 5.0972 16.9566 4.51564 19.3249 19.4333 2.76251 9.18094 15.3291 16.1956 11.9533 15.6347 18.8654 17.066 18.2969 17.2413 9.70487 19.4615 6.27965 15.5409 17.9929 10.8788 4.94432 15.6453 5.26413 19.5904 16.3304 8.48361 4.55766 12.6914 9.51553 2.90128 6.63478 10.4992 7.2587 8.60942 15.2977 12.3034 4.24488 14.9863 10.8102 12.4684 13.9313 10.73 10.4192 7.88674 18.9953 17.3634 18.9791 5.78465 14.3835 19.5896 4.67616 4.87856 7.96326 17.4998 16.8559 12.8836 5.77446 11.6324 4.95077 19.3736 8.88414 19.8838 13.5106 4.99231 12.8419 9.27051 6.33336 14.0168 18.737 3.54297 12.6988 11.2717 10.8575 15.6511 10.7025 18.3958 17.9499 12.0612 6.69214 16.4594 15.0818 7.92428 13.8051 19.9337 17.1047 14.0965 10.6079 7.01206 12.7195 7.01058 14.8365 3.28168 18.1425 2.3989 11.2393 3.74824 7.37421 7.86852 12.5205 12.2111 16.0684 7.32737 10.3857 8.99069 14.0038 4.2622 5.6893 18.0068 5.15677 6.86795 18.6825 12.2091 4.37549 18.0289 16.364 8.35891 7.6562 3.15106 17.9313 18.1625 19.0205 6.84656 9.33431 8.75613 16.9947 13.4691 17.9299 7.54225 13.6898 10.5015 14.2387 18.3779 17.4846 11.7943 9.80252 10.114 16.3086 13.6561 18.1445 4.48692 8.52795 18.7957 13.8297 2.36081 18.4318 11.1158 6.62799 9.32213 15.3212 16.3574 5.7784 7.62546 15.1988 5.59736 9.35459 9.49089 14.0606 10.5958 9.7324 2.75308 13.7889 9.99624 6.15871 13.8617 5.6471 9.37701 15.4219 9.23375 10.376 18.1539 17.624 3.95691 3.89144 4.33489 8.05395 8.84506 7.58392 16.1258 2.16325 4.84498 10.2193 11.3882 2.6423 7.7947 18.4415 15.9485 9.5988 16.5334 10.8764 7.7585 10.8376 15.363 2.83759 3.90774 15.2423 3.86108 14.6335 17.4874 12.2576 9.04558 6.47605 19.3056 10.4747 16.8909 4.99131 3.45445 2.31688 12.1959 16.331 3.72841 7.82701 9.80256 4.88607 15.8945 8.55722 14.1677 18.6018 14.814 14.5594 6.28466 19.8941 3.41553 3.47762 2.95782 7.16808 12.5197 10.742 17.4278 3.93723 6.5158 19.8643 2.34867 14.545 9.88939 3.83479 18.1168 9.48762 13.6019 18.6209 5.55076 3.33821 12.3215 15.7675 17.9235 18.273 19.506 13.0984 3.3453 14.1988 15.3365 2.51988 10.4991 10.4818 16.5036 17.9253 16.7268 12.2786 6.84432 12.2018 17.4672 2.46801 7.83108 2.33779 8.0457 8.18513 9.91206 5.63308 10.8156 16.9564 7.70318 10.0095 12.6508 3.43679 4.03157 5.42393 19.7898 3.74777 9.83069 13.3821 5.03202 12.4178 12.887 15.5547 8.28483 16.9236 14.438 6.49476 3.46281 16.8333 16.6223 17.4562 8.73816 18.5514 5.78061 12.3148 17.1429 14.6646 12.609 6.58962 8.5223 10.8899 6.16285 4.56728 15.8406 19.624 8.71349 15.5266 2.83729 11.0939 8.45529 14.0655 12.0358 11.11 3.065 15.5295 16.1033 12.4195 3.11245 5.54093 3.56215 14.6625 4.32278 2.63117 19.8531 3.92896 9.69031 10.973 10.7499 6.9176 2.4439 16.2154 17.125 12.6961 4.86392 15.4196 10.0682 5.06295 15.9508 18.0968 5.355 6.51108 16.9449 9.34703 16.2681 16.7926 17.6987 10.1006 15.7695 17.0857 8.89927 9.45986 7.02467 12.7624 9.14357 12.1434 13.278 15.7584 17.8646 12.0313 14.0799 11.5445 9.10926 8.81253 16.8656 9.69913 11.1679 4.73315 2.88523 7.08303 11.0554 8.4467 8.48564 16.6149 16.8433 18.9658 8.74388 8.64901 16.8447 16.7157 8.45204 7.95437 6.64925 6.6886 7.45375 13.2952 3.01087 14.7006 11.3322 18.6132 17.5864 9.74946 6.44983 18.8114 17.5259 13.474 16.3394 9.13919 7.91496 9.71537 14.4468 5.17947 11.0678 5.17972 8.22539 2.43699 5.67261 16.2023 15.5817 10.5284 14.7881 8.61328 14.673 8.97361 9.69171 15.7052 2.05626 13.5893 16.5794 11.3017 6.18868 10.4832 3.1171 14.9283 11.2798 18.6507 3.84322 6.08386 16.4952 2.17241 7.42357 16.6149 5.5116 19.0135 10.7571 14.1901 15.424 3.42506 14.9335 17.8777 8.00352 18.946 8.04255 4.82296 2.30791 19.0076 15.8345 13.0288 9.6426 6.13893 13.2326 17.2366 13.8739 4.77404 11.6967 18.9096 6.09363 18.6608 7.43911 17.3172 10.6353 17.871 15.4908 14.7212 3.44172 18.4126 18.6207 10.6633 19.7846 11.4428 2.10527 12.3544 10.3349 3.08322 11.3502 16.1653 12.5859 11.8365 7.36392 5.21933 16.6267 14.6044 15.082 8.08592 2.26781 12.3073 15.5438 11.5762 12.5186 8.10576 4.91998 6.64021 2.41557 15.2231 13.3924 14.3651 12.2029 13.3699 2.88482 11.0756 7.86392 6.76981 12.6456 13.5357 10.0049 12.7874 3.68177 9.25193 16.0896 8.15662 5.04488 10.8781 13.0259 3.81209 12.9681 9.72168 17.1039 5.3208 11.8552 17.3521 6.28551 11.9161 18.1208 6.30988 5.84543 9.13293 11.8824 10.918 12.3642 18.0447 17.5039 19.1943 17.0723 12.1019 17.9907 6.86605 11.5461 16.5717 18.2364 14.4854 2.7551 3.58004 14.1207 6.64704 10.4613 5.75428 2.45966 8.3067 19.9693 7.46819 4.8065 5.20203 7.22869 18.6881 6.10493 13.3744 9.28774 16.4207 15.1934 2.79257 15.0984 14.7626 4.16101 8.07785 9.67346 2.55076 5.55547 3.33079 18.5945 9.61571 16.4418 18.0595 17.8721 4.63505 6.31341 17.2094 6.1572 11.5893 19.854 4.29489 14.3043 3.81922 5.55173 14.6319 7.28598 16.6841 9.16441 7.67289 11.4589 19.8228 3.03654 9.44253 8.18179 8.01471 8.26778 10.0756 16.7847 13.6441 14.7331 3.45633 15.8897 13.7647 13.9543 15.9587 18.0836 10.7659 9.82328 7.28937 18.9417 7.64166 16.177 12.4311 9.40318 12.8596 14.2234 11.6887 6.49874 11.8326 4.81971 5.83552 3.42882 3.99123 2.60158 17.3625 9.994 6.45855 16.9643 8.82809 12.3768 15.3258 10.8953 15.3101 5.27496 5.52995 8.65842 13.9588 15.3865 14.3328 19.3293 7.65203 17.2462 11.4016 19.183 7.75139 2.41334 14.4912 19.9326 14.9603 13.0118 9.72785 15.8198 7.28347 4.62095 9.49443 16.5567 16.0882 15.5183 4.91748 13.1192 11.2666 3.27404 19.9555 11.3926 18.5005 5.69676 6.08901 16.6676 9.62641 5.13089 18.6121 13.9889 7.1036 9.10572 17.5256 7.35485 15.5826 14.3359 4.03174 18.7689 5.5756 7.07363 15.6303 2.14223 12.2289 8.81223 6.81665 5.0485 16.1962 14.3415 2.38091 11.3297 11.6137 11.1543 10.309 13.5537 18.1769 17.2053 9.28524 18.3235 10.3193 2.02045 19.7961 11.438 6.49128 6.15882 15.8361 17.904 3.5426 18.0255 10.215 13.8003 17.2046 13.036 16.4664 4.99298 3.67509 2.13312 4.35818 11.7023 13.3043 8.65377 2.00428 3.92129 9.38269 18.5489 11.5782 12.6859 9.02997 2.9542 17.6281 12.1965 15.186 4.11243 6.99301 13.7911 18.7033 5.64752 9.32146 2.77038 7.54048 10.1901 5.19081 15.0735 10.0583 9.35449 16.8286 2.80662 19.4162 17.0676 12.4353 19.6218 6.07126 13.249 11.109 14.9483 9.37819 4.84271 19.3709 2.07513 11.291 15.2007 6.29295 15.0853 15.1665 10.8176 16.2272 7.64127 14.6689 8.41737 14.1362 8.62237 
1.0
3.57063 0.856065 3.12441 4.0979 3.45546 1.87415 2.39809 4.81794 2.9162 1.43444 1.94687 2.98147 4.71495 4.88056 2.16894 0.871601 3.31371 2.74868 3.84029 1.64021 3.07828 1.42118 2.42112 3.97035 4.99976 2.61038 1.50495 0.693757 4.68369 1.42233 2.66019 1.61346 3.85667 0.750648 0.914415 1.78142 1.64061 3.75054 1.63108 0.981287 3.84459 4.64278 2.52893 4.66621 3.02424 2.59784 1.59393 4.10174 3.55869 4.95006 1.63378 0.963815 3.9952 3.99196 4.72501 2.1418 1.91123 1.59851 3.30267 4.99663 1.04418 2.93161 1.64257 2.32403 4.9387 3.9746 2.48611 4.77276 3.86153 2.14676 1.55771 1.96806 2.23397 0.748062 1.22479 4.09 3.33191 4.98384 0.550308 4.1571 3.00341 2.81962 4.48795 2.76486 3.65392 4.91602 4.96984 3.02948 1.249 1.89372 3.6368 4.98657 1.58472 3.17849 1.96129 1.69506 0.575494 2.17633 1.51283 1.79606 2.80966 0.528674 3.11604 4.27686 4.12251 3.69766 2.65126 4.19 3.43694 3.63149 3.74772 4.57744 1.1217 4.75991 4.61935 0.849769 4.11719 1.06964 1.7931 2.8705 4.07884 1.01005 3.97986 2.49549 2.78811 3.4788 4.33798 1.31734 1.58098 3.63758 3.37934 1.865 2.04412 3.80795 3.76804 0.508349 2.22857 4.69724 1.76159 2.31789 4.131 1.70455 4.54475 1.62955 3.19259 2.0568 3.70596 2.56449 2.56546 2.02487 1.60624 0.754075 4.89668 2.96982 2.89081 0.51986 1.87984 0.969181 4.89317 2.25868 4.32426 1.77336 2.68183 2.78282 2.49169 4.84204 1.9996 1.86525 2.95067 3.71078 1.84544 3.73994 4.6984 4.93755 2.94891 2.30728 2.30028 4.87948 3.88718 1.79454 4.79687 3.04959 0.594626 3.12142 0.628645 4.80364 0.51504 3.22071 1.3281 2.10707 4.14634 0.563961 4.22963 2.13199 1.22792 4.6423 2.44683 2.43423 1.82056 2.15231 3.86751 4.96055 1.02893 3.63693 2.91616 3.63583 1.11662 1.83153 1.83413 1.78041 3.26383 1.46498 2.72722 3.10745 2.71754 1.26584 4.13102 1.05044 3.08435 2.42362 4.34372 4.67072 2.51588 0.755106 4.77654 4.3951 3.53664 0.82579 2.07168 1.33358 3.76466 4.77635 2.73797 3.42713 1.27457 0.60422 4.05396 4.17554 3.35325 1.65025 1.98869 4.69537 4.89817 4.54042 1.38997 4.85794 1.70819 2.83266 3.69028 1.75745 4.91699 4.61871 1.38023 2.25917 4.8191 2.33109 3.99963 2.37761 3.33846 0.505169 3.39606 3.23496 4.88959 4.74623 2.00111 2.84939 3.88131 1.15171 2.87416 2.00362 2.61308 4.93845 4.2637 3.94343 3.31389 0.525036 0.936281 1.15631 3.57372 4.81927 3.52305 0.980197 1.91761 3.96065 1.63381 2.29225 2.27227 4.26795 3.48871 2.02775 1.57528 1.64188 1.31745 2.27903 3.27694 2.17287 4.27617 2.22451 4.98452 1.70386 1.63179 4.13782 2.99931 3.09817 2.46404 4.22697 2.49608 1.46253 1.13498 2.05364 4.0952 2.57512 1.27617 3.7825 0.5773 4.76868 1.54335 3.51063 3.99054 0.518746 3.88877 3.42705 1.90042 4.48692 1.60102 3.05227 2.53223 2.26924 3.36254 4.80796 4.556 2.09966 1.07456 2.16667 1.76408 2.75852 0.699795 2.13167 2.39129 1.43618 1.37258 3.2968 2.32762 3.3017 1.52662 3.73648 4.47358 3.52658 2.79039 4.97574 0.988013 2.51362 4.89997 0.790332 1.67862 2.58081 2.87962 2.58696 2.78494 1.85034 2.2398 4.61353 1.90399 1.09267 4.94285 3.74954 2.80846 3.27565 4.38622 4.1265 3.40746 3.56879 0.653242 4.32846 0.599893 3.55254 2.28158 0.92258 0.770373 2.38267 3.29914 1.56983 2.17772 3.15975 0.777655 4.96572 0.986048 0.753667 1.15376 3.86115 0.688429 2.83326 4.06773 4.41328 4.67313 0.850994 1.96974 1.11655 3.18242 1.23277 2.24373 4.06374 1.91398 2.02273 2.09884 3.78709 4.51486 2.73324 3.97839 1.92952 0.718059 4.64983 1.73652 1.99595 2.8716 3.84136 2.83234 2.93465 2.6103 1.62512 3.29163 2.29872 2.92001 3.23709 3.18624 2.2376 1.8445 2.45729 1.88094 2.56867 2.08488 3.94013 2.29794 1.17898 3.74166 4.49993 3.94889 4.00696 4.9493 3.10144 4.98457 1.85433 3.65342 1.3055 2.0121 1.77794 2.78054 0.919739 3.4297 2.81185 3.05041 1.10436 4.5291 3.76935 3.68092 1.68302 3.11545 4.87516 4.2356 1.40876 3.89489 0.977637 0.863683 2.43504 4.87962 4.59108 1.68274 0.741843 4.0606 2.01816 0.553903 0.766837 1.59783 2.30233 1.49968 2.49165 4.27813 1.26045 1.51433 3.73321 2.99063 2.34534 1.51681 1.89014 1.96972 2.08851 2.6963 1.89426 3.05565 0.872958 4.00036 1.11717 1.22266 0.786002 3.01559 2.98186 2.62473 1.80224 2.49087 3.0295 4.40887 3.04654 2.25328 3.69118 1.54602 2.38717 1.26648 1.51482 4.92952 1.10894 3.08171 3.09717 0.991143 2.41646 4.43138 4.47075 3.58471 1.51748 0.715253 3.69609 2.3873 1.03626 1.62915 3.90881 3.56802 4.50712 0.68628 4.57199 2.9744 3.69792 4.38114 1.18346 2.08624 2.51379 1.74599 4.68825 1.48721 3.23077 2.54988 1.8461 1.1039 2.30966 2.39031 2.80403 4.96248 2.53985 2.92742 2.62404 1.21296 3.26332 4.01077 3.01581 0.671024 2.42866 1.44873 2.02456 1.12742 3.72513 1.67038 3.4239 1.17493 4.04693 1.53007 3.06386 2.80295 4.03739 3.0045 3.92391 0.50962 3.46337 2.03238 3.62111 4.18153 1.66965 3.24673 1.62329 3.49101 0.863427 4.34966 1.4174 2.06104 0.978926 1.8798 0.882816 2.14765 1.87202 2.62232 4.61981 0.589959 1.59499 2.41143 1.98309 2.77781 2.00133 2.07559 3.07036 2.88691 1.43061 4.2752 4.41605 4.63165 3.72349 2.4829 3.64003 3.78537 0.816762 4.85646 2.30149 2.21833 3.16843 0.75424 3.70779 1.70322 3.26296 2.6432 3.42852 2.23816 4.94655 3.64954 1.76454 2.63744 3.84246 1.50189 4.42212 1.13969 2.09651 1.11707 4.64219 2.78371 1.20252 2.57842 3.03462 4.30187 2.15798 3.75678 4.36762 3.78104 1.69966 1.82394 2.56219 1.34117 4.8694 4.90875 1.14169 2.08139 2.15991 2.14575 3.88639 1.04372 3.49071 2.36646 4.94324 1.94432 0.764088 4.18316 3.1406 4.42241 0.751153 3.21529 2.25812 2.55661 4.55801 2.70841 4.00161 1.39904 3.42196 2.7958 4.93315 4.27686 2.08779 2.15252 4.10606 4.61146 4.51416 0.792175 1.15516 2.50518 4.66005 1.75616 0.591956 3.34567 2.60131 4.94556 2.05499 0.67776 3.22722 4.34556 1.2652 4.09297 4.26725 4.39247 3.93647 1.88654 2.89776 3.73335 0.891084 4.73208 0.678872 2.62815 1.13045 1.6238 4.57141 4.74448 3.61076 1.33628 3.78385 2.09496 4.4738 4.15184 1.19946 3.86708 1.48279 0.605521 2.63341 3.39575 2.41339 3.99756 2.17002 2.52832 3.64963 1.92356 1.83009 1.13226 4.23512 4.57212 4.81824 3.49533 3.62913 3.04011 2.60045 3.36845 3.41792 1.91553 3.06157 3.90103 1.73104 2.37792 2.99291 2.71895 0.612754 1.06634 1.66002 2.89506 1.59853 2.46497 3.70042 2.56236 0.746602 2.05623 4.60145 1.41963 3.37465 0.991546 1.50824 3.87971 2.25149 0.529631 4.61174 3.11038 2.49391 0.992388 1.86674 2.21775 0.9185 2.98837 0.790125 2.8223 3.09869 4.15382 1.08908 3.77742 3.87673 2.6613 3.86942 3.2806 1.08083 0.745887 1.17401 2.12716 4.19735 1.49893 2.10124 1.35657 4.24808 1.17946 3.25361 1.04132 1.62257 1.79305 4.76633 2.46845 4.11561 1.18838 2.16607 2.46354 1.91967 3.42133 1.30974 4.60736 2.82255 2.13661 4.65338 4.59509 3.85998 2.21703 2.60112 1.48812 0.673435 0.950309 3.68417 1.10834 0.822894 2.96352 2.31998 4.82517 2.80477 3.67501 3.40138 3.98502 1.52488 2.01401 2.46591 4.73342 4.4765 4.15773 4.69508 4.47969 2.37348 2.5361 3.99387 3.25417 4.4885 4.35409 0.900175 2.70809 1.4463 3.88149 3.07442 4.00594 1.72212 4.26046 1.6192 2.3605 4.59505 1.0805 1.979 2.96037 1.80665 1.97109 3.67004 2.04014 1.1745 3.46182 3.09014 2.8431 2.41087 3.86022 3.65871 1.22655 3.89651 4.89704 4.03677 1.65967 2.15949 4.38922 2.67709 2.86396 4.30906 4.67034 2.9544 4.84634 1.6747 3.03873 3.12568 3.57468 1.40018 2.47309 4.87048 2.54605 1.24269 4.36576 2.16138 2.99745 4.32705 3.52349 2.21453 2.00921 4.10508 1.18585 4.2702 0.750863 4.76991 2.31119 1.45349 2.61967 2.87551 3.88017 3.46506 3.5217 4.41114 3.46692 1.35195 3.54551 3.08108 3.32769 2.60851 1.77835 3.03921 3.25715 3.85736 3.515 2.82889 2.46226 2.36048 1.60916 1.27772 3.70367 3.61034 1.71741 0.597535 3.95477 4.7511 3.68581 4.43938 0.828244 1.07991 4.32894 4.1536 3.52027 4.37834 1.35172 0.505017 1.02223 3.32374 0.663575 4.59317 2.35009 3.23087 2.3354 2.22761 2.54124 3.37341 3.44896 1.00833 2.66901 4.13575 2.08887 4.86124 0.624718 1.24467 4.72728 3.77869 4.41732 0.831232 3.25098 3.51514 2.7406 3.57268 4.88118 2.98786 3.058 0.664457 4.73583 2.63269 4.45496 1.87227 2.28457 0.964953 2.00886 3.41425 0.946151 4.09538 2.42658 1.4232 2.07856 0.951129 3.69959 3.73887 4.61165 0.951885 4.02664 1.78041 3.57233 1.39105 1.75401 3.74876 3.25242 3.77201 2.08333 0.909261 2.26899 4.84942 1.29707 4.20427 2.26732 0.625706 4.75145 4.94582 2.01647 1.05247 
3.0
7.66213 12.4492 1.58988 5.36783 14.7262 13.4407 11.4605 7.44073 8.10572 3.48798 4.29816 13.182 2.92226 4.23913 7.23896 11.7495 8.76962 3.545 9.86355 11.0421 6.75187 14.3012 10.7654 4.91614 13.2692 5.72579 5.74191 5.21167 7.80195 10.8224 5.3589 10.34 14.9426 11.7789 7.63767 11.6814 9.92597 1.55189 13.6154 4.04316 5.40708 12.3863 11.5287 6.9287 2.23758 10.0208 3.86985 8.86683 13.4898 11.329 3.06636 3.55172 6.47924 13.6452 2.53357 3.0434 12.5345 12.5274 10.8502 7.77875 6.26592 6.70385 7.30684 7.64314 6.58201 10.457 14.5779 7.35248 14.7037 12.6915 11.7661 1.89595 11.927 10.939 5.07044 3.28922 10.3834 5.54705 6.32668 3.88818 1.54877 14.8054 7.1716 4.51327 11.7495 9.75609 9.57969 6.13436 14.9175 4.94012 11.5231 12.3661 6.34316 14.8294 8.50488 9.02402 14.6755 4.19404 4.2146 8.49078 4.92167 14.6557 10.0579 3.64345 3.19324 1.67577 13.3082 13.591 4.45153 9.72984 1.63248 11.9725 7.50041 3.91712 10.2389 14.5656 8.47732 12.7558 9.3983 8.95619 13.5923 8.4136 3.58884 3.01775 10.3653 3.62447 11.5129 9.95188 12.111 7.54002 14.7379 3.63918 6.92216 9.26715 3.20951 13.0506 6.90105 9.34094 2.88821 11.4695 1.88848 11.3831 11.259 12.2741 13.4413 7.69624 9.46395 13.5306 12.8076 6.043 3.80773 14.1466 6.6504 9.86164 8.88653 13.8357 13.769 12.6665 6.08964 3.64149 7.06854 13.3842 5.72436 7.77362 3.02741 5.37564 3.5138 8.00301 8.41315 13.393 13.7178 13.8684 6.49591 9.72276 10.1268 1.94333 3.01027 13.2643 11.1789 14.4133 3.61495 13.7934 5.45003 5.21409 10.6007 11.6625 7.76668 7.48003 5.0959 4.18467 9.69233 8.05324 2.52093 6.45535 6.63653 8.30317 12.5397 5.35773 13.8371 8.00681 4.75974 2.00476 10.4655 13.5394 8.43044 14.3663 7.60498 9.62572 1.8889 6.33205 3.85208 9.40182 3.50421 6.45959 10.791 14.0375 6.36956 4.6586 6.59101 10.1691 6.49254 11.5601 13.4771 11.8931 9.73334 3.82141 8.82335 5.57 10.7412 5.11683 14.1196 6.68879 4.6385 12.5636 4.06125 6.04229 11.2036 4.83338 7.01159 14.4626 10.3011 11.6998 12.0879 10.3674 11.31 8.77078 13.6201 12.8665 6.80104 8.65701 10.7325 3.67933 6.21052 4.32566 9.29878 1.61279 7.76345 14.3898 6.01995 12.8494 9.89406 7.58321 1.87521 12.2963 14.9146 10.171 11.196 3.24499 4.6821 11.5452 5.61328 13.5909 3.01321 12.2571 2.12717 8.36424 2.09712 5.23321 5.0506 8.82114 2.65649 4.92895 11.0753 6.34511 12.6064 9.6662 3.2109 1.9094 10.9614 11.9072 7.84768 2.34969 5.24057 9.21401 5.69145 7.19741 13.6207 9.14291 13.8222 6.32355 5.58734 7.82517 8.12547 8.64309 10.3342 2.98278 3.34683 14.1299 8.16014 7.62993 14.0195 3.39233 3.1148 3.71005 11.0147 5.55904 13.6417 4.41833 1.96575 8.22579 14.9698 2.45985 12.8141 13.2124 2.00282 13.4932 4.2297 1.88063 3.95687 5.50972 13.1532 5.76209 3.49591 4.39821 13.2123 5.74732 10.1154 4.44521 13.7601 4.08491 11.0237 14.5209 12.7874 5.94143 8.77233 3.70031 12.9576 11.7718 3.88297 9.57057 13.0143 13.7504 10.2238 10.9731 8.31313 3.01216 1.88297 3.93163 7.22502 7.95518 14.2908 4.01607 2.66389 8.35287 14.8393 8.89129 13.4866 2.02732 8.7506 8.80198 13.5164 14.8329 8.94253 11.2428 11.4389 6.70044 11.6429 5.56406 4.82161 4.49225 11.5017 9.26326 4.0064 9.41717 8.95093 13.7117 11.1247 9.75659 3.06313 11.567 14.9862 11.1509 3.65747 4.62096 8.59016 10.1962 1.90404 12.3332 9.0101 12.6024 14.1762 6.80008 5.40141 8.16055 3.40114 10.4093 3.882 3.77197 8.65792 11.93 14.036 13.2872 3.77434 4.78862 10.7904 10.9058 4.67131 5.77991 13.4152 3.38653 13.7054 6.96382 4.8958 11.8181 10.2595 2.49778 8.92925 10.2006 7.83155 2.65459 7.29302 3.08751 8.87108 14.7758 14.837 6.03779 12.6142 11.4109 8.34868 3.12922 1.66611 13.8912 13.041 9.78174 8.58239 14.5907 2.41356 4.64158 12.6975 14.6212 9.73703 7.27588 11.4519 8.21354 12.41 11.4279 2.96698 1.53425 14.4396 10.0826 8.1183 5.18794 9.79446 11.0932 3.85641 7.15497 8.88136 9.61756 4.02614 13.9148 13.3945 5.11602 10.9338 4.50503 13.7882 2.15892 6.41227 6.76547 2.6218 1.79526 2.63448 5.5185 10.529 3.73166 10.9246 13.4344 9.55893 12.5718 2.81738 14.3325 14.6409 14.3668 5.11572 1.6676 11.9222 11.2255 11.696 10.9525 4.22877 12.7359 2.31166 4.36542 4.89894 4.44677 7.64471 5.79329 13.7403 8.15997 11.3554 7.06065 8.85977 11.2833 6.37981 3.09397 1.61608 14.994 9.72559 14.2715 12.9462 5.46222 2.01571 8.20886 4.81405 3.38611 14.5302 11.2298 3.03282 9.58638 5.99612 11.2729 13.2099 1.91205 8.37523 9.98365 6.56496 3.70652 8.40014 14.7421 9.37154 14.5842 3.60818 4.3759 5.77088 12.7678 10.1235 10.3092 11.7094 8.73604 1.93691 9.39689 2.74924 8.43181 4.43447 13.1942 13.0012 14.2813 11.4232 9.41254 6.93152 3.27303 2.40548 5.30982 3.29143 10.3482 12.8514 4.26741 12.4194 13.3509 7.71879 3.3019 9.66699 4.28909 10.472 4.76271 5.69724 10.6564 8.3479 8.4652 4.40654 6.0642 5.12055 4.50931 3.71929 13.9341 12.1136 14.0338 5.50563 6.0013 11.211 9.15579 14.3723 7.37845 4.61531 2.34646 5.07653 9.9298 9.60456 14.9915 13.8129 11.2061 5.03688 12.8876 9.12318 10.1901 11.8532 4.42441 8.1797 7.10238 3.8281 11.2022 13.191 14.0179 6.31849 12.3345 4.18125 2.04305 11.7606 4.18691 8.39204 7.80329 2.16503 6.80131 10.0579 14.4912 4.3593 10.2553 4.30445 5.72529 9.22929 2.70743 12.9196 9.96906 4.7081 5.87824 14.7478 7.26094 7.76317 3.21621 13.4579 2.00457 7.63148 10.4998 6.43282 12.0696 2.55268 12.1249 10.0338 7.95338 1.75042 12.8276 12.9862 11.2524 12.9116 9.09272 13.1398 8.1955 8.41361 8.49807 9.35069 8.98628 12.05 9.24377 9.23752 3.20715 2.50361 14.1175 5.55985 7.0333 4.81819 4.64517 8.97003 6.50746 12.118 3.67715 8.88801 6.12511 14.3251 3.66003 4.24917 13.9803 5.62538 10.344 2.8752 10.722 4.43196 6.17551 9.71807 3.57108 11.5969 2.12605 10.727 10.1475 8.12113 9.2058 13.0885 5.85845 12.6121 3.91322 13.5894 3.59705 2.73958 2.37018 9.85324 2.50113 4.43993 6.8925 7.19897 1.52303 4.61761 7.24608 14.3736 3.5597 4.59541 2.83865 7.9073 3.39349 5.06248 12.097 6.84171 6.69334 10.2703 8.27976 8.08132 5.82665 4.22709 4.47569 5.11792 13.7316 13.6396 11.0377 2.378 14.1001 7.85362 7.20203 4.94328 10.1213 7.04227 14.6436 3.89429 3.03526 13.8922 9.71615 4.5269 1.74802 5.03789 5.12858 9.69204 2.75629 2.49441 10.8064 5.50833 14.6333 2.33749 2.18907 10.1979 12.3247 10.3823 10.7125 3.79502 3.50592 2.60979 5.72745 1.97815 11.2486 6.09157 6.60333 10.7746 6.74919 10.1623 13.2675 3.88876 14.8668 11.5906 4.93021 10.4026 7.72234 11.4977 13.745 9.10014 11.6081 11.274 10.1548 14.1643 1.95745 14.2445 11.6733 7.9971 11.6258 12.8311 3.35208 11.4127 13.7312 8.46377 14.1835 14.4538 4.30668 3.48968 5.18855 4.08058 8.01176 12.33 7.94066 14.4835 13.6556 4.13489 7.27508 4.26801 8.28032 13.1871 6.93361 12.7636 8.55454 5.3025 14.895 8.20475 1.72809 6.47988 9.1409 1.53565 5.39681 14.5478 12.1072 14.0877 9.82801 11.0601 10.5712 13.8799 12.0966 12.6892 11.224 2.79305 13.7815 6.86745 9.17885 4.86564 2.473 7.92677 11.1644 2.96415 4.84025 10.9859 12.1544 6.07563 2.00952 12.3361 13.1819 10.9735 11.003 8.57475 6.08997 13.5064 14.9881 8.23684 12.9675 8.76024 5.58736 8.67483 11.5202 13.843 8.99869 12.4363 9.62796 12.0427 8.17651 8.88963 5.8372 14.1088 10.8232 8.8481 4.53876 13.9058 13.441 3.94146 11.5816 7.19065 3.19494 5.98604 3.57194 12.7631 4.3356 11.1026 12.6078 8.2385 13.933 3.33248 9.1993 3.1946 9.17097 4.50148 8.62446 13.4405 5.95149 1.58213 2.47038 10.6591 13.5605 14.8038 5.61022 2.67272 13.6435 2.76068 9.36549 8.08138 10.7421 2.76853 9.60409 13.0244 12.6408 13.7184 8.52373 11.3148 14.7749 6.1795 10.371 13.1973 8.94799 12.499 4.34604 2.47856 9.61111 6.65109 8.94244 10.7812 9.95158 12.5829 8.97319 5.17026 9.5428 2.30959 8.03174 14.4033 12.3045 9.00632 14.1388 14.5532 1.52359 2.84935 5.82484 12.7536 6.68535 8.85451 6.89756 11.8187 12.3655 14.4639 6.6457 10.9843 12.9325 11.1308 2.22784 9.02371 3.8107 14.6521 7.99687 2.98511 10.5536 3.49984 11.5101 2.80312 13.9783 11.3994 4.47498 14.5328 7.60978 2.90676 14.3799 12.4571 5.1862 11.2337 8.56128 14.8166 4.97472 5.07034 14.9556 13.4135 12.1476 4.15681 7.28721 6.83747 4.46926 4.85192 6.94172 9.06537 10.0432 5.95057 3.27484 13.1835 6.87048 6.49896 9.60684 11.4833 1.96762 9.35782 5.15249 11.1797 13.296 10.2638 12.6366 12.0028 1.75124 
5.0
21.0812 17.0793 11.0254 21.4911 12.9001 5.69739 12.19 9.83273 10.4677 10.5368 23.5557 17.1761 22.968 22.6187 4.58511 17.83 14.1438 15.182 9.7454 8.49408 9.71381 5.94659 12.2578 7.63659 11.5175 7.66699 12.7009 16.2871 22.1392 13.2276 16.2177 18.9962 11.2603 4.0285 24.5754 13.7101 14.9901 15.4127 9.33006 14.3127 19.4249 22.8839 12.343 14.5823 22.1866 20.3657 24.9024 14.8152 13.188 9.25168 16.6973 9.86479 20.8785 21.9964 13.3957 17.3472 10.2175 11.4976 9.07582 22.2623 3.62571 22.5192 17.261 6.78146 8.66607 3.90535 24.3084 8.95046 11.2026 15.3359 13.9006 19.0593 22.788 7.37212 6.39153 17.4274 13.5291 18.5443 11.7549 7.35527 11.6821 13.2297 19.8871 9.49149 21.2251 24.0718 17.0132 6.36667 16.1597 2.69035 16.9463 5.84266 22.7912 19.933 5.95074 9.72813 8.737 16.9171 14.9586 11.31 17.4137 18.1135 15.3899 10.5511 19.2527 7.72024 9.82584 13.2036 8.39448 20.5782 13.7864 2.58858 18.6109 8.87749 7.36072 7.7916 24.7067 13.4044 2.94116 9.52434 10.6488 20.5802 15.3112 9.90218 13.1746 11.5402 12.8363 7.38778 17.1289 12.0041 18.509 23.1508 6.27882 19.1876 12.0969 10.0933 23.3575 19.5048 4.64409 15.792 3.08647 18.3113 4.07707 3.10508 19.4265 2.93907 18.1629 14.6967 13.3064 7.77152 16.0719 17.7262 24.5816 22.6103 17.2929 24.9541 16.9695 3.08243 4.15324 8.51371 4.71503 16.8393 6.69104 22.5988 19.7335 19.2956 11.1317 6.31775 20.4828 12.6603 18.218 20.4628 23.8136 14.508 15.1429 6.94637 21.0479 4.64157 7.3369 4.65251 4.53712 18.9957 8.85842 22.955 3.44741 19.3314 2.63743 11.6509 5.02431 22.4719 16.8231 6.06087 20.0857 5.32875 13.4846 8.54456 11.493 24.4701 5.91572 22.6829 11.8517 21.479 10.7927 3.87563 14.189 22.853 3.93584 7.60574 6.86183 3.19498 3.42436 6.61895 6.44136 7.94494 21.3151 18.2699 9.8277 6.90254 7.71426 13.2841 11.8422 7.29093 23.4534 22.1859 9.54853 10.1115 22.6182 23.1424 4.55228 23.5396 21.181 4.97381 14.529 9.61136 10.4871 14.0791 15.231 22.9515 9.34414 16.5281 4.22207 12.7922 18.4656 14.0701 17.5915 19.5327 23.517 20.307 20.8962 12.0904 13.0164 20.7844 23.0811 7.29254 22.3379 18.247 19.6286 10.0593 12.5689 16.811 23.6861 10.6275 22.9709 23.8024 16.4224 5.06551 23.2933 13.0109 7.86229 5.32922 17.1919 18.1102 16.9497 5.10903 2.99935 7.49408 4.58988 2.71774 5.60051 24.279 18.4191 24.7695 10.6604 17.7217 20.5539 4.39999 14.9561 7.30418 17.0682 20.277 24.0623 5.73322 5.44913 7.65296 8.63956 4.6072 21.2815 10.2076 10.5773 11.4981 2.91057 16.432 5.23925 14.7001 2.83326 21.8042 3.56302 21.8934 14.5683 13.0044 22.7629 3.97502 11.2546 20.4227 4.38636 2.8051 4.72798 2.707 5.97386 9.119 23.8267 24.6022 2.57241 4.35592 23.1757 19.3304 6.85244 20.1532 3.69833 24.2616 24.0783 24.2569 18.6083 23.6265 10.6824 4.09781 8.62829 17.0193 5.19245 11.7845 17.6886 9.94219 15.2626 24.2612 12.8534 5.14019 9.55793 12.3827 17.2258 5.97769 3.24278 5.15472 4.58117 20.6056 23.3219 2.89026 16.9798 10.6696 10.0859 20.5323 21.6071 20.8094 3.40939 24.8924 13.0926 5.19926 17.6537 24.5549 12.5578 14.8789 21.422 8.69805 19.6424 14.6263 10.9188 16.08 18.7585 15.6205 8.16225 7.94193 5.82433 17.6466 17.8007 6.07625 24.2256 19.5905 21.282 12.3115 18.7556 19.4759 19.6272 13.1629 13.7844 15.291 23.5568 13.3991 19.4056 17.8577 24.7213 19.7747 14.3121 19.4905 4.28474 8.679 16.6508 19.6971 12.6121 23.9509 6.60497 6.66999 16.31 11.1093 4.45558 18.3187 18.8713 6.75017 22.8713 24.0935 16.1724 19.3591 17.1767 21.3499 23.075 17.7902 24.8491 20.0041 24.8807 16.1607 10.494 16.7295 22.3896 18.912 12.5487 14.9444 24.312 17.2863 17.9651 11.8406 20.7838 3.46965 3.62036 8.70277 16.7355 13.6505 20.7062 10.7693 23.8645 8.7447 18.3471 5.38381 22.4613 9.03667 2.69663 19.6878 16.8385 21.4859 2.76233 21.6043 15.6144 18.4499 11.7094 12.8626 15.5989 24.0734 4.89241 10.3139 23.0339 4.59324 23.3662 16.7879 10.9365 23.809 19.1244 15.241 3.79642 22.4703 13.3177 19.9442 8.37619 20.3298 16.199 15.9637 4.36545 9.61193 12.5487 23.181 6.13842 23.6483 23.8275 3.6052 4.36506 9.42856 10.8081 5.7255 23.7256 10.3172 10.4354 17.1551 15.4789 17.687 23.1646 9.31591 23.6337 20.2181 22.0293 5.41469 5.97411 14.6128 4.68622 2.95959 18.6882 11.4769 9.69006 9.56821 10.8502 2.61682 18.2459 23.3164 5.00619 13.5028 22.6903 13.8783 22.6132 4.64784 2.95142 5.70715 13.0822 15.6532 24.737 4.50714 22.6741 23.1692 20.701 3.24659 6.99989 19.023 8.33922 11.4618 18.3734 4.76109 13.3629 6.60202 14.2686 3.85927 24.801 21.1655 18.1295 12.8474 15.5811 16.8764 13.7844 15.1009 17.3387 7.15308 12.2129 23.548 13.2051 11.6168 9.417 6.0429 19.8239 11.392 4.1452 19.6555 9.84545 6.44751 19.2207 2.62613 23.6509 6.22819 2.72269 22.7376 9.05352 9.8285 2.77118 3.35183 7.72958 9.45645 19.6656 18.3639 24.627 5.93868 19.1267 19.8211 19.103 2.51674 5.39192 21.9583 6.54001 10.6842 7.91459 10.3996 11.6901 11.8147 15.4163 15.2756 19.9981 20.8316 3.54278 22.0069 5.65318 15.6676 22.3739 23.5037 2.6187 13.7665 17.5361 22.5311 4.89093 14.375 3.66947 17.9908 22.2361 20.3764 16.4976 8.86852 10.1558 15.9145 12.2513 4.5975 22.8315 23.5593 18.1955 8.08813 15.2968 4.76296 5.50998 5.17352 3.58877 19.8572 13.2737 16.7211 9.12734 6.34173 17.3024 22.16 23.5738 19.2137 5.08928 13.1752 5.41743 22.0878 20.6006 8.81658 9.54041 5.35798 10.173 20.7748 11.0119 15.1496 20.7659 2.57321 19.36 14.3129 19.3162 18.925 22.0727 14.2075 19.4476 16.5075 16.077 16.028 9.28231 17.4013 3.44682 20.4201 6.60717 3.94648 7.58909 4.13841 5.14289 23.7641 8.65877 9.99467 3.16684 8.69396 11.9521 23.8475 13.2394 16.3985 13.0284 9.88291 19.2838 5.88233 5.81047 2.93565 4.76942 13.1785 22.4135 21.602 18.2489 18.4497 13.4523 15.8933 17.4982 10.7568 7.5774 18.1803 21.0108 14.242 21.4894 13.6793 15.595 19.4792 24.1819 14.2281 13.8249 11.2398 11.6629 9.10433 2.59464 13.9245 23.4048 6.63349 19.0268 8.41092 21.7728 20.3391 4.9837 24.0683 5.68226 10.883 13.9321 12.1867 9.73369 20.0475 16.4122 7.07337 22.5771 13.0077 12.8593 23.5646 15.7546 2.64537 15.0298 17.2038 4.27114 17.1537 19.7797 8.33527 15.1444 12.1832 8.9475 21.3645 20.1827 8.77818 9.09041 7.93416 24.2417 18.3549 19.8237 12.766 5.20946 13.47 24.5141 8.41903 9.47025 23.1307 4.57606 17.7137 9.09639 3.89559 13.6223 17.5717 4.51917 15.5161 7.71745 18.0226 23.928 14.8698 5.48487 12.6254 8.14788 21.9343 4.31779 14.057 19.7461 16.5517 23.9433 6.11644 22.6164 4.73517 18.5902 3.39476 8.29277 18.2653 6.51021 4.86152 7.74068 13.8283 23.1027 10.1169 22.3778 20.4452 21.3929 19.5598 20.5724 6.44134 23.6142 7.22223 10.8712 17.2078 17.6426 12.5197 23.2046 10.0032 14.5364 24.6671 9.32131 4.54684 8.42794 8.51127 11.2014 20.6526 7.5199 15.5294 23.6971 16.6542 12.4344 8.7431 12.6535 19.871 20.6659 20.2988 9.75616 10.3656 23.3878 22.9643 2.85845 19.2414 5.86219 21.7908 15.5369 2.73187 7.70347 17.1915 4.62534 20.831 6.7451 8.18626 14.4769 11.7141 20.2602 24.5613 14.2054 5.70012 7.28554 19.1964 14.1548 2.50487 10.799 14.3069 22.8471 18.0351 11.0006 17.852 13.1588 19.474 18.447 13.86 21.4762 7.40691 13.2898 15.418 8.57863 8.73918 11.8667 11.5787 11.0009 14.154 24.3969 21.933 9.12365 6.36197 5.02959 22.5985 18.2424 22.8911 7.99595 24.874 8.86537 17.1685 21.115 2.81006 4.98951 24.1422 5.40272 18.4457 11.6052 11.6952 17.0345 15.961 7.67924 14.099 17.9114 15.9955 15.8669 18.7598 16.0801 23.883 12.7018 22.5041 7.25584 23.0523 5.51473 21.1569 21.1991 19.8437 17.3309 11.1594 14.196 15.9918 13.4956 14.479 23.892 10.0241 6.27864 3.05936 12.7293 16.3258 11.207 4.06211 18.7373 23.1203 23.8761 14.6492 17.4273 13.1163 5.98977 7.55664 23.5399 13.0704 4.37829 16.2086 16.3968 3.51584 9.24554 18.1232 15.1052 14.9072 12.8942 10.3592 22.3665 16.4315 10.1796 18.2534 5.63797 13.7346 19.4422 3.69895 16.8983 6.81459 22.6684 21.7155 12.2664 21.83 16.1301 6.55948 12.7238 3.07525 2.75243 8.62564 9.69087 3.87113 4.96042 15.89 9.2058 12.6219 19.2538 23.6431 23.458 10.2883 13.7605 3.76516 20.9244 23.0261 2.51874 9.79139 3.85947 23.7413 5.23754 24.0188 21.8888 8.81141 16.2856 7.90411 20.456 13.7217 16.6591 9.50205 7.87353 11.3688 17.6774 24.1956 12.2264 19.2795 12.658 24.9664 19.38 21.9956 
5.0
14.7082 12.7238 20.4195 7.6828 13.0628 5.63711 6.08762 6.17063 14.2536 5.03481 3.95544 11.1634 13.6879 12.7395 20.7564 22.4808 13.4597 22.9343 13.6004 20.6962 24.7999 19.0984 22.7223 17.0267 18.9357 12.1632 10.7637 15.0677 17.6071 18.6393 4.83758 8.12481 19.4927 12.4641 12.6266 23.3897 21.2927 19.32 16.2644 21.7132 9.72058 4.67334 10.25 24.2229 3.1533 16.7846 4.64565 4.53738 19.1891 10.9383 4.80756 7.82544 24.3637 18.6442 23.9002 12.9615 12.275 20.5597 4.44344 21.5265 18.8656 6.8813 20.1433 24.9043 18.6137 11.459 4.25529 18.2246 5.38211 18.3793 5.7319 4.90019 21.6756 22.2705 16.9022 3.01143 12.5565 6.07776 13.9354 19.7852 10.4682 5.05898 18.8374 5.42031 9.7169 20.7519 14.2306 22.5082 14.3622 21.1614 14.6666 12.2995 23.2648 15.9175 13.2226 24.0666 8.54366 15.1546 17.1304 18.8112 11.1899 18.3607 3.68958 23.5679 5.09052 21.9477 10.2125 17.5543 13.2088 11.7925 9.25391 11.4152 14.6741 19.4989 7.87258 15.8139 14.0292 6.12921 22.1771 23.1185 13.8859 12.1582 5.90406 13.4341 14.7392 22.3964 14.2802 18.7307 8.18926 7.1346 6.91723 8.8168 19.8216 15.7593 20.9897 15.4087 10.496 19.0882 5.94699 10.5453 7.29273 6.67723 6.00731 23.0992 2.86799 12.8476 4.18585 9.63274 16.9667 15.1837 24.1057 8.35016 16.344 9.25225 5.8418 24.8956 19.3447 23.2911 7.0488 21.2463 13.8912 16.6197 20.6212 18.9523 15.1292 10.52 5.13746 12.9706 3.9819 12.8377 4.3368 22.3467 5.36264 17.5548 6.87954 18.9901 24.7951 23.0819 7.64047 15.7968 12.1923 13.0228 11.7854 10.3669 21.5434 23.1577 15.3813 20.568 15.259 13.3993 18.7886 20.6944 21.9243 5.96777 16.5883 14.4718 6.21114 6.03748 20.2907 8.65802 24.6972 8.60421 12.5785 10.9892 3.84439 12.8228 24.3324 18.7217 6.38485 10.066 8.18996 9.01958 7.36538 24.4533 14.8883 9.93838 23.6001 14.6011 8.63919 15.7538 22.781 7.84373 7.78782 5.38656 5.99744 5.67403 22.0046 7.67296 4.91272 9.15608 22.2603 22.2309 4.84994 18.0577 22.3341 9.67195 7.53542 14.9538 13.1054 7.40863 19.7506 13.051 8.3782 22.3079 24.1419 21.4819 10.9889 3.9402 10.9391 6.82116 22.9477 22.1738 14.3317 19.5715 20.8625 7.86564 7.25357 24.3708 20.3967 12.897 3.32567 7.66982 16.0097 10.8055 17.2072 14.1304 9.7308 14.2626 7.10475 10.4948 5.21617 3.1467 13.1898 15.6754 23.3394 11.9622 8.1743 13.3151 15.5648 5.35392 11.2946 18.0687 23.8541 2.96747 4.45328 14.3546 13.3565 14.9053 21.7697 3.82771 19.1316 24.0284 18.7883 15.3224 10.6556 3.85369 5.09517 21.0169 2.86114 5.79712 24.093 17.5676 19.9598 12.0125 13.6841 13.4649 13.2981 15.0762 9.11183 23.8589 14.4963 20.7671 24.2098 16.6068 17.6213 7.69251 4.80965 23.2897 6.64156 12.5102 23.0571 21.4515 4.41627 14.4953 3.88559 4.30739 19.467 13.2036 7.39913 24.1739 14.2831 17.9801 20.9123 18.3687 18.9095 5.5638 14.3992 13.8323 18.5691 14.5373 23.1002 24.2192 9.06667 5.37315 21.037 10.7108 6.22722 14.8252 24.1863 7.79808 20.6171 8.41588 7.06075 20.2861 8.79839 4.76914 3.94898 17.7679 14.8662 10.5391 23.5634 15.3202 18.5198 24.6846 13.3465 4.16939 18.4162 10.839 19.6848 13.5778 24.5577 6.52609 15.2816 22.7015 15.9619 20.4716 12.4377 3.66817 9.86535 21.7603 23.4903 17.1259 6.21059 9.58895 14.6601 11.5127 21.1658 17.3649 22.0566 12.2967 18.4281 17.4002 13.5915 14.937 19.5599 7.45203 3.05091 20.3155 22.1087 20.3577 22.5747 21.3886 6.75941 23.0168 9.79493 19.811 22.2708 8.46778 3.38225 16.2787 21.9444 22.3109 5.7503 8.34385 2.87713 22.2269 19.1685 6.94971 9.24667 9.34095 19.033 15.4364 10.8804 15.1828 10.5459 4.76765 5.85737 22.9922 22.5525 8.72762 20.8935 14.6205 4.78684 12.8392 20.76 19.2771 22.2757 8.25255 7.98508 17.8731 15.6503 19.3542 9.08846 6.70872 16.1165 3.84746 3.59977 6.75819 16.3334 19.0528 9.60955 7.29922 3.44957 13.1794 22.1038 12.6386 8.04817 17.8176 17.8313 23.1836 22.7497 10.4012 15.4551 7.10863 4.22325 20.3914 22.2358 8.86812 14.8559 17.9309 13.4993 23.3048 20.3304 23.7189 23.6369 6.60379 6.86072 23.8569 22.3894 12.8423 24.3363 15.9147 15.1633 17.385 9.12406 17.4676 18.6316 23.3755 5.27902 3.3546 12.8664 12.573 7.91269 7.90618 16.2558 21.7846 24.97 20.8939 24.4533 18.6443 8.66423 3.45031 4.61076 15.4862 5.32036 12.7092 23.6445 5.06469 17.3763 18.9171 4.28458 21.8695 16.2928 11.2654 20.1571 2.78708 5.1209 21.1927 16.1502 20.8572 6.97821 6.9086 22.8125 3.37558 13.1831 15.3874 21.0356 3.09187 14.7972 3.08306 8.26929 21.2538 16.3258 24.1149 7.51968 23.7466 20.3269 9.67342 7.88133 4.07839 16.6783 4.89759 5.35196 14.4612 10.2527 19.4722 20.1805 18.7377 8.25107 20.6961 11.9986 5.90344 23.4446 12.7718 18.9848 15.4752 14.5743 11.0642 14.8126 18.4546 22.6591 12.582 12.131 2.63795 19.4624 18.9283 18.829 3.52103 19.366 10.4725 15.8327 24.5504 15.9033 17.9927 12.6858 15.4698 24.1997 10.5394 12.1634 10.0126 15.5722 15.769 7.66883 6.68984 3.03608 11.4984 24.664 8.92396 18.971 4.73085 14.8824 10.7782 18.6941 16.9014 19.576 7.03175 13.6924 9.09417 5.54472 16.3507 18.2626 5.97931 15.1995 16.3046 23.3093 24.7215 11.9084 3.97835 8.55171 22.6088 16.8759 13.4308 4.38832 9.65203 8.80557 11.248 12.1697 22.4051 2.59579 18.9426 19.1296 15.2562 3.31863 23.4488 6.72456 17.939 4.23207 24.4636 8.63085 8.01554 17.5754 4.88275 4.65072 4.57904 14.3977 15.5833 21.7761 11.9277 9.66962 3.3012 3.66064 4.45917 11.4285 22.8551 22.2503 9.03585 2.70646 12.4656 10.3215 3.57066 12.4916 20.9201 16.1783 3.08372 16.9728 20.3336 24.2569 6.9796 19.8174 13.2553 5.38914 21.2953 7.73253 17.8702 5.4735 9.66907 17.5586 10.0474 13.8049 9.27966 11.1474 13.4835 4.81254 18.0065 19.2722 11.6915 6.95536 24.0607 3.3219 8.08607 7.52674 9.33601 8.52783 20.4141 19.6166 5.23182 12.474 20.7808 7.48181 9.69545 20.1406 12.5221 19.0754 24.2361 11.7305 7.67201 19.4832 19.659 24.5291 6.27624 21.5188 21.7706 20.0474 11.3013 7.22751 13.3042 20.1981 22.8894 11.5475 23.3164 6.25516 23.2089 19.3796 10.3044 19.3465 8.15058 24.8155 22.7934 23.7295 9.61951 16.2739 18.6459 16.6005 7.17287 11.2944 6.84013 13.1865 10.2532 17.241 5.47053 8.37118 7.26747 19.1621 7.21826 16.1031 17.7618 6.05974 8.54252 17.8376 11.442 24.3171 23.8427 11.2623 20.2896 22.0335 5.84107 13.0548 5.02405 13.018 20.9363 4.42418 4.65973 9.19179 15.7775 10.6862 17.9098 2.64738 18.8095 11.1205 10.1847 8.61739 23.0377 5.36223 12.4373 23.1008 11.2653 22.5758 8.10297 18.8975 22.5493 17.1628 24.3856 13.8013 23.6289 22.2523 11.6396 19.7007 24.0738 9.72521 17.0974 18.8384 18.9027 8.02075 11.6925 23.4784 17.4241 16.4773 11.2284 5.23217 12.0458 19.9554 8.1434 20.2918 10.8068 24.995 17.6205 24.3226 9.87888 16.2548 24.2938 18.2632 7.28932 24.4857 20.8001 18.7837 24.1141 24.7869 14.4262 22.1529 9.39222 13.8957 13.1021 17.7625 22.5099 7.75982 24.4898 17.5607 6.80656 15.6435 11.9181 22.6432 20.6505 24.5168 20.9121 5.75279 14.7361 4.9775 15.07 10.9368 21.851 17.457 17.5343 21.6132 5.36471 24.9588 6.80887 13.2946 7.6871 8.58069 5.67265 22.2205 24.9485 14.5695 14.4378 16.1478 24.1497 9.15981 24.8046 6.04952 24.0331 24.9452 13.0612 4.97157 3.42477 2.53322 13.8796 2.79796 8.2963 13.7332 15.9576 13.1741 18.7984 22.5273 5.75527 23.8381 15.0148 5.07509 13.0788 19.1107 5.18628 12.5011 12.2583 18.2933 5.15673 7.71515 5.17305 6.22351 2.78847 5.01696 4.87075 14.74 8.59921 6.23279 21.0338 6.3048 23.8694 14.636 13.5407 21.034 4.97017 2.90068 5.37308 13.3868 15.1624 3.83827 6.11869 19.7624 12.6159 20.1676 4.82 15.7556 5.89986 12.0683 20.9184 14.32 3.19342 18.7665 22.0444 11.0902 13.9676 20.4054 12.4031 13.1113 24.3874 23.9471 10.5055 4.72711 2.68484 24.3593 17.4961 19.3768 13.2528 9.83413 9.82509 13.549 23.2091 22.2905 12.5173 4.14486 20.182 14.41 16.7863 7.999 2.56573 9.45538 23.2442 19.8085 10.9972 12.6228 19.4572 17.2202 9.80295 22.677 15.5974 4.32657 12.1675 20.1194 14.4392 14.8193 10.2714 10.6402 16.9524 18.5511 14.1513 22.6029 7.24053 12.7561 8.02924 24.8123 18.075 16.6782 15.3638 23.316 18.2749 3.35764 13.8715 10.9883 15.6827 4.82554 4.26882 6.14862 4.48511 19.4572 18.9852 11.4615 15.6305 2.73319 14.5965 16.8711 11.5913 20.1586 19.2291 12.8184 19.2223 11.0909 6.18527 24.9916 16.9648 7.22533 22.5384 24.3598 15.1464 6.98938 21.4495 16.2398 3.12643 12.0946 16.9544 4.6459 22.037 
2.0
6.96869 5.68679 1.45691 3.24372 1.56971 2.32052 6.24358 6.38763 6.34086 9.89205 5.66215 6.33248 3.33137 2.2326 4.66672 6.25057 3.90076 9.91305 1.36305 5.71217 2.98847 9.55359 6.26458 2.79397 5.98128 8.35617 1.39608 4.66036 6.67823 4.35951 5.74498 6.11725 1.85332 6.91677 8.56036 3.63861 1.91579 4.89596 8.99957 4.36561 6.16813 4.10285 4.62253 7.57853 1.16163 3.42673 5.2337 8.14115 4.64973 4.20864 4.57166 8.41799 6.63891 3.33243 4.34637 7.16403 1.03728 1.5383 5.12411 5.88722 4.40087 4.45914 4.56004 1.18358 3.27747 2.87947 7.47843 3.54495 5.64823 8.71702 7.30055 6.13944 2.96687 7.22698 6.32022 7.06451 9.29655 9.92895 7.327 8.5727 2.04437 5.75645 8.07704 6.77002 2.79361 3.92918 3.11162 3.28702 5.73352 2.0479 6.42328 7.42248 1.18683 9.91194 9.46968 6.25978 8.73492 7.55942 5.03504 6.25593 7.4406 4.03009 9.43933 6.8032 1.66861 3.3508 6.59501 9.26354 2.00371 8.24372 7.41152 2.97548 6.76646 3.05712 4.04736 4.73381 6.62668 1.41884 3.50987 3.2419 7.81452 1.11244 1.10263 2.03663 6.42921 3.67597 6.22055 3.38601 8.34545 4.2234 7.9926 9.65947 9.2175 9.98877 2.27217 1.67074 2.08087 2.09286 3.47517 6.49348 8.05168 7.0327 9.76565 7.2495 8.62374 3.39353 7.08925 5.36964 9.06317 1.28363 7.55413 5.82736 3.40077 1.99161 9.65966 1.84488 7.52204 4.36649 1.87279 8.57214 2.85479 8.4204 5.05198 6.23823 2.15446 2.6539 5.21884 4.2756 7.88711 2.60398 6.17744 5.91691 2.71001 1.11477 8.48128 3.7645 3.54994 5.83079 9.24784 1.83254 3.77911 6.41299 9.32088 5.56181 5.98875 1.97731 5.28037 2.30719 5.86038 3.25602 6.80002 8.79776 3.63466 4.98164 2.85254 1.06957 2.67802 4.99353 7.26255 1.37105 8.64681 2.56718 8.10707 2.54113 6.74922 7.46606 5.46374 4.35994 2.60478 1.21624 7.00671 4.37223 5.20153 8.1036 3.95011 1.68339 1.45091 1.39368 3.83921 9.22821 7.84021 9.27428 7.6893 7.01219 5.68275 2.02055 7.97212 2.8256 7.46567 5.88296 2.95002 6.93011 6.7954 7.1977 4.85774 6.21818 5.44081 2.2199 1.43186 5.34501 4.97392 8.17942 1.28795 4.33318 3.50841 4.05935 5.64524 7.14998 2.03566 3.5971 9.89913 2.75735 6.85853 4.00822 3.54121 4.13449 5.62273 3.93283 8.92702 5.77314 2.4459 5.1047 1.39142 8.1455 8.6443 2.24304 3.21163 5.64481 2.55724 1.66687 4.91795 5.4986 6.96903 1.13214 6.45208 1.15458 9.62872 7.39138 2.67319 3.63916 1.36742 5.97616 7.71153 9.38872 1.31331 4.70205 5.66978 8.05342 1.70425 2.39636 3.17203 7.77375 7.79815 4.34849 8.26041 1.42968 6.38089 7.98289 3.1394 4.36252 2.37196 8.25477 5.26776 6.06938 2.02774 9.26839 5.29815 2.37035 1.2424 1.61804 2.36438 4.54826 1.44656 8.95167 6.21632 2.96118 3.60347 1.25715 1.70253 6.6275 2.80293 3.37127 6.1004 1.28371 5.95287 7.21129 7.79412 1.41484 5.06855 7.22919 6.80018 2.7575 9.65941 1.58862 8.64057 1.77569 7.71366 8.56443 3.06365 5.60913 3.78038 3.66491 4.11265 9.99432 3.64944 6.97667 3.04187 3.6583 4.12894 1.23218 9.58045 3.68495 1.42037 9.09992 6.04389 9.35403 4.59146 1.1973 7.79317 4.95288 4.64661 8.3261 9.54158 7.06071 2.69499 1.43066 2.00909 7.80564 2.71638 2.77871 9.42455 7.59429 9.42456 9.86479 8.37537 6.81413 8.72839 6.53645 2.50501 6.00839 7.2906 2.84298 5.558 1.02372 9.68414 9.10688 9.27269 4.63044 9.64631 2.71794 3.62165 9.11544 8.93039 9.15 8.89967 2.34781 5.25508 4.70038 7.15954 5.81704 7.85147 5.45192 2.49531 4.14393 4.1078 4.95772 7.67336 4.56417 7.81171 8.1485 6.61108 5.88447 4.49032 3.96267 5.20314 7.41151 5.34781 7.19896 3.99551 8.3534 7.30078 3.09185 5.20711 2.19389 7.6112 6.10951 4.59903 6.53918 5.61702 3.47448 8.69159 6.93743 5.06047 3.907 9.82886 8.17088 3.51395 7.09096 4.59092 8.52067 9.4037 6.36255 6.05387 9.50429 1.13095 2.12154 9.39728 2.58571 3.79089 3.46519 5.35952 9.3581 8.98921 4.54491 1.04059 8.69931 3.2563 3.14546 7.55269 7.39995 1.55916 2.98688 8.01842 6.76409 9.41088 4.24907 9.4166 4.68268 8.07785 4.81899 2.77584 1.6796 3.38461 7.76055 7.21565 6.43035 7.6163 3.50714 4.33532 9.25346 4.01889 3.27683 1.45035 9.07444 6.3969 2.21022 3.17662 8.36253 2.30895 2.73092 3.86216 7.53997 9.36081 3.62875 5.36664 3.36402 6.09621 4.36552 1.68842 4.78161 2.9853 2.10353 6.93935 7.75662 6.01068 3.95667 5.16718 5.56985 3.35118 4.96424 6.52563 3.09162 6.66329 8.28737 7.29213 3.52708 7.46017 2.1281 2.23318 8.13409 6.08837 5.87118 8.81744 6.4138 9.80224 9.94847 8.77638 6.27395 4.43593 2.92595 9.51268 9.66468 3.17307 9.31352 4.85621 1.18715 5.91412 7.59733 1.66769 8.17471 8.74137 2.99485 8.79007 2.74679 4.98156 7.43251 1.84745 1.33538 9.36626 3.2461 3.39175 6.18425 1.78976 3.10377 3.89698 9.32075 2.16473 3.65164 7.10123 9.50031 1.87549 8.38217 6.19622 1.62361 8.32893 7.22512 3.3646 6.12632 9.10313 7.36115 5.16488 7.84162 4.1936 2.75817 7.26396 6.83527 2.85713 3.9302 9.0174 5.71343 7.55344 6.41902 8.39727 9.90301 7.48431 1.49842 8.76774 9.40483 4.23051 6.6011 6.00824 9.5193 1.9863 2.96824 5.48434 7.04485 2.8916 1.02172 1.36623 6.44898 2.96188 3.959 3.79494 8.51194 2.1156 9.07066 1.39611 2.94312 5.79941 6.28059 7.64152 5.47005 4.71091 5.40884 6.55817 8.9001 9.11917 6.65711 9.28514 5.6548 7.2828 8.81692 9.97797 5.27681 5.46577 5.70044 7.56083 6.40961 1.0508 2.29395 7.82625 8.74973 1.25051 1.13395 1.38252 6.4718 1.91609 8.406 2.9488 3.62609 2.94379 1.26609 3.49784 2.00879 1.77888 4.88481 1.74634 2.00497 5.51747 4.71403 2.49306 2.90414 3.10579 4.47638 4.30443 7.18849 1.13727 9.37727 8.04797 6.29377 1.74721 2.03964 5.7733 6.34288 8.10513 5.66133 8.44075 8.35205 8.00474 4.89509 8.99778 1.40968 3.05163 7.95131 2.30286 9.32792 6.94853 2.42338 3.39717 6.26679 8.37832 7.33561 5.62389 2.83105 1.98464 9.914 9.09511 1.13968 1.95016 7.57947 7.0065 3.36799 6.6725 6.66388 6.29949 6.26247 9.03785 9.34866 6.17126 4.12824 2.79221 2.32605 1.93229 4.78911 7.51027 5.6831 9.71156 9.02043 8.66199 6.50823 8.5095 2.95446 6.27681 6.7205 2.09847 3.95847 5.70551 9.62151 7.271 2.48547 8.97976 3.66998 8.93562 2.39761 2.2693 1.97896 3.56041 2.26226 6.93675 7.03571 9.46412 3.12067 9.69013 4.14424 3.45503 2.22933 1.33304 6.09052 4.31741 4.27407 2.61241 9.53029 1.64566 9.55662 9.66399 2.59959 4.52613 1.65404 7.55551 1.2479 7.56652 2.05067 2.42739 1.79401 4.77305 7.24274 4.73123 7.2044 1.77514 1.81575 4.06586 5.59447 3.89791 6.99436 3.11112 4.45225 2.5822 7.16502 7.15923 8.08488 9.65233 1.87127 9.74388 5.78768 8.93146 7.78162 5.86692 2.23596 9.70467 6.13016 1.32275 4.59936 8.52962 2.12981 4.62033 6.87895 7.89494 2.85819 6.00288 2.96697 6.22621 8.11615 2.06522 5.92917 8.73966 9.75906 7.46875 6.00988 9.64346 4.00057 4.2541 6.85969 4.18673 3.18922 4.25148 9.48578 8.05619 6.55754 4.08859 2.42496 7.62038 6.44394 8.29629 7.6393 7.5217 7.48718 8.01183 6.63445 9.11596 9.29349 9.77983 3.30062 5.25965 2.07642 1.95084 2.97624 4.94489 6.76924 7.17759 2.23417 2.28194 2.11012 9.50891 2.89071 2.32951 4.19982 3.58128 9.73718 9.27259 6.03219 8.40802 7.49415 8.448 6.49721 5.26619 2.48837 9.71762 7.35674 2.18113 7.55236 3.68922 9.69292 4.50861 1.64658 6.28495 5.32922 4.11468 3.70435 7.15759 3.72411 9.65319 4.19938 6.45427 8.83751 5.44089 1.93592 9.42803 4.46971 5.4303 6.56169 1.39691 6.57311 8.78015 2.3033 6.55078 7.03654 5.52348 3.42446 1.10575 2.44223 9.83345 7.90679 9.30632 4.29548 8.38676 6.85328 8.7751 8.22695 8.32472 9.11441 9.71024 7.6676 9.31205 4.63699 6.43054 2.49633 3.19322 6.03552 3.76812 7.16024 5.74656 1.88635 5.80886 8.76756 8.03595 6.24442 7.48042 5.65321 4.86016 1.88266 2.48792 4.91708 5.79997 6.75404 3.09735 1.43488 6.36276 7.17636 4.26652 5.84173 4.72488 5.23954 4.62378 8.98834 5.57167 4.93573 7.79431 4.36988 6.5351 4.51194 8.5741 1.0275 7.72905 8.54545 4.45163 4.42252 3.88232 1.24176 9.9771 5.78325 8.56922 2.45529 6.47943 2.42447 7.03786 3.93267 2.63086 8.53958 4.13609 6.27872 3.35917 6.96543 9.83507 8.14509 8.60764 8.41973 2.85052 6.14153 1.44263 6.7112 2.86166 9.96984 2.00877 5.4223 3.82772 5.28047 2.83187 3.56472 6.90217 3.75178 5.96949 7.7074 4.44461 4.89192 4.50908 3.07728 9.63027 9.06344 2.91388 5.13275 1.15721 5.23047 8.71643 7.10962 3.55118 9.92863 9.05972 8.03988 1.56805 8.95756 8.58603 8.74304 8.19406 4.2961 7.17339 7.29019 2.74352 8.74015 3.01975 7.4406 
5.0
5.09811 10.3632 23.7724 10.6143 14.9868 4.25158 3.31935 23.3491 12.0157 5.14867 22.2718 23.8791 6.16556 16.8922 6.60537 5.04737 18.2905 12.9026 14.3019 24.8912 18.5678 4.2936 17.5736 7.4335 5.30906 3.65658 11.0737 7.27268 10.3826 8.26837 7.34337 4.22131 19.9973 13.9733 20.7446 4.24373 24.5975 3.48917 6.13014 7.94248 6.61981 10.3863 10.9988 15.3435 12.3603 22.4914 12.3882 10.7303 4.2042 5.96458 12.2527 6.27657 21.9658 16.3005 20.0788 20.7282 12.0904 2.50314 23.9857 4.38383 10.9675 13.1846 6.56337 14.1238 18.6049 5.83752 16.6958 19.7389 23.9147 13.0317 16.1215 5.30713 12.8603 24.2839 6.97987 16.8694 15.7144 22.3522 24.0939 10.1546 24.6793 5.20384 3.23957 4.60277 18.1175 4.90661 9.15079 14.9377 12.6443 24.6946 24.5117 19.0378 19.3313 17.9575 8.68443 18.3565 5.27151 10.4038 12.4238 22.1408 6.75583 16.6474 22.3277 11.6988 22.8105 9.96923 18.7747 8.46649 15.3461 24.001 11.097 9.62302 4.66816 15.0842 16.2403 5.00463 24.0985 14.0524 14.6601 19.0678 12.4584 16.1872 7.20374 9.15086 15.6629 3.09821 4.2295 13.7849 11.1763 17.7769 3.21134 22.3031 19.0794 11.5742 11.0804 4.49863 15.9974 14.352 10.0529 21.5825 23.1399 9.05828 13.1938 24.6888 19.7019 16.9764 18.4676 4.67997 7.87547 22.3978 7.52445 9.50001 15.7242 17.9689 22.9739 17.8271 4.16752 24.4618 20.3939 17.775 4.32725 6.21836 23.8261 9.39259 23.9851 8.51878 11.0087 9.71343 4.40164 10.6235 12.094 4.10305 18.7465 23.2389 5.60358 12.6557 3.39002 14.1577 5.36895 12.8896 23.3061 10.8216 12.2091 22.4914 2.83644 8.55935 21.5942 15.8589 13.0662 10.7477 8.54523 23.1931 24.5607 9.64646 13.5207 18.3892 14.2138 9.15734 3.03891 11.9754 9.95745 10.7567 11.2873 22.8519 17.0825 18.852 11.4675 7.57781 17.4209 9.31226 23.1269 5.9573 7.63925 7.42215 16.7267 19.1743 20.3937 16.51 9.19627 14.2262 4.59616 10.9997 24.2236 20.9064 3.54165 5.13617 18.5323 17.5856 12.1474 6.13521 10.3948 22.0422 19.5527 20.5065 16.632 16.0906 23.3308 12.3007 11.8493 7.75992 4.06134 4.53096 11.1586 17.2699 6.51492 20.0169 17.6371 20.5567 23.6982 7.904 3.27178 19.0972 10.0109 14.6055 24.6413 22.2821 12.2639 2.91921 12.0832 21.0877 24.8088 5.56701 8.59738 9.29701 7.52874 16.9094 14.7372 18.519 10.4402 16.5827 13.2351 20.7572 11.1569 23.8114 4.61638 24.7771 16.4642 13.6426 20.0475 17.522 11.7556 21.3563 10.1722 9.32817 17.0798 18.7975 3.68326 14.1883 13.5497 23.884 6.88044 21.3142 21.3624 4.53658 15.4652 14.2485 3.18073 15.7836 14.8217 3.77452 9.12589 18.7898 2.53338 18.3753 12.1315 23.0579 21.8871 18.4917 7.40926 23.0553 15.1127 15.8292 4.77526 10.5135 2.60896 3.96317 15.0885 6.152 14.4064 3.99326 19.5499 9.57587 10.116 11.4969 23.1132 13.597 23.6142 13.5309 23.2573 4.22927 3.71438 19.4329 17.869 2.60778 14.5748 4.17036 18.4881 2.58148 19.5927 22.9895 12.6634 17.73 2.53464 13.6127 21.6703 24.0539 9.65321 17.2343 17.3387 12.0896 11.5404 19.566 24.244 24.6967 23.4668 8.18043 13.5078 11.7705 22.9574 9.90387 4.46079 8.12805 13.3539 7.00778 2.91674 15.8171 19.6127 13.4491 12.3078 7.10003 5.08997 7.40922 16.4312 14.3612 13.0627 23.8823 12.5571 3.18784 4.23606 13.5617 16.1483 12.3751 8.98695 19.2759 3.44021 9.60505 20.5943 6.22262 5.63353 14.0488 23.2055 9.75244 5.94707 24.6435 8.28873 4.45071 10.7826 12.7921 13.3224 23.2685 13.7506 13.2381 13.9704 20.4525 21.308 9.36263 18.4937 7.02344 16.2561 6.657 15.6484 20.0535 5.35116 13.1178 12.3203 4.49279 4.77525 5.31648 14.6452 23.7942 19.719 3.89256 8.86634 23.0873 6.82565 22.2207 20.6773 11.1513 10.746 12.0017 16.802 19.9364 13.5551 19.5269 20.0606 10.3842 3.28055 23.8672 21.6717 5.79698 2.79103 8.23503 17.0412 14.0058 2.79741 5.77089 18.7871 19.5871 12.7144 18.5031 13.2509 12.3788 15.634 23.2318 6.74524 18.5445 18.6597 8.08678 15.2878 10.4371 7.35254 6.00863 9.07161 21.5107 18.0385 23.9045 2.92172 5.03188 24.2266 13.727 11.4881 10.3393 8.3893 9.22726 15.4249 12.9025 5.35319 12.132 17.3062 16.9296 16.0518 21.4938 18.5276 14.2732 5.38932 14.9659 18.4448 13.3858 17.9659 5.75038 24.4984 14.5738 17.914 6.47026 17.0739 10.3002 4.09639 23.7156 15.3501 21.7863 6.91507 4.51339 7.88182 3.16218 22.982 15.9708 6.67021 6.91588 11.4008 16.8429 10.9689 14.3917 7.90983 19.7743 4.57634 5.08702 8.13687 2.9633 20.3652 5.99813 13.7147 10.0019 13.2969 19.7648 5.00827 21.638 3.17387 22.8639 9.2033 15.7119 3.37674 22.6012 5.00591 24.0171 16.839 4.15303 12.7038 17.3344 20.5075 3.9059 20.8386 12.3898 17.0388 5.34522 8.23979 6.98678 7.48326 6.24299 5.16972 24.5617 8.7036 20.8941 24.83 9.41363 14.2814 6.15177 11.4792 11.3575 22.6588 15.0113 18.9122 18.5514 8.76758 3.99311 23.0502 12.2479 7.8933 3.07464 9.89292 7.21858 8.02693 6.9206 12.5811 21.6028 21.9521 3.66248 18.8215 9.9305 12.8192 17.4767 7.42203 18.0682 21.9549 18.7119 12.6894 8.83939 15.1593 5.31417 2.93692 22.0686 21.2385 19.3025 11.8547 5.29922 11.5234 19.5418 16.4903 23.935 4.12555 4.56534 23.0913 7.05572 21.6787 14.196 12.059 7.6566 3.81715 21.2163 23.2633 21.0613 23.1398 16.837 10.4691 2.75888 5.9111 8.71491 16.1241 6.91486 3.74841 10.2696 2.75759 6.80564 15.045 10.0481 4.741 15.927 19.8798 22.3899 4.15938 3.52662 14.6641 5.63891 14.5445 20.8098 12.7729 19.1562 23.719 9.06989 22.4146 22.8799 9.50224 20.9917 12.9856 5.68523 17.0273 11.3793 16.1617 3.79228 16.4189 18.5575 12.976 20.4734 24.5835 5.19688 23.1326 15.8092 7.35998 22.3133 2.80743 22.743 23.282 10.1904 12.1845 18.1846 12.7015 12.4766 11.4792 10.4131 8.52386 4.70569 16.6976 16.5272 14.804 23.491 18.8822 8.69623 14.4541 22.6441 15.5936 20.4585 4.81224 7.46629 8.37942 19.3193 4.82307 8.46499 22.4783 6.89718 22.5791 18.2432 2.51152 20.3697 16.9736 15.3132 22.9098 23.9673 22.2151 18.5836 14.3274 16.7667 18.9527 3.77126 7.29171 8.03237 13.2629 7.98542 4.3398 6.35755 19.7482 6.23725 9.39098 11.3536 4.99618 21.1222 23.1058 19.1386 5.15082 4.42684 15.4812 7.87416 23.8444 19.4087 21.9324 4.60168 14.241 15.0009 14.1105 19.6272 23.9417 13.1901 6.7071 17.2051 19.0005 23.3181 6.49468 23.7702 5.80169 9.55762 17.3536 24.9698 12.0492 12.8119 22.5353 22.7432 5.61634 10.7879 22.9121 16.2009 10.0074 22.4935 7.46275 7.55261 22.6805 18.4084 24.745 21.8335 17.4819 7.57903 6.60418 16.6801 19.9412 20.387 7.8677 8.40409 19.1784 20.7419 18.2767 20.616 20.1719 6.44717 10.4036 24.1466 22.6381 16.4905 9.80559 14.5181 5.272 11.5077 18.6652 13.2136 16.5995 21.1704 6.6669 3.99553 23.6908 7.24781 2.85955 18.0228 24.9852 16.092 7.25602 19.0171 10.9772 24.2971 3.41852 4.72778 9.01384 6.28269 15.7805 20.9454 20.9537 10.0504 20.4547 9.31445 22.4368 4.86467 13.2781 17.6949 12.516 7.10761 21.342 19.3222 12.4 23.0571 24.2599 4.51641 24.5572 22.339 21.4207 18.6901 8.43095 20.8035 8.97848 22.9051 19.0168 14.0748 12.8287 15.7281 24.5502 20.5246 8.82081 22.6346 22.0557 19.9202 11.4568 9.213 12.0083 23.9953 4.8264 21.9156 23.3549 20.1955 19.5289 5.1101 20.148 24.8473 6.83033 3.17921 16.0401 9.50087 16.3082 16.419 2.89026 4.1967 13.2314 16.9863 19.7309 6.40625 21.9274 23.6449 13.3469 21.8962 21.385 21.5605 19.2153 23.7664 9.34427 8.39477 21.5569 20.9125 21.1216 20.4476 21.2488 22.161 24.4224 15.0987 7.84837 19.8292 16.3892 3.29841 4.47876 3.95904 19.1365 15.856 16.8254 18.4738 7.52192 4.77827 9.9939 23.0095 5.40331 5.90613 14.4797 21.67 24.1328 11.6002 12.4984 19.9556 12.0368 14.7253 20.9278 23.6157 6.13205 10.1838 22.1113 23.1753 24.8289 10.2475 23.7725 20.3851 5.36984 17.4389 11.7909 17.8459 22.2552 11.2107 9.58963 5.55615 10.4046 4.67432 7.88378 23.1341 16.8053 2.62775 23.5404 16.463 24.3962 7.13137 6.29957 17.5108 11.9386 14.3832 9.60749 6.07345 13.6235 14.1428 6.80989 4.69149 9.66452 2.95391 16.4575 12.9915 19.1279 22.4162 7.97281 17.7005 23.7484 8.75554 3.92752 22.0846 3.98149 4.94311 7.6822 16.0615 8.54205 4.11365 15.1367 10.7364 21.1795 20.5322 9.34196 13.6122 18.439 16.8599 16.7234 23.2236 4.65899 13.9684 11.1654 9.44437 12.9554 12.0532 14.7071 3.21915 15.9416 4.29621 23.5995 14.4687 4.93541 4.32613 18.4746 14.4192 23.9017 8.7288 24.8744 16.1049 11.8819 18.3557 10.3927 16.7955 5.15953 17.1814 12.1774 16.0964 12.912 9.95993 11.0443 8.47322 5.09905 17.43 
5.0
12.9861 8.16726 15.6934 20.1105 13.5028 8.29037 9.48824 20.1781 17.9075 22.2158 19.4868 15.837 6.78388 6.48052 6.8645 8.1466 19.1562 24.1688 14.4636 18.0006 11.7575 5.94127 7.47344 4.3481 10.1827 19.511 11.6192 3.98675 23.1771 23.8169 20.1119 9.17888 23.8093 19.1439 18.1067 21.8393 8.77839 19.4415 23.4221 3.04568 12.1067 15.5885 19.7684 21.6209 16.9667 8.35557 18.7358 5.53805 24.3934 9.81478 14.2928 7.39739 20.1305 24.4467 21.0437 5.22572 8.36207 21.1947 4.9964 14.8479 11.079 20.216 10.5896 7.58098 21.8295 13.0809 22.73 4.49984 15.1055 20.1688 2.58932 21.026 22.6124 4.0108 18.4108 8.0883 17.675 9.83118 10.0756 3.60539 24.0275 4.5345 8.67913 10.5414 10.2377 10.391 12.3668 17.7831 8.51751 4.6689 24.68 17.5899 19.1664 23.9639 19.1614 8.36543 4.40133 11.9761 21.47 16.5022 5.31991 6.98428 5.25688 13.5478 10.7496 5.26709 18.049 9.9439 16.7307 6.72182 8.3946 21.5873 17.8851 6.43033 18.0169 10.4632 9.41837 10.9222 7.72844 13.1005 11.0084 22.8854 3.35508 18.1002 11.3271 5.57355 10.4193 8.98505 24.4482 18.1615 23.8337 3.62216 21.889 15.7972 8.85433 11.4676 21.5371 23.1012 22.0431 9.88314 7.21198 17.364 10.9911 18.2758 5.11152 5.18913 24.0505 11.309 13.3928 11.3355 8.82694 19.9362 21.1379 13.5052 20.6817 4.00712 15.4548 14.3299 19.993 2.69589 10.4625 14.3037 11.9281 11.5014 19.4113 9.41345 22.4738 24.5704 3.68754 24.7166 11.9782 6.09219 12.4534 15.116 7.45107 4.51602 6.67113 4.58223 14.8745 15.8408 8.76267 2.57277 15.2733 12.2268 4.15311 23.899 10.795 12.1797 10.9497 20.79 19.5498 23.5572 14.0054 8.40383 7.96013 5.64736 22.1168 12.5362 19.3701 19.0696 12.1075 8.27597 15.1645 12.2479 18.5457 18.3584 24.648 20.7063 20.347 22.4654 7.43355 2.93626 18.0112 3.72316 24.591 21.5871 20.245 8.64674 9.80528 16.2277 18.7185 6.78252 6.79437 11.4315 7.20689 11.2974 6.73707 6.43295 11.3667 21.7654 4.46049 7.60647 5.39728 2.90167 14.6374 12.518 19.3364 22.9935 14.243 24.2982 20.741 23.2791 2.52238 17.5888 9.50287 17.0226 9.71626 24.8101 22.0484 9.538 20.798 16.5016 11.1741 10.4085 5.46922 14.4845 17.7659 14.1544 20.6662 21.597 15.6537 5.59807 14.325 4.25068 3.35113 23.6754 16.6572 6.56064 16.4289 24.9457 10.1849 24.7967 4.27406 8.04782 7.2858 13.4076 9.98343 5.35416 8.9978 11.3671 12.1419 20.5718 13.8335 17.5925 24.7357 13.5407 20.3543 9.18516 16.4501 10.9794 12.2548 23.7439 20.6018 16.9281 4.70608 24.5001 19.4571 4.13851 5.70947 9.52498 19.1832 20.1613 16.2099 16.2597 11.6857 14.381 12.7187 10.1175 14.5801 4.74768 13.697 5.90766 20.548 10.4565 15.9474 5.83237 24.829 9.32387 14.7673 12.8056 7.09601 21.1113 6.61049 17.8441 13.9663 13.0465 8.00896 17.7808 15.8971 21.2916 12.0049 7.05078 22.2156 4.60854 5.84189 22.2986 15.5345 3.97217 16.1662 3.55907 9.30126 11.8801 12.9877 23.2594 14.733 12.6102 21.1504 16.7939 18.3859 24.6749 23.0635 15.9212 4.10915 21.7236 23.9407 18.7333 8.13386 13.1412 20.8013 24.9472 16.0468 3.09487 21.4791 22.7685 5.39878 19.2777 12.3925 6.0778 10.1978 20.0996 21.3233 10.6886 16.0369 6.57535 16.4565 23.4282 12.1071 12.6602 12.9283 22.7904 8.84476 7.78254 15.6355 4.91058 9.96374 15.3241 12.0532 6.11331 17.6225 8.2969 3.81354 20.7817 14.4759 20.968 20.7931 5.79944 23.8617 15.1812 16.4607 5.31502 11.8717 7.62599 15.7353 24.5781 2.5581 19.3042 9.10251 24.0982 12.5243 15.9434 9.24192 22.8759 18.6502 8.10747 11.4138 6.95557 15.2029 7.25525 3.85575 14.5515 14.0816 6.4956 16.9385 3.99511 21.9478 19.7901 19.8325 10.7555 5.48959 10.853 13.4334 19.7812 13.5712 15.4984 15.7975 14.4154 17.5175 18.6846 18.8375 10.6319 20.7824 2.50618 17.5272 20.3453 21.7532 18.8824 10.3665 22.5412 20.9386 5.69391 4.85614 20.9809 16.292 10.1161 16.7318 19.7264 20.4199 20.3997 6.70858 17.7393 20.9243 24.8494 13.4847 11.3006 7.63038 16.7483 21.7553 15.5038 10.449 23.9813 3.9858 3.56986 24.1233 17.1044 12.1952 22.734 11.1112 22.112 15.9992 2.95581 16.3515 21.6514 15.6624 12.2004 22.6656 15.9341 13.9115 24.5428 8.04314 7.09502 15.2573 22.3443 13.5637 8.24856 19.0766 16.2505 8.20181 20.9919 17.7042 16.7627 11.7677 15.1061 10.7843 13.6308 14.7324 11.7033 24.6322 19.3184 21.1879 11.073 12.8549 7.79083 23.6915 23.9735 9.4825 7.37456 11.2458 15.1224 5.85839 21.4398 21.6627 17.6335 12.54 13.1545 24.5623 24.6506 24.9586 10.5615 6.25712 6.92977 16.5898 5.72692 20.2703 22.6176 15.8826 19.2118 12.2392 2.97776 8.19927 3.61545 15.4533 12.8139 11.5146 24.941 8.27695 6.84048 22.1247 13.0337 7.20751 15.7509 21.6157 14.8409 24.3173 8.23214 11.3428 16.7449 12.8307 2.67768 18.1678 22.2175 14.5867 12.3468 15.2078 13.5471 3.13482 15.2218 16.3427 11.3882 18.717 4.81195 18.2329 18.3828 21.3838 20.6553 3.59664 15.6042 13.4952 12.2671 16.9972 23.0737 15.3568 20.2861 9.3895 10.598 17.7396 11.0675 2.67723 7.68092 12.5361 5.97381 23.0289 18.7555 22.7999 21.6125 16.704 24.9896 8.4204 12.2711 7.13938 16.4134 18.6828 5.79961 9.54446 20.6188 17.9621 16.6898 6.757 4.28175 3.30251 17.6026 20.1083 18.7564 20.131 3.09173 16.5482 15.9913 19.8563 21.7754 23.2798 21.0189 20.6019 8.20506 11.1541 19.7658 19.8248 10.6809 8.07436 23.4365 7.56772 16.2654 3.65999 5.71905 24.0976 14.2439 16.4205 16.5626 3.17743 16.782 19.6893 11.2779 19.7239 3.03062 7.56654 13.7091 8.09909 22.9285 9.62288 17.2291 19.7876 21.9515 20.612 17.3058 19.2078 5.55946 13.9434 6.89185 16.4083 14.5903 5.16482 13.3856 7.89877 12.8513 19.2044 8.41519 6.86621 13.1576 17.6228 16.6942 16.5251 3.06831 22.1247 7.70029 2.85318 19.0693 18.0804 8.92517 12.9611 20.454 9.30735 24.4478 22.8479 24.1505 10.3606 17.5794 20.79 16.747 10.0843 13.8304 22.6163 14.9637 7.6715 20.4505 7.61687 15.8223 19.9852 21.2899 11.3373 5.26276 3.88796 13.2341 4.00704 13.9573 19.832 5.45976 15.8532 6.57142 17.9586 15.2634 3.04864 20.7228 22.9579 4.21236 5.54509 4.38688 8.93747 13.3681 23.0408 15.4997 15.5518 13.8315 2.83338 7.50842 21.6406 23.8604 18.3067 22.1191 15.1274 8.80966 19.3033 12.991 22.9279 2.64366 20.6313 9.12929 22.1176 12.2704 19.9555 21.7239 13.6098 8.44833 16.3245 20.6866 22.0934 14.5156 5.58122 14.6345 10.9794 11.6911 8.90922 20.5714 16.1086 9.69817 10.7631 24.5163 14.4683 23.9602 19.9343 11.8291 11.6688 15.6189 17.5007 10.9834 21.9295 8.12481 5.41229 4.53684 19.3254 9.1494 9.46051 11.0485 6.54295 19.0704 2.88282 11.6938 9.89538 24.7788 9.35203 2.82657 11.8484 12.5583 14.1003 5.73804 12.3051 11.2869 9.42792 22.3637 4.90119 19.7107 5.84697 15.6871 14.5596 9.04063 20.1095 16.0906 5.05477 12.1204 6.37096 4.9043 5.3371 17.9173 11.7375 13.9011 15.8669 20.0857 4.94923 24.49 21.208 5.85144 19.4471 15.356 7.63148 8.9703 14.5756 12.2976 19.479 13.0072 6.1689 16.5114 18.0356 8.68831 5.2735 2.57434 4.16279 14.0758 23.754 19.8726 10.9409 23.8138 23.0345 3.72804 22.5718 11.1979 19.7247 4.97237 10.7906 16.8158 21.8806 16.7177 10.0378 20.0111 9.65002 17.075 17.641 9.41841 16.5529 14.0698 22.7559 16.3219 7.64614 14.0046 17.8182 9.58515 15.8239 14.5194 3.75385 23.4036 7.50182 11.0988 22.7002 11.6293 6.4363 5.77641 4.48636 24.918 14.4289 6.78721 23.1234 24.4485 10.1651 7.91628 7.05429 18.4636 14.938 3.79539 16.914 15.3847 11.5064 7.39658 22.0488 7.24719 19.8386 13.4731 19.5456 17.2091 3.48969 9.19783 12.0209 19.8816 22.8648 20.7483 12.9199 15.7318 16.6164 4.58973 23.0751 23.3079 9.92612 22.2051 12.2743 23.0368 18.4225 12.0222 7.08924 21.3432 18.9822 24.7883 3.71313 21.342 21.1667 11.1417 9.5585 23.8523 3.04388 5.13114 22.3646 24.9837 15.1435 17.4319 3.06456 21.5455 13.7986 9.50946 11.1625 13.0269 20.1209 4.98029 18.8699 11.401 8.36091 11.9201 22.7528 24.9998 7.40353 14.869 14.1372 5.2121 21.6476 2.78444 22.0257 14.7537 7.52076 21.6909 14.7731 21.2596 6.87871 15.7773 9.27209 24.9483 21.0395 8.19109 16.3982 14.1092 19.2026 2.78028 13.9654 7.16102 2.50243 23.0324 3.44051 12.5338 22.4468 6.96044 4.16822 7.62201 7.49058 19.1869 18.8552 15.5609 16.4932 3.97398 4.06431 21.0742 7.81173 12.9521 14.4686 6.64497 12.7785 18.7948 14.615 7.75801 4.81321 23.5917 21.9477 18.4649 15.4201 23.1681 7.34129 6.02124 13.3199 18.6022 14.394 23.3461 7.96625 18.6891 13.7301 3.05396 6.19725 22.1033 21.063 9.30829 
2.0
1.62984 8.60183 6.86347 6.46103 9.58766 3.06157 3.59109 8.52434 6.25503 7.21063 7.38533 8.69764 1.05108 5.85625 7.93381 5.16013 6.9412 8.60503 3.08916 8.86707 1.9061 7.57909 4.86352 5.85382 7.58657 8.4329 2.8487 4.09058 1.60413 4.17098 6.56219 7.38796 1.05734 4.26629 9.21885 1.85328 6.69397 6.5795 3.42854 4.39773 1.25896 6.57894 8.31938 6.79419 6.51808 3.36142 4.58686 8.78597 5.45746 6.97379 6.96875 9.74622 4.15884 6.53527 8.64574 8.38821 3.85068 2.66058 9.06791 6.02629 4.63491 9.68387 3.70691 8.88773 9.38962 5.18336 3.23405 6.97529 5.34744 2.30686 5.62401 5.98057 8.84969 6.39801 6.68446 8.74818 6.77641 4.42327 8.51138 4.7906 6.15201 9.6998 3.37022 8.35398 7.4269 4.424 9.50283 5.53453 4.9347 9.50093 1.3601 3.94586 1.0254 7.17443 8.76048 9.43697 2.37417 8.95808 2.47425 6.36113 2.96606 3.36691 2.73351 8.89545 3.2564 3.9499 1.16805 7.91131 7.00702 4.1233 6.66693 6.89549 9.29824 5.30462 3.66587 7.42217 7.21666 5.84754 7.36042 2.67561 1.7187 9.27752 4.3449 1.52374 4.16993 2.32818 8.1771 6.64238 7.06022 6.27852 9.36886 5.19038 4.39462 8.09088 4.3023 3.53544 3.26001 9.8497 8.57189 2.5308 4.06762 3.00102 5.25236 7.8426 7.97125 6.89283 3.59226 7.82812 1.96127 5.11615 5.63342 4.46479 7.13447 9.14692 2.25617 2.82989 5.6396 1.78862 3.15024 8.63117 2.79879 7.91576 6.21159 2.28812 3.90464 9.01806 9.86492 2.06414 9.19321 3.04546 9.812 4.74936 4.49269 7.05393 2.70576 6.39438 6.04792 7.15199 1.25019 8.59469 2.02065 4.24808 2.22599 5.8259 2.16559 7.0987 1.94205 3.32979 2.18226 4.15727 9.61262 7.05106 2.24261 8.72387 9.16037 8.12497 3.19441 1.8957 8.94517 2.41563 2.94045 2.81828 3.91862 4.60522 6.49346 9.73757 7.70449 7.33382 9.2069 5.3527 6.10474 6.89022 2.68146 3.96962 7.53155 9.95331 7.84737 9.95545 5.86492 7.88441 4.7225 8.99365 4.23622 4.07029 6.34621 5.63995 5.23741 8.81702 2.38899 3.67908 8.05608 6.29454 1.93793 5.78225 8.03628 6.0321 8.9579 9.96546 3.16515 3.4644 6.92856 7.34855 2.98525 7.02856 2.15713 3.71504 8.43277 1.31186 4.26692 6.37278 3.10144 3.75024 2.36171 7.81531 5.4323 3.37759 4.36586 6.6841 6.32917 2.12588 9.04017 7.53149 3.69996 1.17596 5.17362 3.88446 3.42376 8.85925 2.45077 3.10914 9.24363 2.61011 8.49508 7.57614 6.08531 2.4691 1.58784 1.62664 4.30158 8.63694 2.56305 2.83927 5.3425 5.57927 7.378 2.09777 1.35133 1.18221 9.85958 3.9594 4.18636 6.45868 2.12652 9.82422 9.36838 5.30553 2.18723 2.40502 7.45407 8.81141 5.21357 7.99815 2.33504 9.61544 6.99034 7.05507 4.96275 2.8167 5.04053 3.55471 6.99919 5.93441 8.92638 5.67655 1.89326 1.419 1.22624 3.27459 3.88309 4.21389 6.68718 9.65199 6.42396 6.86805 4.05335 1.13657 1.54216 4.69938 9.07024 1.95704 1.61451 6.50884 9.16456 3.92004 5.07377 8.34541 6.30003 4.38797 9.53969 6.82174 1.5089 5.05755 4.87603 2.48066 6.59926 3.03923 4.67315 6.71245 6.53809 5.73733 3.65658 2.7229 3.01019 2.03098 9.5212 9.05212 8.65276 2.25586 9.69137 7.14413 5.46589 7.48665 3.50664 7.46731 6.89874 2.62039 5.33346 6.68553 3.11156 4.76045 5.10249 2.38012 9.91342 9.40148 7.77181 6.82257 9.8758 9.91493 3.21584 1.29813 6.12194 4.83554 6.04007 6.48001 4.29191 6.4485 7.82159 3.35453 8.18356 1.17739 8.27535 6.19694 6.56916 1.27298 3.84625 4.09808 9.68791 3.30274 1.22702 9.54182 4.91412 1.94116 6.30177 2.53323 7.10128 9.56081 2.01551 8.77756 1.10188 5.12429 9.66927 1.41007 5.96293 5.87681 4.1411 8.77649 4.29741 5.33967 2.53286 9.76444 2.33136 7.10449 6.74269 8.18545 9.12682 5.92816 2.46342 2.70794 2.48058 1.62869 1.1066 9.84082 2.99864 5.28172 3.15241 9.46797 8.84647 6.21789 4.42534 6.43352 2.67512 3.32096 4.79563 5.67779 8.22299 6.12671 5.80646 4.42413 3.09351 1.22266 1.72702 5.9165 7.2085 5.4485 4.53125 5.20784 9.43737 3.39735 8.30246 5.49916 6.90206 7.71782 5.56361 6.52954 8.45783 3.71679 6.03354 5.51678 6.84972 7.76304 8.30879 6.14887 5.04491 9.99157 9.97137 4.12634 2.24078 3.80883 6.62218 7.75521 7.04878 7.6986 2.34034 8.09089 1.3541 2.82874 9.06814 2.13276 3.35107 6.95868 3.42195 1.56955 9.2544 1.14771 7.42874 4.57556 7.18614 1.76402 9.68855 7.15755 4.73852 3.2946 1.46259 4.55254 2.7124 3.4558 6.18719 5.17627 9.53173 7.10477 7.91358 7.62254 1.83356 4.45167 8.17334 8.21328 6.73402 9.07259 8.76973 7.5994 4.26995 7.22334 5.99473 2.91241 5.51639 2.95397 9.77192 5.96691 4.87979 1.52408 2.22511 2.01373 9.0671 7.61893 2.17274 6.54394 3.23049 6.86629 6.04807 8.64363 2.78802 7.15413 7.74521 3.39943 6.41995 9.24901 2.8908 9.85486 7.74089 1.21537 9.04163 7.01743 7.14779 8.13547 7.30789 8.41655 1.3436 3.6302 7.90233 9.71216 9.03675 2.68064 1.11511 2.85425 2.31648 7.25039 5.21449 7.29303 9.20385 7.20874 8.77323 5.73999 4.87861 5.05452 9.92089 4.97969 1.08178 5.94082 4.02176 1.23231 5.19409 4.50047 5.27873 7.56706 6.49014 8.97227 7.76279 3.86627 3.06835 8.12802 7.36842 2.84038 1.95674 2.50037 8.19473 2.59355 5.89441 5.41135 8.85235 1.24024 9.28888 9.30181 9.19615 6.07242 7.84918 2.86155 5.98369 5.77763 8.39467 7.46027 8.95952 9.20783 7.33976 2.37925 9.86518 2.19897 5.35428 4.34391 7.87504 6.94142 8.69973 8.85706 5.9579 5.40114 3.74125 4.83296 9.66439 1.29159 8.13542 4.03217 5.84011 9.09653 5.19378 8.7972 6.76457 1.6435 8.9222 3.58887 2.21596 9.7281 3.236 1.82355 3.96163 9.28913 2.8508 8.51109 7.17437 5.63438 6.34928 2.19359 8.2745 4.21733 7.92357 3.68494 2.69774 7.46453 9.29354 2.1111 3.08878 6.15383 9.30078 3.75125 1.42077 5.84337 2.67846 1.1796 5.54049 2.85132 1.49689 2.2081 1.63929 4.28644 2.78487 6.12986 9.1499 6.62943 5.82687 3.76338 7.56896 9.36501 2.63595 5.79751 9.70531 5.16483 9.10247 4.9373 6.85414 5.12114 6.31859 2.35051 6.39683 4.53124 3.57853 3.91497 4.32664 1.73272 2.55463 8.76671 5.20016 2.48946 2.14921 3.64888 4.01452 5.42848 3.52217 3.56141 6.5104 9.02744 1.79437 8.21151 2.40086 8.65307 4.92686 4.76488 4.02585 6.15028 3.27578 3.3978 1.93259 9.48207 2.32318 2.14988 3.88174 8.92029 6.08345 2.57773 8.77925 6.28705 9.68573 8.70926 1.03409 2.74705 5.63191 4.79887 5.84176 3.65058 8.23054 6.38342 2.89347 8.9274 1.70649 9.13888 9.01125 2.5313 5.48633 2.03791 1.20875 8.43552 9.15962 4.30807 8.67784 1.67893 6.61581 4.69095 9.20097 2.96297 7.85711 5.50194 3.4894 1.29936 5.98698 4.99095 1.94707 6.20867 2.87447 3.50373 9.36037 8.96961 7.99439 1.94409 3.01367 1.41904 5.94314 6.03691 7.73055 2.80293 5.13046 4.89182 2.34092 9.17794 1.14684 9.36779 4.07386 4.86384 3.30677 1.73842 2.37624 4.44676 2.86781 8.15802 7.65715 3.83313 4.42533 1.42852 3.4581 6.85447 7.98314 7.56711 4.54899 5.92292 9.19985 6.67467 9.44987 2.23761 4.31102 1.60501 4.87846 7.04172 4.22709 6.93485 8.62352 1.43039 8.30708 7.73463 2.34392 3.20942 5.3081 9.64004 1.79351 2.30468 6.01061 4.72438 7.97182 3.22237 4.01951 1.6717 5.70049 8.06005 4.24092 7.7507 5.12549 7.56842 6.53485 3.08939 4.64515 2.76387 3.04358 1.75061 5.76391 7.59191 2.69582 6.10824 3.37196 1.14127 6.38672 3.02426 9.95052 4.90879 9.33357 6.32654 1.20302 1.61522 8.10735 6.08745 3.61199 6.07159 7.84001 9.20324 4.42178 4.59656 7.10759 4.77417 3.54702 1.48446 9.98906 2.78549 4.90688 6.02407 6.80101 6.58914 5.68512 9.56828 9.00802 4.68624 6.01592 2.15445 7.80891 4.31037 7.59544 6.17561 4.89875 3.31168 5.71925 5.6024 2.90659 3.84168 6.24548 9.25579 5.00905 9.33888 8.98376 9.63064 1.21965 9.31522 7.00996 3.76996 8.85391 1.44324 6.40667 8.68999 9.67028 1.44405 7.92954 3.85608 4.18679 9.27609 9.09932 3.20934 7.67354 8.12466 4.21969 9.24401 1.32094 9.69222 4.82095 6.63574 5.08369 6.2895 4.02939 8.92051 6.70065 5.22738 6.3625 9.72444 3.39039 6.00954 1.44997 5.04431 7.72258 5.82588 3.1804 1.0789 4.1651 1.84678 5.7739 3.1111 4.80702 3.81806 5.28035 7.94083 1.75728 7.45682 1.00357 4.36866 9.7192 5.14791 8.35112 4.23028 5.24073 2.44137 6.61006 9.48178 1.14055 8.85052 6.14832 9.83561 8.60985 7.45083 5.54197 6.44741 8.49001 6.77969 5.1282 3.15358 8.22595 8.53679 9.48416 5.75963 8.99534 3.58543 5.33147 6.87935 4.51354 9.75456 9.3666 5.8247 7.01436 2.94153 1.51703 5.04656 5.90658 7.01576 9.1231 5.62614 7.60626 5.02306 4.54579 6.31733 8.04482 9.19082 7.70012 1.63969 1.35292 6.23394 2.01447 1.52233 2.22007 7.46154 1.31557 4.99845 
5.0
17.0606 5.94071 12.6327 23.8524 12.0978 19.1758 4.41574 24.0829 18.8208 17.905 5.19072 16.8686 13.0253 3.52021 11.3492 8.46707 24.978 10.1854 8.21338 21.7737 7.65481 19.1523 23.944 23.3372 22.8806 2.53871 11.9735 7.96336 14.1186 17.8198 23.2147 4.65658 9.66073 4.28269 4.29482 15.1493 24.968 12.6931 20.5648 8.76923 12.9112 24.4256 15.1343 7.39479 8.16242 23.8067 15.1817 24.248 4.48639 19.9204 9.28975 2.77554 3.68276 6.62696 24.5567 14.3677 22.4284 7.04441 9.73251 6.16513 23.2704 11.2432 8.13048 10.2034 6.01881 20.9033 24.0647 15.1458 23.2908 9.68494 21.5624 6.85339 18.9544 13.0611 21.6019 9.04388 18.2226 21.3639 16.6259 22.7874 5.64864 24.7937 6.08054 11.0908 19.7709 19.1406 6.72882 7.31973 3.15824 5.96921 3.99069 21.2084 4.10641 21.0164 13.0577 23.7075 21.234 22.0518 13.5332 21.9197 19.7292 7.45067 16.3484 10.3735 17.9971 16.731 4.20264 12.3846 8.45719 24.302 4.28077 20.2549 16.2409 7.6766 11.9943 3.06028 14.5403 21.3959 24.499 15.7756 22.8564 17.9176 15.2373 15.9873 16.8988 11.7161 18.2564 6.94503 21.3843 12.8466 18.5517 23.1998 14.4874 11.2215 19.6854 15.0811 15.1905 22.8497 7.43097 3.26138 4.78414 6.78869 23.1926 19.6583 8.76823 24.0602 20.95 3.42562 12.9036 19.7779 13.9789 23.2808 17.1635 4.73849 5.09696 4.92185 13.8361 17.7256 4.18453 9.78072 13.5269 14.7763 9.23144 18.8657 17.8115 11.661 7.15885 20.4411 17.2896 18.326 5.66652 7.7948 3.78782 24.0484 17.3556 10.8442 7.96477 22.0551 7.3765 15.3294 16.0649 17.3535 18.3527 5.84468 24.5739 6.52569 11.3293 8.95792 19.0235 8.23561 18.9976 12.6676 23.1978 20.6987 14.9443 20.9479 4.98879 7.36469 5.17692 7.13159 10.1532 12.0633 15.6742 24.8811 17.7191 9.86292 9.71172 15.4971 23.2936 22.3916 16.2133 20.3149 24.02 13.8718 7.87746 21.9395 6.43615 6.61746 12.8295 10.5673 15.9827 22.244 21.049 16.647 4.41228 17.3415 11.8221 8.62762 6.34816 4.86022 23.4705 4.54431 3.74437 12.46 6.60413 3.69261 6.99546 24.0711 12.1508 19.6402 3.94691 5.91961 5.40994 23.3267 13.056 5.76419 14.8829 10.0011 4.45274 21.5968 19.6278 21.2476 15.1519 11.0557 13.8897 20.8488 19.6643 7.80179 12.7572 18.2372 17.26 18.6075 10.0932 23.2842 9.63015 4.90853 12.4917 23.6773 15.2007 5.06896 3.01012 18.6349 18.8457 3.60867 3.42628 7.70965 3.2514 8.64398 21.2717 13.4286 5.68015 11.2912 5.38961 14.0223 8.88553 18.2827 23.7687 22.4911 14.9272 11.5465 22.402 8.25983 20.6363 3.49839 8.92149 10.1698 18.4815 19.2965 19.7577 24.5591 11.5853 17.3096 17.0751 17.1812 9.14025 6.54793 19.2324 2.71002 13.4765 12.3067 3.519 23.0847 10.0289 13.7728 19.9158 13.4409 16.4549 22.3442 9.63252 16.8805 22.1528 19.4122 14.6693 16.8294 9.43032 12.3571 24.6545 5.73262 22.5735 17.5058 12.2079 8.83798 3.56609 3.80323 10.5786 6.81711 13.2096 10.9462 19.8087 15.9747 16.3929 3.23008 22.6729 22.2953 7.76349 10.3586 9.14252 5.57862 16.5477 3.96649 20.6255 19.9119 24.2725 16.1049 22.7319 4.23078 9.1371 15.9397 22.8142 9.21798 15.785 5.91308 16.0336 19.2896 14.2265 11.1173 18.7013 10.9194 9.1618 18.1319 20.1457 11.0514 5.95384 9.57382 21.8542 9.34975 24.5024 15.61 17.6409 5.53664 14.768 13.6831 16.0899 23.0685 22.6963 2.70029 4.02326 10.3998 10.293 15.4347 19.7452 23.5843 16.0991 12.8897 9.81106 3.96546 14.8166 9.37621 20.5719 17.203 4.83411 12.0531 15.7444 19.889 19.9039 11.1798 6.25647 20.0007 8.71819 9.83296 8.61762 12.442 21.1365 14.3345 23.0654 15.9221 14.8133 19.1438 20.2367 19.923 13.476 19.9625 15.115 10.5036 20.6029 21.3015 14.5021 18.6932 14.7526 4.76169 6.76644 22.7213 15.2926 4.2774 5.11583 7.83693 4.77929 7.07222 20.646 14.9643 11.7373 6.57833 21.4144 9.44758 5.09043 16.0684 23.7897 8.63277 16.4918 9.25047 12.3261 7.03794 6.80539 24.0757 14.4137 2.8611 5.48725 13.5089 3.45358 24.576 16.6175 17.0125 24.309 11.3661 17.8325 11.4922 12.2813 8.64569 18.4077 15.4571 14.3618 14.92 7.74038 7.64141 14.0083 8.73221 7.9834 8.83969 23.1981 9.44886 17.0788 23.2048 3.00537 3.13302 10.9422 7.75901 6.45424 14.7554 16.0473 16.3673 14.8977 22.9933 16.1607 11.9244 19.1713 21.3674 19.4779 10.5044 19.2726 11.9666 4.90825 6.22279 21.3157 10.5106 6.26183 3.06216 20.5117 6.50056 8.0856 7.41027 3.92389 24.7072 24.4005 15.0612 6.74877 6.7475 11.5889 3.92934 8.37238 18.9986 9.18197 11.2263 16.9519 10.6001 24.7983 13.8506 16.2729 10.2938 11.9819 5.74058 11.1315 8.35187 19.6917 13.4397 24.9924 7.34243 7.19022 16.1252 16.1721 5.48318 10.5837 6.34926 16.2978 13.833 19.7621 22.7434 7.29082 6.07152 4.48932 8.43568 20.6265 14.6161 10.8944 23.9303 20.1189 24.3273 24.6125 15.7011 6.981 12.5521 16.8267 6.74693 20.9101 11.7546 4.46017 22.8604 3.449 3.48498 23.2681 13.3597 7.37241 14.9365 2.58098 2.53284 20.8485 24.3399 2.94768 10.5451 2.62627 23.9461 17.929 2.55913 4.49786 4.34665 3.79152 12.3185 9.78668 6.38196 13.3524 23.9433 16.6106 4.38768 17.7235 5.68928 17.1708 14.5287 12.2074 16.9196 19.3157 11.9713 12.592 17.0396 9.13059 5.64283 20.597 17.6444 23.3024 11.8298 14.7204 4.12918 5.01014 5.36318 22.7347 20.5129 17.0904 17.1425 17.0844 23.7244 13.7283 6.74672 4.43332 13.6015 14.4245 16.3841 5.61248 22.3531 16.4863 9.92911 4.71855 19.7341 17.2953 15.7977 13.6124 15.1834 22.6 22.4104 15.5681 8.17434 7.08365 19.9929 24.3225 23.0286 18.4577 19.9655 22.2751 14.4425 8.83071 18.1691 14.0882 14.9765 12.1024 3.18023 4.43731 18.2573 3.63324 20.9634 23.6627 14.1434 15.9395 14.6115 10.0703 7.1028 4.16347 12.924 10.1339 6.55408 12.5693 4.07316 10.3468 22.9203 23.3141 23.1081 19.4751 13.1457 16.2445 14.5468 7.46007 11.9253 3.46837 21.3055 4.72177 9.89749 4.95253 13.717 13.1128 17.5493 21.395 22.386 9.7724 11.085 15.6235 23.6324 10.131 19.0068 3.76843 16.2732 21.315 23.1595 19.9623 8.49118 9.70248 22.987 10.8134 16.0425 6.37839 4.25253 8.40621 15.5515 24.241 3.47102 8.07557 21.6439 23.0083 9.30509 12.2077 6.66741 23.3747 4.6734 3.81594 11.7506 21.5687 3.32215 18.6417 10.4495 8.06014 24.6093 12.0313 8.73192 11.6683 17.752 4.33795 10.0502 22.8207 16.7864 21.099 14.2514 9.71152 19.9907 19.239 16.5751 16.1109 10.0214 13.0473 17.99 14.5748 13.5114 6.18221 13.1177 21.3046 8.88243 10.9497 11.9945 11.4079 8.61887 8.60775 16.9209 5.80906 12.2557 19.4459 10.65 3.56041 21.3286 23.8908 12.1621 18.3038 15.0373 15.8861 8.77874 5.13269 10.3716 19.799 23.3639 4.10422 15.4503 14.6012 12.863 16.6522 22.3234 24.0754 14.4301 8.65027 5.48647 24.2979 10.3931 6.37505 4.85874 17.1456 18.306 4.12045 11.9733 11.0789 12.3406 9.71178 8.13091 10.4503 24.7642 14.1705 8.26593 24.5875 11.2568 9.27908 9.27596 17.9029 8.81507 19.2969 11.5638 14.7778 12.4952 23.0758 12.5423 10.4721 9.74259 2.82631 5.8527 14.3099 3.56033 18.2844 20.045 11.3894 13.265 2.52853 5.47187 11.5696 19.0805 10.697 8.14519 16.9813 19.3202 10.3558 11.8055 9.31387 8.90603 12.2669 21.9545 13.1274 2.97666 12.8065 20.6 21.4403 4.33245 6.78454 5.46434 19.8423 15.969 14.4137 12.4054 7.88253 19.9486 21.1791 19.8005 6.48354 23.8587 21.859 16.143 17.6301 6.10963 22.4447 17.1023 15.0841 18.8192 11.2117 20.7964 22.3737 9.53556 22.6913 2.52727 19.3095 3.04761 13.2919 5.22917 3.27471 24.534 9.82147 21.8802 14.0411 22.7993 24.6598 18.6261 20.8607 7.34841 18.8314 19.8677 20.5827 5.54901 14.2291 19.0606 20.5453 8.6314 6.23733 18.9779 7.49379 7.77669 3.00627 10.1862 3.77312 19.0427 22.6265 11.4841 19.5467 18.3777 14.4536 3.55379 24.7898 22.9724 8.33369 14.5751 19.8091 15.1989 7.97867 9.05328 13.037 12.8889 22.2425 18.6088 7.35185 4.69878 20.5476 8.48056 6.17282 9.31258 3.71157 8.49192 5.58116 22.2336 21.4243 24.7294 6.21608 18.9132 12.6257 13.1845 11.1963 2.96776 20.0336 16.6084 21.317 20.7336 2.57227 3.32917 16.272 18.4095 21.9508 4.28266 23.1518 3.0376 4.64258 19.5054 13.4661 23.5716 13.0147 20.3411 22.443 5.78333 24.358 13.6093 6.85204 14.7569 16.567 21.4878 15.1042 11.2212 11.7211 10.8575 5.87624 12.9692 21.3154 8.35956 24.0105 20.1169 16.8923 7.41689 24.9408 7.9485 4.82315 15.9671 11.3929 21.1002 13.9908 8.65904 21.111 20.332 7.62215 19.7623 21.8589 10.6372 23.0211 5.53936 17.4475 11.9396 10.4521 4.8304 16.037 18.6291 12.4239 24.1017 6.96457 4.18456 19.624 18.2062 24.8474 4.63517 
4.0
17.9335 5.40753 16.0526 2.60088 3.24532 13.626 16.8743 12.9064 8.61828 2.1639 17.0815 17.6867 19.8632 11.155 2.90666 9.0934 15.4487 6.52257 19.3895 8.87768 12.4031 10.7662 8.60975 10.634 5.12912 2.91132 13.3353 19.7072 4.13426 10.6243 17.0834 19.7637 3.67384 7.4901 5.59619 19.0273 13.3089 2.45529 6.73093 5.17823 18.378 6.4342 9.76326 15.9169 4.38274 11.0796 7.10529 10.1916 18.2881 6.71749 5.43743 17.0899 5.73577 12.4454 15.2544 13.3945 9.17278 19.3956 9.82507 6.80321 15.893 18.1615 6.56688 9.81242 4.99367 11.3891 9.83368 3.26533 4.24523 2.53108 4.11807 6.56377 3.87582 5.76671 6.66765 11.5443 6.2695 14.0843 8.51535 5.0182 4.57857 6.52865 10.9239 16.9759 7.25007 3.61203 4.24407 5.45477 9.46622 17.8896 6.18753 19.0719 10.499 16.6987 6.51316 16.2201 13.9787 14.062 7.12777 15.9285 2.07678 12.7556 4.60088 13.3867 18.6024 3.53946 14.0934 11.134 10.0132 12.5541 17.7005 12.9111 9.3406 7.87952 8.20857 7.17744 6.02804 16.2591 11.266 3.29178 14.6845 8.98725 4.96854 3.35678 9.75149 15.9616 15.8579 8.72801 5.08383 8.89832 4.33532 16.1869 17.4452 12.7126 16.4886 12.7775 12.9173 4.06214 17.3334 14.3078 7.22289 2.05579 8.46855 12.5147 4.96357 18.1252 7.14547 19.8931 2.77089 18.0612 3.75162 5.18925 11.372 13.214 14.7081 16.5579 15.5691 19.8579 5.78096 15.3839 7.13306 3.71878 18.8073 5.76731 9.61133 16.6676 6.83465 18.673 14.0493 12.5761 16.6747 13.7442 14.6265 17.3377 7.87139 13.7803 9.20609 14.0523 19.0826 12.8779 9.79899 2.37464 6.87626 9.23747 17.9419 7.02709 13.9402 9.63217 9.98932 8.47673 9.70635 14.5424 13.3196 2.776 6.38893 10.9532 12.455 19.5678 9.43653 17.8169 18.0965 17.2542 9.39847 13.1784 2.07137 6.32999 6.20511 3.96557 13.1959 13.8794 2.86224 13.4437 15.0518 6.23745 13.5596 13.3334 12.6769 12.8152 5.19317 7.59289 9.16908 10.089 15.3022 6.86442 17.2056 6.75416 5.41941 10.5847 8.47544 15.0419 16.8359 5.75954 8.02592 7.20113 7.78002 9.40192 18.5238 10.1443 11.0099 19.6351 17.4298 5.25636 8.82069 10.4589 18.0881 2.36918 2.46526 15.1807 5.7285 8.89877 14.9894 19.5101 9.38425 11.1473 18.4808 15.3179 12.7227 12.7691 10.7322 8.05852 18.7907 13.4003 16.3187 4.85778 7.67374 8.45311 3.08881 10.2633 12.0692 19.0738 11.0701 2.65981 13.774 17.2649 16.7884 8.34838 12.0855 7.17107 10.0013 12.2896 3.11761 19.5299 3.8454 2.51063 5.0299 10.2857 5.39854 13.1771 12.1714 14.3683 9.65484 13.3279 13.1382 5.6351 7.91468 10.2752 9.74537 11.978 19.5884 16.6675 9.91239 8.59368 12.4143 16.2175 3.46341 12.4182 8.09015 9.09395 19.841 8.72599 4.31958 19.9768 6.73413 6.89222 10.2718 5.77769 6.62025 18.3199 6.45601 14.0232 10.2214 19.5308 18.009 6.90298 17.8745 17.42 4.39809 7.98199 11.8153 9.67539 6.53665 4.57615 10.377 11.3604 2.31501 10.7926 15.1025 12.6614 19.5446 12.2339 3.77066 2.79845 11.3164 17.3661 14.3371 15.1011 6.77353 8.5513 4.78864 4.24748 6.2979 17.7437 19.9116 14.6674 8.11067 11.8503 7.97512 19.1103 13.2871 10.755 16.3272 12.3764 18.1853 15.0076 18.906 9.21229 3.28904 4.17601 14.6646 9.37085 17.4646 14.8631 9.90969 10.8346 6.63196 19.3875 19.5549 8.20363 7.84942 10.1281 6.28755 3.24739 15.8131 10.5331 18.6501 18.6206 16.7697 3.79313 15.0349 15.743 18.8441 4.17773 12.5939 13.8438 15.7804 10.0368 12.0615 5.16917 19.0973 9.4654 13.4923 17.3549 5.65739 11.6333 5.91242 7.96224 5.65078 4.77781 11.8847 14.1783 15.9926 11.8613 15.9886 8.68036 18.1344 18.8923 2.21383 10.6642 19.2902 18.9114 19.2677 11.0367 18.0756 18.6403 12.7972 8.77203 11.5622 16.7952 9.52462 5.43258 16.7449 17.0651 14.2974 2.85337 7.42402 12.7526 7.05234 12.9908 9.50143 6.08052 12.6931 16.9354 3.69028 17.1608 18.8826 8.08875 4.63922 19.6289 2.74923 2.50412 19.4705 9.94178 3.50664 7.39164 2.73235 3.3394 15.9883 10.7872 14.7649 19.4712 2.09573 19.3857 16.4809 12.6859 11.1608 9.53775 11.5599 7.98603 4.22208 16.4114 5.05663 19.6457 3.2157 10.3169 3.42385 13.4932 16.0795 19.1965 10.9486 11.8572 16.7717 2.27753 13.603 8.17734 7.20388 5.88974 13.309 6.27853 8.08739 16.4471 13.617 13.3095 5.69431 5.59331 19.7988 13.3455 7.53227 14.5112 8.35441 2.65497 17.9334 16.3966 18.9333 5.63003 14.5573 16.0963 17.6688 8.38158 6.80819 17.9094 8.92805 16.998 5.16579 14.5534 8.47428 15.468 18.4308 6.29453 13.0446 12.2677 15.8838 5.24106 11.341 4.61172 7.35899 15.8019 9.43591 13.3681 16.2311 18.3084 7.59127 17.6376 8.31722 18.801 9.4923 13.9969 19.6919 11.9788 18.8949 11.4059 6.41701 10.3145 14.6871 6.77881 19.1852 4.33241 3.36494 4.22012 9.87777 7.05118 13.9222 14.9236 17.036 11.59 8.15374 10.7359 19.2475 14.9395 3.37396 2.38451 5.44562 8.89595 2.5482 17.3688 19.1236 19.1604 10.8389 4.5164 5.46246 3.60117 3.56573 16.2025 10.3732 14.6808 16.5793 11.2339 2.45287 5.04671 8.04986 7.39695 10.8545 5.28652 4.66893 16.6695 12.0717 16.8467 19.266 6.09696 6.63682 7.11588 18.8387 19.3322 6.73316 15.6718 5.9971 17.84 15.7217 2.69252 6.82244 8.76506 8.58123 6.53196 10.1394 18.4645 12.2634 7.45882 11.2027 10.704 6.9607 10.5602 6.798 10.5182 17.2898 14.809 4.75628 10.7355 6.38766 3.29538 2.88281 12.1662 13.9229 17.6224 18.2999 8.4553 7.0203 19.4656 14.204 14.5992 11.0998 16.2966 3.03625 4.12622 7.62955 10.2712 11.0679 15.9417 3.79298 13.2808 3.39914 7.83652 13.0698 11.1684 12.3725 5.66027 9.7314 12.1087 10.3997 17.1581 10.2497 8.15196 4.20331 7.4717 2.621 2.93206 17.4718 17.3046 2.60275 6.53873 6.9291 18.7511 11.8655 6.55365 8.81793 3.7898 13.0579 14.2508 2.79745 8.44044 10.7869 14.9606 6.25474 9.58566 19.5106 11.5985 12.0305 9.45622 7.34648 8.35741 12.5588 10.7805 2.79304 15.564 11.4208 17.5982 13.3654 12.6995 13.3124 16.7375 17.1454 4.5842 19.4267 2.95725 18.2452 17.7261 19.2492 2.75237 13.1859 9.83391 5.76843 15.8238 3.1889 7.49355 5.09974 9.21208 7.3823 13.0093 3.52353 9.09573 13.9212 13.4085 14.9375 11.2528 4.02174 10.6108 9.72266 7.18701 3.90958 9.76107 2.02418 8.91804 11.6821 10.7266 16.4453 9.43549 6.08493 11.7583 15.1559 13.8171 10.2024 16.3157 10.4153 6.01132 3.06212 16.0569 11.5086 4.28317 12.1536 12.9911 13.0971 16.3251 17.8608 17.7969 15.9835 11.0313 2.80919 15.3031 17.2905 5.93614 11.1261 14.1346 15.0535 9.31693 10.6161 9.52223 18.2274 5.96051 16.8494 12.2759 17.1081 13.594 2.16521 8.92289 13.1668 2.97943 12.5887 6.00932 9.2997 14.6729 15.6621 5.56622 5.49075 13.4473 10.1899 10.7394 8.88904 11.3793 10.8979 16.5834 13.3 18.6002 7.00684 13.0198 11.0909 10.7115 11.7196 8.95895 10.5099 11.8636 13.6227 14.5865 13.4198 14.4993 19.0014 8.81369 16.4456 14.761 14.07 8.89125 8.53584 10.562 18.1147 17.1882 9.93842 7.32203 2.5519 16.1342 17.5903 4.36654 8.89939 2.32593 9.92107 6.99047 6.66256 14.7977 2.07119 19.1857 4.13409 4.45631 16.5235 8.03268 7.10791 3.6793 14.1494 10.7563 14.5072 11.0781 10.6686 15.4457 5.92641 14.4247 9.52379 2.43773 2.08742 16.7425 12.168 11.3654 9.20969 2.56132 6.76752 8.86953 18.2945 15.3364 16.3176 15.9749 14.3233 13.0314 17.1733 18.1301 4.37002 14.8655 6.99336 8.91233 19.6275 8.22492 15.0992 14.3948 10.3479 2.7377 10.247 17.1797 2.69756 6.51334 2.81451 5.09399 4.52527 5.54606 8.40168 9.55037 11.0451 9.2823 7.8453 16.5713 11.4332 9.35219 2.64782 11.4779 5.33831 4.46511 12.8201 4.24208 2.30712 10.4694 8.1386 8.50374 13.1228 10.5758 15.8158 19.2511 6.05798 16.7457 17.5858 16.1658 17.0422 17.2425 5.20308 19.6314 8.74256 17.3476 5.3556 10.4064 9.55919 2.24038 10.9922 9.9617 19.5343 11.0424 8.06392 6.48076 16.1758 7.02514 16.679 5.52543 15.1942 2.98232 11.6725 16.3648 15.1544 18.766 19.59 18.9684 15.0411 5.98705 5.08454 10.6636 5.73819 18.8791 5.72874 15.4571 16.4227 10.3273 2.24015 11.0198 8.87208 18.0604 19.1211 16.337 6.68627 12.0077 14.7123 7.02131 18.4233 5.81924 19.6611 9.29071 15.6492 9.5505 10.8026 3.60991 10.9021 12.5113 15.4565 6.99621 10.5699 5.2782 5.13657 18.9893 13.6826 13.8718 19.6749 2.28496 11.6182 11.0971 8.75986 15.0332 15.7231 2.04891 11.8888 17.8002 13.8462 4.78048 19.7336 12.194 8.78735 7.1368 11.9218 16.1551 3.65934 16.7517 18.2304 10.9103 15.1648 15.2088 14.1943 12.591 15.7864 5.36731 2.12955 7.51554 11.8915 16.8507 16.5689 12.1355 14.7507 6.70067 9.11338 14.6462 3.47069 6.19402 17.6963 5.26101 
3.0
7.10871 5.04501 1.92088 7.20353 4.40102 14.9896 6.22369 12.3246 14.6336 12.2672 3.12261 12.7492 6.13212 6.82169 4.09052 5.90582 4.4721 10.9244 12.4374 4.56023 6.49074 14.2655 10.9657 2.01954 9.52372 1.70818 14.2261 10.3732 14.1165 6.9541 3.1218 3.02113 6.96005 6.37172 5.11314 11.2392 11.8017 10.7362 2.77187 3.53138 12.5799 10.6317 14.9346 13.5195 12.0341 11.7657 6.20615 10.1195 3.03909 4.94527 9.56246 2.75585 7.91401 12.4658 9.80304 10.3615 3.45574 1.66166 13.1031 8.91655 8.44716 9.86867 12.4154 12.7729 2.88993 1.54929 3.9712 13.0166 9.71186 4.32943 7.6317 9.11711 8.19889 4.19753 3.3382 5.6136 9.90168 11.6158 6.41243 7.58852 6.76687 8.2935 4.95627 8.17819 14.2428 10.8723 9.10113 1.87051 13.6102 1.774 2.85695 3.33978 2.78671 3.9598 7.81076 11.0686 13.8571 9.35235 8.9249 3.50705 9.57732 10.6695 5.68485 1.51861 3.1031 8.42023 6.34661 14.8636 2.6938 13.3127 12.5338 14.4696 4.14034 10.3245 14.4341 4.7387 10.6679 12.6849 3.34595 13.6422 6.06315 10.0192 8.32382 7.35253 9.27636 6.40525 1.67411 6.1616 14.7477 6.59216 4.05007 3.43714 14.2086 11.1309 4.39649 4.86552 12.2072 13.6671 11.994 5.73192 1.60904 7.14625 4.3531 7.48759 13.8217 5.68039 7.20736 12.8542 7.49455 7.82753 2.8569 6.21527 7.443 2.53281 11.1109 7.04483 14.5471 10.9819 12.0801 14.123 3.87498 9.11658 14.5685 9.28889 4.28102 7.56209 6.8153 13.9804 9.72826 12.2171 12.3357 2.81117 12.5857 7.25538 14.6118 4.93503 3.65028 7.7898 13.8833 8.44685 13.143 13.4483 6.78691 12.0711 10.4303 4.61209 3.59646 14.8871 6.71958 1.56585 8.81187 4.84191 2.97942 4.31013 12.3481 6.79966 5.83457 8.78581 11.5734 7.87851 10.1854 11.7607 3.44772 9.82447 9.30197 11.1282 7.50989 12.6724 12.1428 8.36807 4.96525 3.94424 7.14816 6.41948 3.12239 14.134 14.258 9.71587 2.42962 2.23011 2.40434 6.13214 7.86111 10.0252 3.22882 5.09391 10.4026 11.4622 9.27404 3.59883 12.8865 3.76823 14.4001 8.40007 12.4274 9.62528 14.1756 13.1018 13.7057 10.6281 13.4932 4.41712 12.3525 7.77929 7.65965 4.3374 9.18324 13.2711 11.211 6.4646 8.0306 7.305 6.20156 2.25506 3.92797 1.69768 5.71822 9.42567 8.89179 14.5246 9.86896 14.7721 14.0538 3.05066 9.49611 13.649 2.89279 4.69745 3.86421 4.36268 8.81608 6.79836 12.0725 11.7255 7.84047 10.8903 3.94187 11.5225 4.12287 14.7926 13.6268 5.64036 4.59059 13.7233 10.7012 11.608 10.9211 13.702 7.96988 13.7998 8.62156 9.99045 7.75359 4.55055 13.9578 4.8198 9.39935 13.9328 9.98319 3.65516 3.76512 13.4461 7.91653 10.2472 1.92917 10.8684 11.1203 13.7209 10.374 5.51946 9.92818 14.9514 13.3948 13.1869 14.0717 4.47689 9.98296 5.46343 7.95765 6.69869 3.93331 13.2472 11.0437 8.11848 7.92695 9.65344 7.06483 5.86251 14.338 11.0886 5.35873 7.743 7.01541 11.7368 11.5409 4.10665 7.28886 14.7076 8.77947 12.7202 12.4499 4.59692 10.4196 14.4433 8.95705 3.20943 1.70727 2.43803 13.1163 12.693 6.86326 3.16615 10.9853 14.8356 4.75596 8.42297 6.75281 6.27399 10.4244 14.1585 10.8426 8.86501 5.20059 10.8359 14.9919 7.96825 5.6816 13.0765 1.55443 14.3915 8.30115 13.8426 7.27812 13.7477 5.25092 4.90695 5.30748 12.475 11.0013 2.85936 3.66041 11.7674 11.6721 6.40066 2.42981 10.6691 6.00218 13.1735 5.45966 4.57962 9.66969 8.38051 12.2458 12.9222 2.71094 12.9392 10.3112 7.7234 2.2895 8.92451 1.80602 6.35509 11.0647 5.54788 3.58218 11.1889 9.90962 9.42392 13.9924 5.41214 1.72908 13.8739 7.16423 11.7566 5.12673 14.0164 1.99813 4.88856 4.67215 13.8951 10.1408 8.21183 13.0173 5.3939 4.68247 3.83215 8.61295 6.6886 10.8295 13.4341 12.274 4.98622 14.801 5.82014 12.3453 12.8012 8.20014 2.36139 1.71657 1.51863 12.6105 9.11104 11.9367 2.49495 10.1665 11.8294 2.67836 4.44525 2.84875 13.6715 4.80164 4.86805 4.75412 14.2863 10.7675 6.25707 14.5899 4.57829 10.6508 4.35013 2.14305 10.8815 5.00299 2.16509 9.97401 6.29486 14.8144 2.57302 12.5849 6.4305 14.3261 13.1584 12.3124 5.3235 9.44134 2.61634 14.1955 14.7541 11.9866 4.43723 8.06742 11.232 11.0725 10.1281 5.12247 13.3927 2.30375 9.72125 14.2074 13.0557 14.0896 10.8202 5.08751 9.69561 2.80282 2.43244 13.9369 6.57416 1.53922 5.33932 6.30404 2.28552 2.72619 13.2533 3.80131 11.463 13.3312 7.01215 8.76958 13.3978 5.91957 8.06006 3.66713 10.8208 1.81236 2.46628 4.93331 3.09499 9.59326 12.2305 2.57682 2.07128 14.7155 10.1257 8.23849 2.85582 13.4584 8.82745 2.47881 10.7396 3.483 7.08134 4.03995 9.5399 5.23812 2.15649 11.3325 13.1045 12.9653 7.83687 11.8966 4.22695 3.55389 3.69935 12.5881 10.7252 9.99514 11.4291 2.73888 14.9312 9.68664 7.92188 5.54195 13.8432 12.3358 5.92368 8.41127 7.19051 3.21305 11.9572 8.56607 14.6592 5.00504 3.28572 5.08974 7.53119 8.51678 11.6638 11.7134 4.48467 8.47398 10.1254 2.57423 14.3069 2.67467 14.5586 13.6979 7.7691 1.74057 1.81836 1.95617 6.4133 2.21799 2.12516 8.24901 11.5016 10.7784 8.00177 10.6609 9.3772 4.76868 3.49663 14.3423 5.98783 11.3606 12.4445 6.86526 2.82107 1.55055 10.514 1.804 2.0019 10.7583 4.79284 1.78989 6.80232 6.77554 4.15921 9.29111 10.8131 11.3144 8.69127 10.8669 9.52769 9.40495 11.3631 9.1464 14.088 4.39268 5.27786 14.7822 6.44256 9.28563 3.18853 5.12836 4.66686 8.20098 8.55499 4.89312 2.19536 2.66128 12.3888 12.0162 3.71604 14.4903 9.13492 5.02075 2.47688 11.5586 11.3404 11.5898 13.7545 6.12844 2.36039 2.11754 9.23467 8.5486 9.35117 6.4848 2.05558 5.04864 6.30024 1.80968 5.76234 6.88277 4.84358 9.92235 8.92427 2.07342 2.12002 6.31466 12.664 5.50433 8.41268 11.8143 2.84864 11.6133 12.8276 9.23372 12.1934 4.93447 1.75926 2.24323 9.02691 8.24041 9.89366 7.21932 10.9687 13.0336 7.99795 11.8171 11.7693 1.63745 12.2476 1.51762 11.5614 13.6374 3.34032 6.89961 8.77469 6.92118 13.1477 2.88599 14.461 6.06855 7.65301 4.21493 14.7828 4.84129 4.92713 12.8855 9.9139 7.52223 2.8908 13.3278 14.6009 13.3541 7.11439 8.54821 13.6385 4.82794 3.40472 9.49849 14.0055 14.0712 3.42886 11.4201 11.4139 4.0855 8.12518 4.41273 13.0194 3.58352 3.65147 11.4779 1.54448 2.67629 10.1201 12.2868 9.56344 7.65947 14.3703 2.42237 13.6994 5.14949 9.52786 5.84725 6.48356 4.31922 13.1013 6.84493 9.62667 1.98333 2.86568 10.6863 8.45237 12.2832 6.78352 10.2708 3.24277 5.7213 2.71245 13.9916 8.74618 7.29569 12.6503 6.5761 8.59683 9.4834 6.76701 11.6508 6.39682 3.82395 1.97422 6.28059 4.71007 2.85234 10.7812 4.73254 13.2185 5.13156 9.18834 7.71493 11.7901 4.63481 11.3679 12.8403 10.2096 10.7273 14.8813 12.0633 8.82039 4.49767 12.1843 9.84316 1.8296 13.6889 7.66828 14.7808 3.02443 2.47921 6.48981 11.4805 6.151 14.8619 8.93629 13.886 8.20527 11.3754 3.57934 4.34187 7.88599 13.4328 6.46504 8.12842 12.9598 8.50098 4.5913 13.2223 9.28845 14.3788 12.9224 12.0309 6.2681 12.326 8.69071 9.85189 3.43075 12.2905 6.23516 6.80714 6.45779 13.9866 9.12734 14.0011 4.85562 5.5713 8.33435 2.65432 12.5434 6.67168 6.16882 8.9607 2.60302 14.0108 5.27615 9.92036 12.9408 4.88392 9.90871 8.8964 11.1119 5.23378 5.73731 13.6465 11.0564 13.076 5.94963 8.07931 2.99735 13.5237 8.38585 5.48492 13.7516 11.1618 5.46137 14.4906 7.20195 5.5214 13.1266 5.49085 9.68209 10.9028 4.11395 5.80172 8.0231 5.79924 8.72183 6.29044 5.01238 7.66923 11.8858 10.2291 9.51464 9.80935 4.28688 1.62304 8.50491 3.0761 5.24683 1.76424 8.76376 8.20759 10.1607 4.75872 6.48455 3.99476 4.21649 14.7789 13.0429 14.5523 8.65161 2.79076 8.67794 11.4389 4.29695 5.50489 6.33639 1.87782 9.15764 8.8031 2.92781 12.826 6.28115 13.8889 13.7427 4.6436 12.1624 9.41288 7.78237 4.61312 8.93595 4.82276 7.25095 8.05756 3.6055 10.1879 6.95962 4.80874 5.06021 9.74833 3.89286 2.775 6.62833 3.43892 8.68678 14.8585 7.91788 1.6374 5.26968 2.4723 1.69447 6.88755 13.9146 11.9067 13.5461 2.84677 7.95398 10.7957 12.0854 11.2083 14.9066 11.9324 6.93851 7.34818 3.7665 5.18479 3.77127 11.9464 10.7038 14.7606 12.1029 14.3333 10.4281 5.0717 4.65605 4.30996 12.4635 6.44868 10.4947 11.1937 11.0864 8.4544 11.1986 8.33771 11.6743 5.54753 11.3251 13.8758 5.21788 12.8456 6.40807 2.94138 5.74468 4.73766 3.74388 2.61106 8.90465 12.5965 8.2145 11.8232 13.4682 10.3406 6.89772 9.52058 4.48624 13.0955 13.2145 3.76826 12.8622 4.205 1.86326 7.09542 1.58649 7.84185 11.2917 12.3123 3.88253 3.46799 1.95518 
1.0
2.51089 4.31974 4.25772 1.45169 1.70207 2.08964 4.07797 3.101 2.52646 4.1774 0.775923 3.74624 1.77748 1.4006 1.07847 1.94343 2.84243 3.76655 3.54856 4.91021 2.02907 2.77397 1.1275 0.574528 3.38626 3.27126 4.29654 4.80507 1.26887 1.12145 1.60748 1.5732 4.89669 3.42376 3.83248 3.29665 3.65756 3.54184 2.983 4.11476 1.40468 3.18856 1.44787 3.84543 4.99792 2.81759 1.00051 1.37371 0.839435 3.07147 3.4253 4.72193 2.65328 1.53641 2.51306 1.55162 1.75929 0.553718 1.17569 4.84697 2.09099 1.33783 1.92996 0.52995 2.70771 4.65103 4.50043 1.75708 2.05085 2.28479 3.79152 0.647844 3.69423 2.09772 3.97868 4.19475 3.33862 3.36022 1.46875 3.60501 4.30041 1.15573 1.97947 0.82385 0.744422 4.08863 1.98806 4.48952 2.91082 4.54877 4.29901 2.06989 3.08623 2.78268 2.48098 4.93067 1.56894 1.52137 3.92284 2.08538 4.8783 4.91479 3.75885 4.87679 2.95819 1.52295 1.91302 4.84017 4.12467 1.11367 2.51254 4.49806 4.00781 1.51693 2.42041 1.83677 3.23757 4.78595 2.63716 2.71441 4.1239 3.91479 4.32179 4.95069 2.08091 0.862734 0.681746 1.34826 1.04529 4.13517 2.98213 3.89576 1.13872 3.67121 3.92399 1.40243 1.32457 1.78793 2.14178 1.31447 1.30862 3.4312 4.56994 4.96293 4.93401 3.98325 4.42866 3.99331 4.82026 3.87676 4.5787 4.72679 4.49651 2.76571 2.99548 1.70308 3.77881 2.50277 1.11215 1.65493 3.6416 3.17338 1.28196 1.16425 1.33337 3.43648 4.60964 1.24994 4.98635 2.92186 2.40201 2.63727 2.47046 4.43414 3.98769 1.95896 3.74133 4.71342 4.15595 4.6379 1.43247 3.00255 4.96473 2.70148 4.94161 2.67104 4.16774 0.777578 1.76113 3.64564 2.01078 2.52219 1.30268 1.39752 1.64714 4.7287 1.46593 3.73609 0.922168 1.36879 1.70142 4.65954 4.77696 4.31499 1.81761 3.01187 2.02121 1.99485 2.28204 0.696743 3.22522 2.22681 3.76661 0.697824 2.48098 3.98763 3.68706 2.65584 4.78243 3.86152 0.986518 2.75228 4.27492 3.42089 2.41326 4.64968 1.12371 1.78877 1.04254 3.23862 0.751665 2.63278 1.29263 1.94131 2.19608 1.84087 2.68495 2.82185 4.83465 3.12859 3.09834 3.25309 4.23058 0.828095 1.26753 1.39019 1.84685 4.10867 0.775672 3.70076 3.87958 1.37904 4.29107 0.801674 2.46054 2.12119 4.79801 3.85252 4.47888 0.905931 3.07178 4.25569 2.27189 0.840014 4.14777 2.91311 0.934996 4.19497 4.03478 3.2896 1.0008 3.96751 4.92238 2.03291 1.73734 1.12165 2.63253 1.90032 4.81548 4.76239 2.56521 4.242 2.59541 3.99112 3.38831 1.29087 2.78229 3.69257 4.72156 2.00925 1.70104 0.503487 0.564664 3.742 2.94031 4.71293 1.21957 1.92641 2.61554 2.34416 4.95686 4.10872 2.00117 3.66823 2.67626 1.01719 4.78199 4.89917 4.31135 4.94194 1.17367 4.82087 3.72838 4.67132 4.16237 2.09553 1.36922 1.235 0.613526 2.5038 1.38846 0.703662 3.99979 2.36654 3.53465 2.29531 3.99807 4.39826 1.0257 2.03828 4.20574 0.742131 4.66839 0.74085 1.72597 1.93669 0.971994 0.517509 0.872232 1.56418 4.00617 1.12184 4.7419 4.83052 0.752812 2.83607 4.90905 1.82688 3.70221 4.66725 2.9863 4.723 1.44321 4.60011 3.30593 2.64203 2.99764 4.15645 1.47002 2.96708 2.64877 1.51132 2.51979 3.82939 2.51399 2.41572 3.47409 3.52817 0.611565 1.676 0.986943 4.13202 0.671602 4.93988 3.87438 2.51204 0.941093 3.03914 3.26026 2.55658 4.73313 4.63888 1.59134 1.3176 0.970263 3.44351 3.77142 0.838692 2.47198 3.70932 4.16468 2.91476 4.73634 2.81373 3.2181 2.53327 2.46575 0.631113 1.9531 4.74725 3.08688 1.96536 3.5762 4.22983 3.51472 0.789008 1.95897 1.76048 4.41075 2.53901 4.237 1.39285 1.18529 1.21919 4.27807 4.05432 3.494 3.55934 3.76944 4.32709 4.47844 3.48088 2.17428 1.66098 1.00088 3.61925 2.80726 1.26789 4.12318 0.652888 1.27927 2.44782 1.5798 4.18887 3.56126 3.59659 4.99502 1.4552 3.91725 3.64518 4.09424 0.549705 1.45646 2.18076 1.15942 1.49559 3.55462 4.99923 1.97874 0.853671 4.89435 1.33959 1.54025 0.641167 2.87474 0.549772 2.71986 1.30721 2.14006 4.43423 2.71325 3.51496 1.47758 3.0331 3.46212 2.98036 1.33459 0.583076 3.32445 3.11754 2.70447 1.90983 3.73897 2.74084 4.13202 2.00215 1.63371 1.57353 3.58779 3.5177 1.32875 3.31311 2.9617 1.4704 3.18309 0.503266 3.92566 4.84945 2.73563 1.96249 1.91546 2.92004 2.59035 1.51933 2.98168 4.45562 3.29557 2.80423 2.75983 3.65189 2.4674 3.34813 1.8096 0.972389 4.4073 3.23757 1.07324 4.67571 1.96377 4.57652 2.20308 1.77442 4.88825 4.00484 1.50823 4.17552 4.43505 3.02334 2.27035 1.25266 2.45552 2.37555 2.67863 1.09992 3.73633 0.736032 2.1339 0.717222 0.831836 4.45545 1.17182 4.37746 3.14069 1.11219 1.75528 2.42517 4.47651 2.62064 1.1859 2.75694 3.88268 2.64616 4.38469 4.73338 0.941377 3.57662 2.79188 3.27277 3.82668 2.80063 3.13578 2.87636 2.85179 3.54239 4.82094 3.33527 1.76046 3.0032 4.6853 4.36907 1.01254 0.559552 4.3766 4.44601 2.8136 1.26796 4.59784 0.534794 4.13883 3.42634 1.97193 4.53816 2.50092 3.94209 4.2755 2.15792 3.21223 1.25676 3.29178 4.94181 3.39097 2.57741 2.03266 4.26182 4.46164 1.66461 4.07993 4.97431 1.39949 1.42701 3.29561 1.51165 4.96923 2.57264 3.15139 2.15559 4.70783 1.06678 4.92731 4.74219 0.901429 1.14655 3.0295 2.54848 4.30645 1.14204 3.17709 4.61068 1.36483 3.85414 2.70824 0.724088 4.16336 4.23906 2.75534 3.87465 2.88721 1.64936 0.539346 1.35209 3.01757 2.88173 4.53323 1.29475 1.02343 4.78138 2.74459 1.41606 4.29754 3.65305 3.36741 3.6626 3.08643 2.2287 1.55293 0.553858 4.66467 2.94179 0.549715 2.95359 1.50317 3.25823 3.96277 3.52288 1.68172 4.314 3.88189 4.10474 2.29559 3.60935 3.12911 1.29045 2.60631 1.00966 1.87528 4.41749 0.686571 2.303 4.87581 2.74913 2.80931 4.56422 2.07554 1.08561 2.83088 1.57579 1.33276 4.55706 1.31838 2.55519 3.01234 4.34795 3.67115 3.43903 4.19808 2.60327 3.98636 2.97372 3.27408 2.26631 1.9188 2.86286 2.62536 4.59806 0.784756 3.2212 2.70758 3.12829 2.66004 4.58531 3.23586 3.28827 2.72219 0.730825 4.74282 2.47509 3.08678 0.546381 3.75569 4.79765 3.38788 4.71417 1.84262 0.754324 1.85263 2.44713 3.77805 4.09218 4.62004 4.03279 2.57733 4.09793 0.553815 3.43375 3.1504 2.07042 2.79941 3.6948 1.32461 3.72491 1.83517 3.90667 1.48672 1.27881 3.26766 3.97645 3.09403 1.46923 4.12107 2.45461 3.30465 2.75204 4.37086 3.16871 4.47688 4.93263 1.97141 1.41368 1.78777 3.97833 0.627952 1.44883 2.72081 1.26243 1.06254 4.55144 4.17274 2.48983 0.524194 1.37698 1.42955 4.05439 2.79322 2.37602 4.26156 0.577887 4.92962 0.517764 3.88766 2.38057 3.51562 3.57018 1.05873 2.13343 4.64248 3.18685 3.01017 0.942077 3.89123 4.55039 0.533513 1.61225 1.55774 1.82253 3.91732 2.84699 1.37181 0.650897 0.507078 1.1254 3.96049 4.48231 2.6343 2.51313 1.80541 2.93285 3.66476 1.65444 4.94443 4.96449 1.91588 2.19592 0.667264 2.11836 4.69324 4.39185 2.45534 3.55473 1.1962 2.64121 1.41577 1.14954 1.04275 4.20631 2.45947 1.89766 1.1634 3.86311 3.47344 3.87268 4.8143 2.23307 0.737104 3.49346 4.95941 2.54681 4.83289 4.84724 1.77188 1.58924 1.80091 1.81941 2.50456 4.07644 1.28775 2.77997 1.47964 4.21415 2.93946 1.07651 0.94739 4.18788 4.78865 1.584 3.06413 4.33468 1.88569 2.06104 2.23927 3.24658 4.42415 3.56291 2.60149 1.0556 1.1103 2.66114 4.33415 3.65044 0.526752 3.7198 1.62967 3.07486 4.24029 3.9784 3.51327 3.85759 3.90379 3.19141 3.28562 3.02398 4.60234 4.07446 2.33485 2.53925 4.69343 1.30716 0.567509 2.43335 1.89134 1.84256 0.708809 3.85754 0.845618 2.27325 1.72192 1.82255 1.96377 2.00413 1.59646 1.36836 0.728026 4.98175 2.75609 0.91571 4.25625 3.23038 4.33524 3.54916 4.35702 2.94466 1.57505 4.48183 3.82888 0.888895 3.58837 1.95181 3.75363 3.35302 4.24393 2.30012 3.53383 4.41518 2.91963 3.48043 2.42446 2.26097 0.875056 4.25031 4.80867 1.80928 2.493 0.794204 4.46769 1.39484 1.14025 4.528 4.09491 1.75734 1.39742 2.33524 4.80404 3.58724 3.40799 0.984991 3.88145 4.87819 1.09645 4.98136 3.03268 4.83612 1.00561 2.09462 2.373 3.09493 1.00302 3.82399 4.91222 0.988873 3.10655 3.54208 2.28355 2.63152 4.1791 3.07093 2.46667 4.55141 2.7425 1.93976 2.75486 3.13434 1.66045 1.07424 4.71637 4.12225 4.44068 0.667566 1.39985 4.9188 2.90626 3.48303 2.03398 1.45157 3.48599 3.33829 1.97115 3.8409 4.37395 1.5213 3.62541 4.62534 2.30824 3.88788 0.654462 0.79382 4.21879 0.890826 4.13581 4.37436 0.994351 4.79083 4.98708 3.3295 4.61864 2.2989 0.880473 1.00835 2.42557 4.90049 4.40133 1.40524 1.72368 1.11123 3.20085 0.975065 0.539677 1.91437 4.893 2.75524 3.7311 1.62976 
4.0
14.9622 19.2701 10.9047 5.4838 11.012 3.66922 17.441 7.72256 18.8072 19.2694 13.6585 13.6409 8.76107 2.33809 11.6727 15.7091 5.58138 14.0678 6.88547 9.9794 4.49105 4.9394 16.3043 14.173 16.8946 7.78136 16.8056 14.9611 2.48987 12.5237 8.34461 15.4418 2.82473 17.6477 13.1095 11.8125 17.2996 15.3306 19.6215 16.2373 8.61481 9.28578 6.78022 8.90968 10.6637 2.29831 2.85408 8.31078 5.87054 16.4556 8.41611 16.6627 12.9743 11.0737 8.22522 11.5775 16.2574 13.3182 9.05261 10.9008 15.2196 2.52174 4.45362 3.75159 5.69794 7.1952 19.4847 8.75668 9.43095 9.7356 10.3662 16.4808 17.0691 9.82853 6.08932 5.05171 15.6301 3.54615 14.9701 19.9811 19.3995 13.1405 11.1472 3.18044 5.27669 14.5319 10.0255 10.1719 13.5664 5.49312 7.66557 14.4954 9.21528 7.52852 9.11735 10.3102 16.4936 10.4484 10.7002 8.19208 14.1228 12.639 17.2277 5.12586 13.8479 4.02766 13.1778 9.69327 7.4556 8.74312 4.80837 5.45602 7.23712 16.4715 16.2181 5.53421 8.897 9.5072 12.3527 9.38012 11.9068 4.49949 9.95622 14.7472 16.3043 9.89405 7.4681 3.85454 4.93783 16.0701 12.865 2.74641 10.1562 9.17259 16.4484 6.84738 3.94349 17.6401 7.57717 15.7126 16.4999 2.4277 8.34581 5.97322 6.26686 13.925 7.20763 13.4778 12.3986 12.5699 17.5435 9.62791 4.67801 10.1578 18.1758 12.9103 15.8786 18.8453 18.8276 12.6233 7.57128 14.8499 7.52762 19.7993 18.3766 15.845 4.9597 2.32213 9.66256 11.0499 18.7583 19.2397 11.6871 5.01533 14.7489 5.27253 3.18654 4.10406 4.13408 6.51673 19.4092 8.66721 3.62432 12.3431 11.594 19.9155 3.51481 4.49083 6.89459 16.4861 6.70707 16.3573 19.749 17.7045 3.67608 13.4825 11.6942 8.54193 18.3827 18.2288 16.6263 5.2679 18.1316 19.6569 8.5058 18.7984 2.37364 19.5957 6.50844 14.7389 9.45517 7.90869 12.6211 5.12316 14.311 19.9553 6.68315 10.847 14.1035 15.2469 7.8731 11.7975 4.80712 18.2993 13.6405 19.6776 19.7378 8.67941 5.08333 12.5259 5.02803 19.2482 9.77034 9.9319 9.04676 19.5981 15.0091 9.9462 10.7653 7.68628 10.5593 12.6866 8.06807 12.6632 7.79093 13.6388 15.0086 17.8962 8.28835 11.6535 13.0113 11.1885 2.89941 4.6371 9.01788 9.19375 10.2298 17.9396 11.5798 11.0256 19.5829 12.4366 5.89551 16.0628 9.34478 5.30672 8.79318 6.94933 13.8146 16.5051 14.6588 14.79 13.4804 11.9311 3.30943 5.54178 17.7398 14.2923 18.812 10.5994 7.06691 12.6633 4.24726 6.57762 13.6233 3.73977 13.4189 3.28742 7.31529 11.7881 16.5083 6.90866 10.2963 6.29036 10.6746 11.3574 16.9142 14.2841 12.5996 8.8486 16.1042 4.39823 13.9783 10.6545 17.2272 19.5834 16.9553 15.0578 16.3534 9.53854 14.5053 3.50063 19.9906 19.8317 14.7598 9.92825 9.25889 8.71722 10.2791 2.32883 15.5098 2.64759 9.26923 17.4679 10.3913 5.48075 11.7442 17.8183 15.3575 12.3828 11.634 19.6858 7.62425 11.4259 15.8377 15.5292 9.57005 17.8816 17.2213 5.47682 10.5817 6.20944 2.56203 3.03725 18.3456 18.7408 4.4369 6.00626 14.5849 10.0581 8.05713 13.5685 4.24079 12.0694 10.0478 8.59471 5.10018 16.7781 4.1726 4.13424 4.86812 17.7484 11.0043 19.1028 2.68573 3.26517 16.54 10.1657 18.0933 18.1904 8.76236 2.81607 4.4391 15.5139 13.1453 16.6488 17.7327 10.5998 10.1058 9.82949 19.9444 7.12808 13.4008 13.7589 9.74993 9.73196 12.4687 16.9325 3.71966 6.32992 3.71759 2.99553 2.95406 19.1535 11.7574 7.99347 8.16393 17.4702 19.578 7.81735 2.19615 7.00177 14.6729 4.8449 17.0047 17.0378 16.1076 16.7767 6.06683 12.2447 19.5334 12.6677 17.245 8.16969 13.1474 3.15439 9.0935 3.44056 19.5961 5.87642 3.61092 7.66039 10.8264 3.09462 8.43761 11.9977 10.8798 8.50352 5.49863 19.472 17.6337 18.2396 15.0919 17.9344 4.48691 17.0846 10.4218 12.7439 10.9908 12.8643 15.5777 2.13861 7.42597 18.0428 17.9586 12.3025 10.3238 5.51141 10.1422 3.1275 7.93375 9.57385 8.19957 13.6708 10.6357 3.12586 19.4556 16.3076 19.2976 10.0307 4.69408 10.5787 10.5787 11.6897 5.80856 5.7342 2.17767 16.8083 15.8982 8.972 9.02645 15.357 14.8093 10.3715 7.42915 5.72829 17.1218 9.52295 6.14632 14.0883 15.5811 2.85199 17.4246 6.92393 8.97568 12.6394 8.97163 11.7856 15.4593 4.73648 7.87621 5.22472 8.31897 9.97506 5.47394 8.92712 17.1885 8.27373 14.158 7.04126 7.70637 16.4387 15.1353 17.7021 16.6202 10.6603 4.12815 3.74995 11.3354 16.7045 18.0207 9.64525 4.90995 16.8002 7.45123 11.5778 3.49379 6.22143 14.3498 11.772 11.2143 10.5649 15.4205 7.98719 11.5064 18.7231 16.5699 9.21299 5.88844 2.5527 11.2802 16.5606 11.183 14.2377 9.92778 14.3487 6.18325 10.3489 5.04758 16.3854 16.7649 5.59757 7.54199 14.4446 6.44266 7.28534 18.8356 17.9386 13.3729 9.4489 19.9752 13.7854 2.80091 19.7002 4.67485 17.4717 19.9541 19.7618 11.3065 8.31056 4.37977 12.6977 18.8359 9.89534 12.7292 3.83968 3.70356 18.7482 12.9858 14.4082 4.65153 6.16411 15.14 10.8295 6.49494 2.25042 7.3078 10.7474 11.8392 19.1613 12.2964 14.7309 3.7424 2.52799 3.6137 6.67665 6.32304 18.0838 13.9239 13.9068 18.3131 16.485 12.9482 19.9624 8.5563 13.3266 13.8107 9.09209 18.4519 9.35359 2.82983 7.43594 2.34353 19.8677 7.75496 3.9045 8.85361 6.32894 7.4483 11.7535 10.1629 7.15304 16.0122 9.8536 18.2353 8.7038 8.36172 6.65561 10.9883 15.481 2.24248 19.8509 19.4085 4.50337 17.6939 16.7271 6.61205 6.88724 12.9576 4.21949 15.8514 19.6201 3.83152 7.65691 2.46654 8.52959 15.4686 19.2039 6.78152 11.4482 19.6216 14.9976 10.947 8.57266 10.3327 13.9799 10.7273 19.0189 11.0685 7.42528 5.23344 18.5727 4.30073 2.16389 3.60092 11.6348 8.53148 6.49951 3.61321 14.3623 5.76455 3.82333 5.27036 12.0046 16.4217 12.9228 14.303 7.43522 6.70406 9.98593 8.63168 7.8783 15.3995 9.3006 2.77131 12.8311 5.13456 5.64964 3.18126 12.1815 5.07205 3.40084 7.56051 3.52035 14.0541 15.2924 3.08814 19.6503 15.1901 3.91392 8.60929 13.2886 2.89049 8.88205 7.76621 3.96633 13.3455 18.7123 16.0748 10.122 5.44898 10.3857 2.94651 9.39119 15.1684 3.61048 19.6551 8.0913 16.3591 12.7799 2.2495 12.9013 19.0248 13.6244 14.4112 3.73728 18.0223 5.56018 3.25732 6.82281 17.2132 16.7317 13.0893 6.95509 12.0589 6.751 2.08603 13.9661 11.6626 18.131 8.94334 4.37918 19.2554 9.4153 12.4579 17.2608 16.129 9.00206 15.0571 17.268 12.0121 4.66438 17.2738 19.8905 8.89353 9.76517 18.1665 19.8888 13.2899 9.16769 14.6851 19.9273 15.9589 9.84128 8.98158 6.40247 2.05773 7.16252 14.6663 7.46688 18.7471 19.9115 17.0093 8.24811 3.24 4.96383 4.08728 2.26312 10.2966 2.67715 5.87547 8.02799 2.16365 17.974 6.28529 5.86284 19.9597 6.11907 7.14694 19.8922 7.50545 8.1925 19.1375 12.2406 16.5995 13.2579 6.65411 12.4235 10.7393 6.22588 11.633 4.93352 14.2876 12.4133 15.313 16.022 4.08364 3.79729 14.9454 12.6759 2.50081 17.9645 18.4478 18.79 2.94832 12.7564 2.00473 7.53422 6.81902 5.60915 19.6126 10.9167 18.8823 2.58911 5.57005 5.54161 10.1221 14.1237 16.9142 15.5629 19.0206 4.42731 6.80145 9.83285 4.28705 17.6229 19.8342 16.2461 16.0318 3.55866 8.33244 12.2791 10.3858 18.3199 16.5511 14.7247 18.5652 16.4364 3.84219 17.6224 13.3818 17.7853 17.7628 3.38337 4.19801 10.189 6.1278 18.1111 9.32783 10.708 15.0086 14.1173 4.88274 6.63 7.67656 8.63364 3.06301 19.1537 15.4919 9.71745 16.8944 10.7679 17.7382 6.35427 10.4101 5.32585 9.40193 13.7548 5.2778 15.8156 13.8973 2.84723 10.8727 4.82456 13.7364 10.9654 2.7948 12.7005 6.14515 10.7317 12.8327 12.4068 12.6236 14.1354 15.3715 4.07408 15.4526 6.80662 15.2473 16.2461 10.1448 9.48522 4.04578 4.82176 2.84186 5.68529 9.84674 18.6921 15.6563 14.5547 15.4141 11.0726 18.959 11.9303 5.83081 7.53067 15.6118 14.5879 10.5792 9.70898 16.146 12.6883 5.0668 3.74337 3.88493 11.4177 4.59719 10.3766 7.01333 10.8245 17.7864 5.76738 16.591 4.85045 12.4247 9.99419 11.512 8.55778 10.7833 10.2552 9.40956 14.5512 17.3665 15.763 8.50578 13.5953 4.10982 19.3345 9.40684 16.4279 16.0223 18.6768 17.8437 13.7673 10.275 16.3677 19.3577 9.51664 13.7343 7.53174 6.93196 10.1618 13.9411 18.2119 16.5679 15.3661 6.53456 5.43593 17.8067 18.7594 10.1216 5.97868 10.1966 9.92254 3.59191 2.81926 10.7056 4.56792 10.8778 4.29374 13.0787 3.91429 18.1595 2.94315 18.141 18.2576 2.51633 3.05668 18.0464 19.7368 9.02206 17.9104 15.4711 13.2953 15.2867 9.70084 14.7525 18.8372 6.44294 15.1747 11.9734 9.57961 17.5781 15.953 10.9918 13.5993 8.61161 12.5509 2.41592 9.57562 
5.0
6.53561 20.8687 6.37995 16.0805 14.276 12.6878 18.6683 6.5801 22.6209 22.6643 12.0556 18.248 4.18535 19.9444 17.3257 11.8421 11.391 20.8096 11.5058 17.9286 2.78955 3.17529 22.4954 16.0932 3.8096 23.3274 11.2442 22.0142 5.67789 6.14453 15.2288 11.1467 18.764 7.55614 24.4782 5.26767 21.5989 15.4879 6.39792 18.1334 19.3177 20.5427 23.1431 6.497 20.2755 7.66817 2.79069 17.7384 9.58781 15.0608 8.06005 5.3548 20.8445 24.0558 23.8326 21.0629 24.7475 6.25404 17.2203 7.26252 5.92219 4.13453 11.4328 11.111 14.1533 8.90388 4.69373 21.4598 21.2937 6.83175 15.4553 24.9015 22.5977 2.82268 17.6625 22.1788 11.2282 9.97431 24.8151 16.2046 17.1867 16.3719 19.0796 5.44334 19.4188 7.86896 6.69933 16.4039 12.3419 13.1049 8.45312 6.4936 13.0477 24.5079 18.9137 8.48341 20.4282 9.03536 13.2541 10.335 4.97563 19.8995 12.8534 9.13878 8.00616 15.5302 18.4509 2.91294 24.0573 4.52356 24.5994 21.5146 15.2095 10.3274 14.1675 5.41165 23.5812 24.4122 11.6399 16.0661 10.7476 4.17948 3.96749 24.1789 20.3342 16.8553 10.2159 7.04586 22.5326 23.1213 18.7625 6.27511 14.292 9.23107 5.79296 22.1157 3.93237 6.36332 23.846 3.1478 3.93372 8.46147 11.6573 10.0837 20.6474 24.8093 11.552 24.9308 7.18211 8.59303 18.1366 24.2654 15.7137 10.1998 9.53883 12.8685 20.4682 4.00229 14.9469 6.47154 7.62987 7.37997 4.69755 19.8654 5.92151 8.22635 19.1629 4.11895 24.11 4.69277 7.68596 14.1602 19.1847 10.9185 18.815 10.468 18.9605 17.4969 10.5871 3.62534 5.35387 7.92863 12.11 12.9841 19.5832 19.8101 17.693 8.19103 5.54316 14.5091 7.27719 24.8248 10.1023 16.5767 14.4134 15.3948 9.07491 16.645 5.54012 9.45111 22.6168 9.06147 9.3094 9.05568 13.7945 18.0098 12.2122 13.3649 9.07853 10.867 14.2521 3.57366 24.5104 2.54616 8.41817 11.9704 11.2938 24.577 7.70643 16.3539 12.059 15.171 18.4403 8.56094 21.5515 24.0245 16.1397 23.3559 12.9945 23.1066 2.68938 3.931 6.37503 9.68475 21.0554 10.2683 9.90403 7.83575 3.80123 16.6129 3.40014 24.6934 6.6519 6.80759 19.8475 17.6826 5.85762 18.7386 21.3772 18.9895 13.1059 14.1429 8.42251 23.5181 24.2326 12.5266 13.2984 11.5834 15.4815 5.44495 11.9543 5.09054 21.0635 22.3936 12.6509 10.9503 10.7637 22.0608 17.8109 20.4812 6.3476 2.69152 5.29341 8.5477 20.5168 5.31263 7.84252 11.1848 9.66263 21.0692 9.45917 22.959 9.16885 16.4226 7.44721 17.8153 12.5135 19.9593 3.88326 14.6612 10.4195 12.0617 5.26028 18.9361 21.3034 11.1898 19.055 8.91813 11.7742 8.02444 13.4694 23.016 10.9297 6.22146 9.09557 21.7986 24.7028 23.5279 21.2547 8.50953 9.0055 19.5089 21.7601 14.3192 2.92304 8.63614 21.3534 4.56243 5.7056 9.98783 14.0653 9.71266 13.8096 24.8096 19.7499 19.8425 4.23779 8.18697 11.0422 13.8207 10.4276 3.57925 5.99085 21.9951 9.43901 23.9645 22.6131 8.6122 14.191 5.84608 19.125 12.7233 21.9965 4.87022 11.0942 18.8262 10.6468 14.3053 16.7679 18.4942 15.7942 2.63208 21.8232 4.2402 8.3836 23.9956 19.7924 19.3687 10.8835 7.7682 4.41153 5.06276 13.5649 3.47376 15.143 18.4578 17.0799 14.8236 22.1218 22.952 10.0884 19.1136 21.776 4.50258 5.68401 3.23212 16.8704 20.1586 12.8691 5.03039 4.72469 10.08 21.8277 13.803 7.35487 14.2935 14.2484 11.1305 19.789 17.9336 9.94525 5.83293 22.8062 21.2215 3.52776 6.78514 3.85039 7.92881 4.86979 12.3428 19.8666 3.57893 14.6272 5.13025 20.8122 9.63368 13.5542 8.43948 7.59146 4.91696 21.869 12.9904 18.1641 3.02441 14.9175 10.3026 20.5773 19.4695 21.3866 8.92835 16.6723 4.81591 10.3159 22.2966 7.71384 2.54631 5.65816 16.9192 13.1945 2.91735 12.1391 12.2072 19.0617 21.5511 11.1652 5.64974 24.1197 9.01277 15.5314 4.60335 15.8545 7.62465 14.1764 18.443 21.9333 4.26659 20.738 22.3243 23.6268 7.91268 12.1562 16.3072 12.4068 3.15423 16.0761 11.0909 20.9661 15.9592 20.7986 19.1102 4.91323 10.4176 11.5311 17.243 13.8905 10.2242 9.18577 4.87918 10.8663 6.14588 10.4778 11.1009 3.35099 20.7272 20.5716 17.2243 2.78624 3.98069 9.52658 8.45212 3.35908 21.3148 6.29084 8.38836 13.989 24.947 3.99468 17.6635 19.7391 7.55424 2.79223 2.92136 18.9015 9.40873 21.5023 14.9177 12.0058 12.7511 21.7976 19.4794 21.5018 4.64891 3.69366 15.0754 18.3665 17.0924 13.5854 20.7491 14.3837 20.5757 8.5836 13.1617 16.3488 19.915 15.8994 3.99707 10.9466 3.55267 13.5283 21.4781 14.053 5.09814 15.9824 7.24417 15.7109 18.3545 16.3219 22.3397 12.0294 24.5821 20.735 8.56471 22.7575 8.24762 6.91722 16.4362 15.7808 17.5106 19.999 11.0109 19.793 10.6954 12.2724 9.31942 8.89009 17.4997 22.9665 20.662 20.3395 18.6893 11.8218 3.51489 21.7723 5.52984 10.2133 7.79889 11.5496 5.20385 16.0724 18.7586 3.55259 15.9649 3.85768 8.70321 20.1464 20.7776 15.8247 5.35881 14.5682 23.1945 8.34415 8.08166 3.98835 4.21866 4.5193 10.6831 19.4962 13.9028 24.352 7.11542 19.2591 3.935 6.20778 13.7697 23.6057 19.9606 23.3292 7.13438 10.7828 22.3903 19.149 13.0651 12.1357 21.9445 17.6509 21.4165 12.9635 23.6844 10.0303 7.28487 7.79686 15.7791 23.9031 2.61214 18.8506 14.2589 3.81366 4.40133 21.3996 17.5055 9.29153 23.2933 12.3287 16.7277 21.707 13.7549 8.10623 6.17421 23.6753 12.1281 5.93203 4.33242 24.7601 21.291 9.30834 7.36338 22.2254 13.1798 16.7852 21.0234 20.5862 15.4221 7.62941 24.8217 8.70853 23.3315 3.16747 14.6647 18.2078 18.5141 12.5522 22.7364 4.39595 15.3352 9.20307 13.3651 11.028 11.4986 16.671 3.62662 22.5969 11.4861 22.676 14.9336 10.427 21.6093 2.56944 24.3612 3.81728 5.42204 18.4699 16.9596 17.4825 13.2443 22.8227 15.302 4.04369 24.5478 7.63325 7.51921 22.8169 9.45239 15.6248 10.0714 6.15175 18.0843 24.569 6.50495 12.0677 16.5452 8.54142 20.9463 6.93996 20.7431 7.34981 22.582 21.9839 21.8341 12.8871 9.87521 19.7884 7.02561 21.1577 15.7684 22.1476 19.4915 13.7277 22.6221 15.4423 21.1473 14.8491 23.1407 4.81945 19.5383 10.5077 13.5339 3.42087 20.0873 10.645 20.1647 12.9106 17.4553 18.3032 13.4339 6.55101 14.7624 6.94553 12.6508 16.0783 14.4204 7.19866 10.6398 18.6258 14.3266 21.7702 21.8344 17.4474 20.6696 4.78968 17.6065 12.6885 21.0953 6.82281 7.58218 8.45659 19.485 24.3105 8.19448 22.4408 8.59467 14.681 22.2218 19.3293 4.30555 20.8863 18.0627 4.27694 17.7359 11.6118 9.99785 17.6702 21.4645 10.9107 3.18683 19.9423 11.1148 11.0112 17.1527 15.1862 16.051 17.0483 19.002 19.8169 2.93544 9.96902 2.63155 22.5326 20.8969 18.8618 22.6712 14.3243 14.5604 21.4591 14.4133 9.7846 13.6886 21.5648 18.4782 3.46516 13.1842 22.1542 11.4661 7.53307 4.70388 17.8991 6.34554 24.476 13.6333 18.3658 6.32778 11.106 17.6738 23.1372 3.4778 2.61282 5.79005 5.10904 10.8115 2.91479 8.76933 3.2095 4.12948 12.56 22.642 20.7929 9.8365 2.92502 16.2132 10.9571 12.4981 5.46358 11.4563 5.03485 8.3832 12.2531 23.017 13.0089 13.7425 14.0905 3.07926 22.101 16.5742 7.38712 5.34252 14.7844 18.1254 3.61181 16.8601 17.4709 17.8798 7.53336 8.98895 11.1209 20.782 20.5116 16.2008 7.52769 10.4483 12.5872 6.50455 10.0258 12.1128 9.62061 4.73012 4.87266 9.06168 14.2294 7.42348 17.0544 16.3016 19.275 15.6031 16.7656 7.71645 12.6475 16.6276 2.81227 22.9588 7.10002 16.4251 4.18952 15.3288 16.3815 20.8334 11.0823 14.389 11.4186 22.3016 4.04063 7.06542 2.79575 3.20355 2.57779 20.9849 13.2851 12.0119 9.44332 16.299 19.1744 8.58403 19.3192 24.7443 6.64416 7.30895 13.19 7.18867 19.4433 11.8658 17.1371 3.41412 6.6141 22.8434 11.8063 22.8859 21.5156 16.9714 18.7995 2.75793 18.3958 21.7129 15.2406 24.3647 22.7633 3.96744 2.76416 11.9491 11.8065 11.6367 17.1793 4.87735 11.1132 16.8005 22.556 24.5891 13.938 11.7546 15.9866 20.035 4.26859 9.15966 16.7698 15.3501 4.94115 2.55154 18.7696 21.0133 4.55465 10.963 7.19739 12.2436 21.9337 16.4067 6.06811 8.38258 4.39029 7.96951 10.0803 17.013 21.0345 8.76806 14.6696 11.564 19.8841 7.01585 20.4869 21.1521 15.0223 4.95145 23.5491 6.40951 17.5555 16.8782 24.8152 5.04773 14.1188 5.06508 2.9344 18.408 4.18097 12.2591 18.92 10.2482 17.398 7.05876 13.9956 6.51553 9.76543 15.8992 9.36564 14.8562 9.81968 12.8982 21.6602 22.6108 8.63811 6.31413 20.303 17.0467 9.88794 17.8645 5.55343 16.576 3.67395 11.1563 15.9724 11.7103 10.4351 5.47801 9.06248 7.00211 3.63972 3.70181 8.8308 17.7214 15.0301 15.5483 14.027 10.0198 6.16523 7.46199 
1.0
2.99539 2.40832 1.88576 4.89805 2.77872 0.512714 2.30416 3.33611 3.69386 3.68543 0.758373 2.38036 1.12268 2.26031 1.48049 0.771939 4.25188 1.57431 4.15403 1.23393 4.81984 2.70691 0.72424 4.93057 4.80283 4.47161 0.772789 1.30337 1.79067 1.90918 2.20692 0.534221 1.8019 1.53309 4.0131 2.88542 3.28838 1.5767 4.82504 1.66667 4.0793 2.49249 3.05625 4.07902 2.01471 4.95329 0.847036 4.68578 0.518465 2.10535 0.575872 3.76039 3.36062 4.32342 0.685327 0.761184 0.859299 4.21783 2.07238 1.18318 3.77201 1.14346 4.79322 3.0368 1.12639 1.96065 1.83247 1.20351 1.74046 4.79812 3.68691 2.91847 4.18224 4.06783 1.51358 2.6301 0.918938 0.981742 1.59244 3.98657 0.905475 3.82061 2.85337 1.19935 0.862541 2.20466 0.717705 3.03358 1.99407 3.11628 1.50418 2.67548 2.39419 4.92458 4.64938 3.72669 3.39359 1.662 4.49253 1.07556 0.595387 1.80285 4.87491 4.3954 2.35039 0.793704 3.80355 3.01966 1.42189 4.0859 4.4295 4.94412 1.08984 3.91988 0.590497 3.70594 3.4445 2.11153 2.16808 1.38977 2.61956 4.59047 3.50921 4.51072 3.21472 3.44028 0.662259 4.02435 3.15765 2.6907 1.17756 4.7136 1.75551 4.61176 1.72231 2.7026 3.68586 3.75992 3.25998 3.34756 3.17702 4.52603 3.04415 0.754514 4.6279 1.43545 1.67686 2.17405 0.917284 0.949911 4.98131 0.523015 1.65258 1.52147 4.93909 0.783105 1.10796 1.64835 4.94188 3.5265 0.602074 2.18279 1.6075 1.8184 2.06506 0.640773 1.91054 2.74647 2.04515 2.26377 1.37733 3.82738 1.90464 0.582425 2.09547 3.04011 4.95537 1.73214 0.787714 4.23637 2.78357 4.77072 3.20037 2.17788 2.5143 3.24783 4.05614 3.45064 2.76521 1.27658 2.3214 4.50613 1.5398 1.35685 4.53793 1.07952 2.31016 2.2008 4.96916 4.23471 2.53915 4.31011 3.31074 2.2865 2.89199 3.05538 3.71569 1.34953 3.38736 3.00729 1.88396 2.76432 2.23794 1.76988 2.96641 0.650167 4.13034 4.06567 0.53328 1.83506 4.19463 0.822775 4.3571 2.9125 3.91314 1.01399 2.26008 3.17528 2.71885 1.49778 2.27588 1.67626 3.53316 0.611283 4.37595 3.16605 2.99319 3.76522 3.01019 3.65766 4.61841 0.790751 4.71216 2.86811 3.16685 2.78836 4.51872 0.786974 0.930681 1.22858 4.4541 3.12192 4.22129 4.55477 4.32845 1.87114 2.2938 1.5378 3.10081 0.772786 2.96102 2.13268 4.05657 2.38135 1.14686 0.587154 3.54938 4.02096 4.12925 2.55228 1.55747 4.86568 3.22241 1.4449 4.80448 3.89673 2.14867 0.812117 2.19472 4.48665 0.849698 3.9477 4.81283 0.86049 4.48716 4.51043 4.23802 2.68384 1.3829 2.89444 4.42263 1.02789 2.1485 1.10148 3.38521 3.96146 2.75433 0.865118 3.46806 4.5199 4.28808 2.77693 2.9092 4.80102 1.65267 4.16463 2.47878 3.93792 1.95367 2.47215 2.42997 1.69883 2.82617 1.89167 1.01434 1.96385 4.95109 2.99761 1.31155 4.82867 2.51093 4.63256 1.6237 3.08523 3.33498 2.29519 3.18395 3.32936 4.48404 3.28008 1.4297 1.94533 2.02448 2.31955 3.59019 3.71737 1.24188 0.977361 2.83852 4.3182 2.54399 1.04447 1.25821 1.92439 1.30328 1.18667 2.87413 4.20883 3.88884 3.59421 1.49792 1.45997 3.63778 1.38332 1.63783 2.57821 4.51608 2.99982 2.72309 1.19908 4.71886 1.37448 2.89264 4.69345 0.960166 2.58054 2.09838 2.29471 2.20213 3.74302 2.27283 0.602854 1.07367 3.45011 2.31129 2.71552 4.22857 1.91639 3.61839 0.736032 2.39304 2.14813 1.46914 1.90835 3.85275 0.860435 4.93446 0.628999 3.12928 2.89641 2.12105 2.08591 4.09606 2.89826 3.47585 0.774266 0.783715 3.98032 3.40487 1.63929 3.62492 3.65407 1.95649 0.595944 0.888674 3.25511 3.31921 3.17563 1.55402 2.62203 2.3839 2.54984 4.37324 4.77731 2.1204 4.68069 3.37452 1.3601 1.01868 3.84854 0.553979 4.06103 2.34441 0.80642 1.00729 2.80889 2.45896 2.81153 1.75062 1.45932 0.953899 3.28361 3.48112 2.73548 3.3499 1.84029 2.52682 3.17055 0.610135 3.95944 1.23598 4.80233 4.21812 2.51838 3.05588 0.869698 4.06999 1.96012 3.55116 0.761063 4.43123 1.83653 2.11145 1.96475 0.707899 4.97846 0.598598 1.27135 2.78225 3.04277 4.68326 2.47802 3.66285 4.68645 3.12102 4.84474 3.69912 0.617499 3.71785 1.55251 2.61035 2.77292 2.23519 3.91353 2.07915 2.37358 3.48429 3.58326 3.15937 2.10607 2.36016 1.02457 0.748489 3.18148 3.56488 3.47367 4.37438 3.52112 1.27044 3.65816 2.04663 4.81929 1.97092 4.51688 4.42226 3.73287 2.77427 2.17187 0.535859 0.947925 3.88339 1.40211 2.84429 3.37331 3.51681 2.86939 3.83571 3.71112 4.51868 4.84599 3.95315 2.65422 3.40837 3.69439 0.582481 3.96061 4.61934 4.34891 3.35487 2.6548 3.67765 2.54934 1.51367 4.60616 4.56977 4.07641 2.59578 3.23418 1.54994 2.23939 0.677459 1.09071 4.13695 1.36547 2.43454 2.06912 4.05036 3.04121 0.767202 3.49045 3.33619 2.35589 1.73907 3.81653 2.43206 0.896814 3.58087 1.23995 4.4218 2.74661 2.00851 3.40112 1.72947 4.73244 1.60556 0.982198 1.50287 1.17713 4.02025 1.92797 1.9365 0.902364 2.22691 2.54375 2.78396 4.73374 1.10184 1.22013 2.80979 4.25779 3.56365 3.0348 4.43081 4.08098 0.528015 3.98122 0.796885 2.34066 2.92699 2.0743 1.56111 3.71793 1.04262 1.58302 0.589521 4.20252 1.90516 3.64003 4.86018 3.85956 3.00562 3.47811 0.801795 4.84836 3.57286 1.04372 4.32171 1.44309 1.66506 4.7374 3.27341 4.80546 1.82571 3.53114 1.61346 1.25933 4.05402 4.21277 0.997897 3.81726 3.33977 1.0072 3.06804 1.20904 2.01263 1.32468 3.17584 4.66217 1.15596 1.88602 4.79856 1.18427 4.835 2.97472 2.89307 4.59746 3.38957 4.56607 1.43941 4.0747 1.04121 4.58324 4.42396 1.42806 4.56472 1.53026 0.51195 4.39899 2.27427 3.75197 2.15954 0.700456 3.07383 2.57099 1.91524 0.56114 2.82214 1.55155 1.16083 1.5215 1.7621 0.640319 1.04177 3.73183 3.26464 4.93419 2.83698 1.50228 0.636982 1.82501 2.01817 2.85478 3.74545 3.27126 0.748539 2.82696 4.20263 2.44666 0.570964 2.77804 2.86909 4.51583 4.53566 1.44662 2.91942 3.28676 4.01724 0.510444 2.22288 4.99036 1.97132 4.39813 0.788374 2.43684 2.88043 3.10285 3.02393 0.799206 3.13955 3.24795 3.56066 2.77353 2.13097 1.65455 3.89109 4.86629 4.73867 2.66104 3.57205 2.55866 4.0521 4.94461 4.24193 2.09766 0.509479 0.594651 1.70243 0.664391 1.2305 2.18819 4.31473 4.66909 1.78851 1.1172 3.4602 2.92327 2.17209 3.41793 1.81542 4.93869 0.686218 1.35213 2.69181 2.60336 4.04271 4.49027 3.18959 1.48449 1.89025 2.04671 2.41623 2.50832 2.53384 2.7168 4.51942 3.76704 1.59364 1.26595 0.784385 2.20251 2.85335 4.62063 0.545712 1.91703 3.548 2.71138 0.663644 4.36107 4.84119 3.31771 3.81479 0.647857 4.74181 2.66497 2.34731 4.24505 2.71016 2.02319 1.95053 4.79324 4.70359 0.557888 1.88907 2.80149 3.91157 2.68277 1.55132 1.4698 2.43015 1.66444 4.06248 2.88852 4.12601 4.72904 1.21199 1.8647 3.43979 2.92086 4.94544 2.12544 3.87905 4.96285 1.67087 3.14818 0.950542 2.36916 2.62964 4.86787 3.782 3.0596 3.58167 1.01121 3.18338 0.726019 4.55509 3.80777 0.897555 3.70068 1.91051 3.32806 3.29044 4.07658 4.46953 3.1986 4.2306 1.82972 3.95789 4.4439 4.40828 0.693325 1.01293 2.7054 1.8439 0.534011 3.50563 1.0874 0.836035 1.97992 3.92697 4.87988 1.0988 3.05081 1.08887 4.90834 0.8387 3.54007 0.889499 1.26053 2.52097 1.39871 2.89305 2.14019 1.07533 1.37133 1.97402 4.5977 1.79116 2.13398 2.77585 4.3877 2.65225 4.68401 4.23414 1.2037 1.86085 3.7319 1.41419 1.53954 1.3013 4.84497 2.41308 3.42793 3.69302 2.09314 4.07618 1.30584 1.18304 3.94651 0.778109 4.25693 2.62789 1.67507 1.51813 2.38084 2.81501 4.00018 3.58004 0.539524 3.87359 0.748144 1.50648 4.73046 1.12487 1.75565 2.13771 3.83687 3.12191 4.77722 2.96481 3.00488 2.62873 2.64456 3.5474 2.8976 4.28904 4.92792 2.74577 3.57619 3.23428 4.34936 2.0174 3.75789 2.38126 2.69798 3.52808 2.20095 3.16908 3.99714 0.827377 3.46657 3.48569 4.17358 4.83854 3.30777 0.533734 1.97852 3.91293 0.935219 0.885986 1.91071 4.1989 4.40998 3.98014 2.39146 4.07503 4.41327 1.80309 2.94153 3.89794 4.14313 1.5147 1.11012 3.81448 4.08808 1.26094 3.90568 0.88839 2.42768 2.42655 1.97873 1.29142 4.31008 2.07717 3.30665 4.80889 1.75653 3.8408 2.63038 4.40976 2.94281 4.47888 1.39313 3.13101 0.607653 3.39671 3.93094 1.02668 3.33807 1.34334 1.16535 3.93118 1.48168 4.05095 2.54785 2.28713 4.93597 1.56367 1.50643 3.28767 2.06451 2.00581 2.644 1.58321 3.99009 0.539625 4.93875 3.3026 1.01488 2.76244 1.69655 2.13876 4.41749 1.2933 4.00523 4.24884 4.877 2.29903 4.44082 0.718735 2.77391 0.709814 4.77577 2.34208 4.61812 0.874098 1.9391 3.96374 1.35379 3.90309 1.97852 2.1377 2.79115 4.45464 1.27451 0.849458 4.41538 3.70655 4.75628 3.05282 1.32224 
3.0
8.87138 8.54579 6.48554 13.6394 4.95157 7.30408 6.10501 8.98702 13.1531 3.39693 2.73883 11.9544 2.02939 6.25434 12.2729 7.42141 9.64135 3.11383 14.5531 5.80686 8.04372 12.3616 3.62814 6.26023 5.97247 12.2627 9.56914 14.1173 4.98341 8.32921 4.11484 11.3692 4.79192 3.07776 7.39329 8.39536 10.5639 9.9254 10.9696 8.20987 8.40795 9.97418 7.46981 11.4718 10.3185 6.93439 12.0313 1.50889 13.3205 11.4365 14.8286 10.6053 14.5647 1.98182 6.42634 4.3026 8.12485 4.28169 1.70759 8.9647 10.7454 12.2355 1.62875 3.35641 1.79073 13.7974 7.55052 12.9856 13.6454 6.98119 13.8951 8.95919 14.8158 12.7549 12.8793 9.60253 10.9826 10.573 4.57444 13.5928 6.25471 5.79784 5.54163 14.3557 6.87423 6.25952 8.7938 7.97633 6.62268 9.20474 9.83364 14.8731 14.6783 5.384 11.0178 13.9859 11.1745 7.02762 10.9973 12.2273 12.7098 11.9604 12.984 12.9485 11.5583 5.10505 4.59315 11.6676 11.3321 4.12401 10.5126 12.3123 3.84427 7.45033 8.74768 3.22652 1.92326 13.4569 14.1922 7.69006 13.4285 9.51469 12.276 13.2023 3.7172 5.18905 5.93885 2.27935 1.81197 8.32548 7.17948 10.5153 6.02016 4.77349 6.93207 2.65665 6.25399 2.49932 11.018 5.44051 8.30194 11.8374 13.9243 4.44682 12.8014 9.13033 11.6579 3.21385 9.66221 12.0077 6.42632 8.36756 8.192 3.05327 9.8943 1.51458 1.67186 5.61147 11.2669 12.6488 8.13381 7.98175 11.4486 4.82201 5.08924 12.7521 8.52839 8.82735 7.95846 2.02141 8.84133 1.64752 1.95153 14.2597 2.85623 7.91586 4.1502 2.0581 7.13936 12.6414 6.04103 4.01662 3.64443 2.44776 5.74969 3.02106 12.5787 7.07505 1.72644 4.15844 8.59543 12.8964 8.63278 1.52111 11.0621 11.6974 7.67922 2.64955 4.15521 2.46961 13.6643 9.36384 4.03121 6.96744 8.96485 2.2338 9.8233 11.279 7.72704 2.93777 7.21468 2.16067 14.0092 5.26017 4.33791 10.3847 2.12521 10.9776 12.2504 5.85135 6.93967 1.88353 3.73595 2.21424 6.86361 3.20217 5.68296 13.2693 11.3018 2.14025 7.78808 2.85757 8.30123 11.8281 4.8366 10.5318 8.65036 3.89893 3.80878 14.2362 4.18012 13.4574 2.5624 9.25055 9.0156 4.68605 14.3414 13.1475 1.5292 3.34114 9.861 3.51378 3.24477 3.38668 13.2183 11.1847 4.44306 5.51738 7.38013 11.2429 13.2183 5.32016 6.99581 10.0305 5.23577 5.32439 8.28719 10.9246 10.441 3.69076 11.7642 14.1271 5.96969 6.78885 3.01676 3.21773 13.5088 4.91338 6.33296 6.22065 2.85928 12.3891 1.89321 8.43527 13.4495 3.31425 10.2908 7.28023 14.5499 6.19311 13.6282 13.4013 10.4393 13.2066 3.44048 4.79271 5.77162 7.87202 13.6934 2.68269 13.3944 9.84131 10.6093 5.93198 3.36804 8.58797 10.5678 6.69648 2.43678 8.73266 14.3337 13.1035 13.2001 4.75749 7.36033 4.69139 2.73599 13.359 5.91959 2.8635 7.92489 8.1896 7.30768 6.60496 13.2251 6.73825 12.8774 2.71381 12.6494 5.59904 9.14652 3.29545 6.19235 13.879 8.23207 9.27091 4.95945 2.49443 5.86123 14.6487 11.247 5.60578 12.208 4.31058 7.32335 2.94143 13.8065 6.06035 13.6611 8.25992 8.28948 14.6872 7.37084 6.20098 10.7046 10.7922 4.58558 14.2752 11.1552 13.6284 3.04683 6.74244 12.0184 12.7049 7.64151 4.12866 2.98886 14.4042 10.6402 11.1318 2.19866 7.86408 14.3865 12.166 8.16381 5.37173 8.68768 4.29482 4.30643 2.02299 4.15612 6.80263 9.30336 9.89435 6.75254 13.6553 4.51092 11.479 7.77988 3.59898 1.71575 14.6364 9.57854 14.6481 14.9619 13.3057 12.6729 6.21147 10.7042 9.23245 11.6186 1.60755 5.03736 6.95968 6.30186 4.71807 4.25195 2.33179 8.43876 8.03047 11.4659 11.7628 9.52676 4.31898 11.5824 14.0179 11.4968 8.71438 8.82433 13.7587 5.31681 3.41237 2.09412 4.10262 12.2962 14.2707 12.9105 10.4451 5.84193 2.045 10.6709 6.29611 3.91501 7.01302 11.9904 4.88037 14.939 13.7379 9.86671 9.25077 5.90932 1.72006 9.42115 3.16587 7.45335 13.1873 14.9661 2.98092 11.5925 1.77409 2.14826 1.80256 6.45468 8.83966 3.41872 1.65719 6.18864 12.674 3.07834 5.42307 1.82878 10.8432 13.15 2.27597 1.8617 4.92346 12.8266 7.39863 7.24361 2.37311 14.7456 14.2038 8.61904 1.79419 8.33941 14.321 12.4907 8.8321 3.01201 11.0969 8.59035 8.46409 2.39192 6.35932 6.70129 8.42647 10.9112 7.69532 14.6814 12.0304 11.9605 8.99221 4.93797 8.11652 5.37083 4.9929 11.103 11.898 2.97052 6.11457 10.6607 14.9424 2.46942 6.28117 5.27466 13.0423 13.9186 5.01952 8.56805 10.7246 10.4962 9.56908 2.1033 9.14794 12.8703 10.2554 14.814 11.1398 3.38642 3.37735 8.63736 9.6214 14.3329 14.3577 9.09856 6.6716 5.53104 6.4079 1.59539 2.47958 10.5025 5.45592 5.13472 14.936 4.46219 2.5883 6.2699 1.61281 13.8872 5.25552 2.98931 14.8821 1.91296 14.4912 3.30619 2.92309 8.80406 2.39493 12.2995 5.86811 14.2526 4.62877 14.3562 11.3373 14.2518 10.6774 11.3641 2.61161 8.79646 9.62212 2.1071 3.69517 1.65877 9.17807 4.10991 6.51548 5.49119 7.74573 3.1855 3.01289 5.00491 7.22563 12.9328 7.36852 6.47467 5.84691 7.93588 7.62088 4.81975 4.75954 7.41431 1.92115 10.0111 8.1402 5.57458 4.67716 4.55479 10.0618 11.9128 2.33605 14.3012 1.87683 5.71856 14.0555 2.33106 6.86403 14.0298 7.5139 11.167 13.8892 9.28923 14.1087 6.56172 5.82915 11.4514 4.79403 10.1121 8.51005 9.79126 5.80653 14.4496 4.90858 8.16418 2.0301 11.7567 4.8674 11.4664 12.7492 7.35977 7.07403 14.0472 9.04083 11.6477 8.55347 10.3221 3.55532 3.56705 14.4245 7.33756 8.9356 7.44344 14.1694 5.53585 6.62525 6.37864 12.168 8.47235 13.8152 9.4743 11.2446 14.2332 12.2792 9.63164 9.97903 8.8045 2.34755 14.1773 7.03126 8.64231 13.2703 6.56561 5.72979 10.6943 9.21823 7.90647 12.1736 5.12227 8.1731 2.07013 6.59765 3.47575 1.95634 14.6176 2.75245 8.06713 8.14644 14.8074 13.0468 10.2976 4.13507 11.9285 7.20475 11.1847 6.57177 1.70962 6.1855 3.34014 5.94743 12.5542 7.61782 2.15019 6.06633 1.8519 5.99752 11.4059 13.1569 14.1165 6.39885 11.1353 8.37132 13.6995 11.4495 14.8865 4.92326 6.32977 1.81938 14.2119 7.61506 10.7304 11.4728 6.10364 3.00295 8.56027 7.43469 2.13053 13.9512 14.4331 12.8202 12.5255 9.32509 2.76168 7.37824 11.9748 13.072 8.67899 3.79823 1.85809 14.442 4.785 9.53111 13.6898 10.0963 5.96995 2.37364 6.5115 9.35491 4.06362 7.56644 2.48586 9.33279 9.06089 13.1557 8.44122 14.2146 14.6734 13.8688 13.6177 10.9183 2.95734 14.7531 2.86447 2.39726 8.26764 14.8288 5.53796 10.831 4.288 4.50559 11.3515 3.45488 12.3873 10.5123 2.92601 4.27824 6.05228 6.09121 3.79187 6.94119 9.64599 3.70499 13.5919 5.96019 6.74291 13.0082 12.7358 4.61223 2.2899 5.83172 2.75518 6.20773 2.34343 2.93165 8.11047 9.00205 12.633 5.75104 5.69846 11.4957 8.70079 9.4459 4.8113 7.87341 5.86718 9.42461 14.2965 7.33127 6.2729 8.15107 11.6683 3.04342 5.24702 1.96156 1.9199 5.5167 9.7512 8.64517 10.7873 12.0843 8.15014 7.53801 5.71388 13.788 6.05819 14.881 7.76641 5.89896 13.5121 4.19144 9.75216 8.82767 3.72001 2.39811 4.28717 11.6718 12.1365 3.99018 7.06571 7.15337 4.61401 6.92969 14.5809 3.19429 7.3801 1.57778 11.0466 4.38067 6.09127 13.8845 4.27016 10.5657 12.2127 7.09251 2.72678 12.3615 6.4742 13.204 8.08474 3.76888 9.1524 14.9617 2.93189 5.19705 13.9291 3.59379 7.9533 9.12067 8.07556 3.07142 12.8101 3.62641 4.71356 13.6312 3.46949 13.0979 12.9019 2.81045 11.7359 14.2893 6.2994 4.74665 4.73331 4.53784 5.1544 10.4902 12.5888 12.8645 8.36979 7.08098 1.5674 6.71407 11.8947 10.1388 12.4075 11.583 12.1921 2.21716 3.60839 4.78701 1.53277 13.1708 13.9182 8.61615 2.36529 11.7873 2.77317 11.6297 12.5122 6.93148 9.93862 8.33874 2.94262 13.9545 6.60021 2.02832 1.87036 14.6161 11.6571 4.46742 1.92909 11.7701 7.46585 12.2582 7.67302 10.0646 12.7859 7.07371 14.154 10.4051 9.17566 13.5342 4.32489 11.4311 11.0904 5.47225 12.5187 11.2574 2.93069 4.83648 4.25442 2.72792 6.29266 1.98395 11.1188 9.43388 14.1688 14.6112 14.4739 7.24544 14.8505 8.57418 3.24195 8.10702 4.28106 11.3463 10.0147 2.34632 7.11089 6.36599 10.7406 9.24698 5.20282 6.52202 5.23691 13.135 9.83925 3.02824 1.77899 7.72853 14.3803 12.4366 7.01482 7.00198 9.62291 12.5388 14.4564 2.31298 14.6116 3.40705 11.7968 7.54361 8.15003 11.3228 13.804 10.0051 10.7635 1.84488 6.0403 9.35614 13.3634 5.7657 8.65812 2.78505 2.3621 5.70661 10.5221 4.20536 6.98932 8.60154 9.90721 9.71535 13.5597 13.8196 6.52314 10.571 9.94125 5.17612 5.61474 6.42277 4.97565 14.0826 13.8888 12.0661 2.59879 4.08517 7.01665 10.4553 4.91319 2.04166 10.4637 7.2315 
1.0
2.82946 4.60292 0.558771 2.70762 2.89754 1.06892 4.56873 0.649593 4.23283 2.29617 3.35676 1.95831 4.83687 1.03444 4.15164 2.68144 2.94422 2.05149 4.06037 2.04371 2.19219 1.78373 3.40292 0.668879 4.43325 3.44202 3.31464 3.88185 1.43984 2.32255 3.3662 0.840797 3.75195 2.07278 1.4511 2.74943 0.9171 1.16245 2.6908 2.89927 3.87307 1.30969 3.6074 4.79209 0.723049 4.11222 3.31388 3.59232 3.6535 2.63357 3.47196 4.15965 4.74447 1.69444 3.76751 1.41162 4.92263 1.61913 4.15355 1.76636 1.30672 1.68699 2.61084 2.41532 2.69574 3.03902 4.17599 2.67617 3.44959 4.28951 2.98723 4.67573 3.51237 1.09277 2.5977 1.11297 4.82821 0.91494 4.80636 1.85212 4.39971 1.26085 0.756405 2.59585 4.23891 1.10601 2.55137 1.38847 4.46095 2.78364 0.638696 2.19934 4.27012 2.07676 2.21098 3.3362 4.0887 4.76544 4.37471 4.4387 2.07821 4.37901 3.33664 2.80194 0.803339 4.40348 1.35773 3.78013 3.78841 1.6939 4.72463 2.52029 4.21642 0.841929 1.48882 2.27605 4.02067 3.24838 2.22322 4.05155 2.619 4.65089 2.04647 1.32536 2.54054 3.35669 1.16475 4.60452 2.6951 3.4304 0.681196 3.55866 4.03506 1.58692 2.92284 3.98418 2.85998 0.539434 0.535201 2.34854 1.01361 1.55245 1.59442 3.66454 3.72362 0.949934 2.98697 3.94482 2.83382 1.82851 4.30695 2.4863 1.67902 2.72578 1.52094 1.23479 2.85243 1.49365 3.15047 2.47965 1.61564 3.1268 3.72207 2.6285 0.701195 2.29623 2.23481 2.31205 3.75773 1.33781 4.89554 3.56898 3.18772 2.94598 0.871632 0.860919 0.627732 2.32255 3.31132 4.16749 3.82137 3.53046 4.88163 1.91144 2.13466 3.80275 3.07385 0.96382 3.96415 2.05655 3.02663 1.97929 3.28747 2.36212 4.61662 2.31149 3.60657 1.11702 3.06671 1.75842 2.53346 0.675324 0.821825 4.38803 2.26855 2.18195 1.44234 0.693757 3.2216 2.36201 1.265 4.33023 1.02524 1.0153 3.58152 1.67902 2.69099 3.46582 3.58464 0.99442 1.15797 2.21639 4.83189 3.37943 4.98414 3.05836 1.97681 1.34166 3.93009 3.38639 4.01787 2.67948 3.18545 1.46826 1.31482 0.948061 2.48785 2.91984 4.62279 2.75569 3.3845 4.13511 0.89381 1.63999 1.88629 4.42117 3.59602 4.27436 4.76451 4.08851 1.80039 3.25437 4.24012 4.24617 3.78508 2.21433 3.31564 1.55208 1.90729 1.02388 3.99957 2.6685 4.9928 1.81471 1.17342 2.17243 0.992968 2.08726 2.35131 2.67122 0.659419 4.14765 3.58213 2.87317 2.48623 2.62453 4.74431 0.863265 2.66974 1.81611 3.48315 1.33394 2.83589 2.11725 1.54072 2.02097 4.28523 2.77659 3.22836 2.0944 4.50538 0.733803 3.79174 3.25457 2.70119 1.28689 1.41851 1.28322 3.09237 2.3396 3.63852 1.79967 4.72883 3.97887 3.3666 3.97209 2.57342 0.632387 3.338 3.93381 2.10245 3.0562 1.18627 2.15476 4.67359 2.40244 4.91385 3.51793 1.91153 4.6171 4.50516 3.35098 3.86107 2.41788 0.932289 2.16286 4.15789 4.10213 4.80329 1.83555 1.46683 4.43487 2.403 3.52086 2.93779 3.3669 3.87647 4.99231 2.92922 2.83293 4.80499 4.20211 2.24909 1.87987 2.92465 2.29316 2.66361 1.37512 4.73749 3.81621 1.42334 2.54504 1.76528 2.90202 1.55703 1.59337 4.1958 2.63868 4.18295 0.649798 3.67175 2.40389 3.0878 1.29865 2.47221 4.90248 1.82328 0.93757 3.33671 4.65882 1.57012 3.21631 2.68185 0.714487 2.5198 4.30565 2.96048 4.2809 3.02375 2.24628 1.41356 3.09704 3.26021 4.62791 2.46442 1.74231 2.16861 0.848323 2.00581 0.654399 3.40157 4.70259 4.32931 1.60229 1.04442 3.05232 1.94753 1.36428 1.3524 1.82502 1.55872 2.86115 1.75532 0.593495 3.90405 0.994341 1.37987 1.48538 2.76742 3.93928 4.8395 0.672691 0.867895 2.1437 3.54186 0.691485 4.3947 4.28114 4.26383 0.841606 2.93474 2.90943 3.74414 3.91649 4.54282 2.5843 1.54352 1.01306 2.20427 4.67807 3.92248 4.17168 4.44033 0.653395 2.98667 3.09623 1.806 3.04211 0.849775 1.20421 2.0305 3.87915 4.564 2.75694 1.05027 2.34152 3.06818 2.81986 4.68464 4.8424 4.90339 4.80287 4.20399 4.33025 3.94623 4.83079 2.54053 4.04307 1.40957 3.69385 3.39164 2.46771 0.860995 3.6283 1.46578 4.7542 1.00872 1.17708 3.12105 4.33529 2.00517 0.880572 3.14621 4.50092 0.518092 2.54741 0.934365 1.17789 2.81924 4.85543 4.29921 1.16449 4.14067 0.532586 0.683846 1.57036 4.04858 1.36809 1.51216 4.71128 1.58476 0.803488 4.43281 3.20909 3.9256 2.35392 1.70576 0.546759 1.30867 3.60941 0.981458 1.82842 4.97689 1.06621 2.22247 3.99455 1.89028 4.5383 0.517809 1.24222 3.95529 4.89888 3.53981 3.40039 0.521702 0.902003 2.89353 2.01035 0.897097 1.83427 0.608815 3.36114 2.62893 3.74655 3.02485 4.73018 4.80414 4.51589 2.31737 1.57881 1.11641 1.48737 1.9184 0.953094 4.45092 0.946164 2.5786 2.83954 1.73673 1.16957 0.822143 1.226 3.31675 0.809199 2.04425 2.61761 4.58523 3.35319 1.0012 1.25781 1.64288 1.91852 3.94305 3.30445 4.71958 0.623423 4.63878 3.21097 2.11461 2.78983 2.04413 4.56265 2.9045 4.22593 3.362 2.11796 3.16845 2.83878 1.24537 3.80494 3.98132 4.32703 3.89284 4.92276 2.42422 3.70369 3.28676 2.29822 2.86264 3.399 0.823932 1.14743 1.24219 2.69334 2.58884 3.39254 3.15193 1.2303 4.51952 2.18354 1.40521 0.859703 1.21601 2.87513 0.888189 3.56084 2.6413 0.708702 2.92584 3.19569 2.46496 2.94937 0.915578 4.84225 3.79929 3.22809 2.97847 1.95794 1.07803 4.83884 2.87801 3.6231 1.32772 0.740926 4.95647 1.61453 1.58158 2.51629 1.83883 1.05916 1.18594 3.53198 1.65429 4.41774 1.74938 4.55763 3.52538 0.54868 1.48425 0.588076 4.57461 1.60186 4.19099 3.12098 4.69871 3.99263 4.63481 1.13962 2.36046 1.70585 2.06514 2.55065 1.64811 4.67995 3.6275 0.827067 1.35235 1.52117 1.91809 4.10613 4.31084 3.79779 0.930822 2.99245 4.2704 3.1645 2.64704 0.816111 2.01668 1.0668 1.51776 0.595877 3.52147 0.775515 2.58849 4.95749 2.35759 4.50136 2.51666 4.25703 2.6313 4.33961 3.2316 4.65937 3.68235 0.794819 1.98712 3.92168 2.8016 1.63566 0.556627 2.63205 4.71618 3.32979 4.32087 3.65317 4.09224 2.30882 4.49824 2.02106 1.80533 2.31337 4.26763 3.54895 3.22831 2.06821 1.03392 2.38615 0.786794 1.53742 3.586 0.782058 1.5323 2.00971 0.897376 1.30526 2.98285 2.26377 1.81936 0.767626 4.98122 2.06371 3.91687 1.60358 1.32074 1.73455 1.69672 2.45439 2.8887 4.56785 4.97862 1.70754 4.5773 1.80736 2.15861 2.7412 1.71217 0.964789 1.11518 0.623765 4.24855 0.715602 1.50794 2.01849 1.48493 4.62496 4.21883 4.04315 1.04437 3.95367 1.68593 1.83484 4.87333 3.7943 0.879913 4.56982 1.00811 4.78725 4.67294 3.68843 4.85886 1.16703 3.35027 3.57513 3.76119 1.88853 1.01436 4.44356 0.545303 0.5834 2.63158 2.67671 0.872776 4.5965 4.4715 1.87216 0.590858 3.85244 3.68875 0.842419 2.35439 3.30219 2.29746 1.32029 0.765268 4.19973 3.28829 1.61939 1.27952 3.95888 1.13801 0.999644 3.13195 3.34011 4.96171 3.48799 2.5283 0.717444 2.05749 0.904044 4.85511 2.67549 3.59386 4.84089 3.15705 3.68651 3.68963 3.85096 1.6319 4.61757 2.63637 1.08699 0.89302 4.81778 2.0135 4.14801 1.24952 1.5356 0.945952 0.880479 3.75392 3.41625 4.75435 4.38445 2.26738 1.82914 3.24786 2.97483 4.79259 1.27547 1.9095 1.8477 0.82417 3.12581 4.72419 1.20177 2.96665 3.43782 4.8992 3.06483 3.07006 2.60404 3.72733 4.07533 2.63308 2.07973 1.34254 3.46906 2.72377 3.94082 2.11828 1.52084 0.667887 2.02194 0.958299 4.19131 4.75475 2.88448 2.23008 4.72888 1.71072 2.36479 1.59085 2.97662 0.690253 0.952412 4.95615 1.63436 3.0345 1.74843 1.36102 4.22575 3.54752 2.25384 4.4637 3.52048 3.04005 4.73809 2.94198 3.16159 2.89086 2.43758 2.03208 2.74774 1.87571 2.33435 0.960115 2.62074 2.01382 1.26477 3.01617 3.60795 3.182 3.10836 2.02091 3.96997 2.24629 2.80664 1.43478 4.80323 3.46122 2.46212 0.859818 3.64776 1.88663 3.26729 1.684 1.05001 0.572083 2.51374 2.61816 4.33075 0.758818 2.43138 0.875578 3.80804 3.34934 1.60766 1.24399 4.7253 1.39455 2.73695 3.80034 4.63441 1.84844 2.94994 4.01797 3.98395 2.3404 4.97315 3.01651 2.6625 1.71511 1.8685 3.20424 2.74696 1.58994 0.602969 0.563129 1.70605 1.18002 1.19835 2.82634 0.808788 1.14084 1.21102 3.79844 3.98813 0.678412 0.791887 1.56805 4.90961 3.67705 1.5763 4.36321 4.99514 4.5947 1.65413 3.79925 1.6518 1.37587 2.36989 3.2692 2.95582 1.63212 2.20296 4.72687 3.54148 1.84014 2.4778 1.11246 4.94527 4.80738 4.65439 3.67071 1.65498 1.15531 1.44861 2.91173 2.61393 2.57022 4.53281 4.96432 4.93033 3.07161 3.06635 1.57187 3.0416 1.04813 3.80627 1.98091 4.08384 3.31116 2.04812 2.97217 2.21642 4.41591 2.64669 2.78422 4.15153 2.00011 3.36697 2.67975 4.63891 0.890329 1.31512 2.90437 4.15564 3.72577 2.19956 
3.0
13.144 6.87891 5.85185 8.09445 4.5089 2.6092 11.9229 14.2376 3.95649 6.70796 13.5273 3.40232 7.24206 4.39659 13.7148 6.29033 7.49963 1.69185 14.4384 14.0989 3.103 11.2899 7.88333 2.71629 14.65 8.76092 7.29385 11.603 9.81975 14.3043 2.54839 14.1082 12.8527 9.81447 9.2325 4.47253 13.9043 8.50686 1.95998 11.2652 9.02105 13.8551 8.69201 3.50795 1.99008 9.58795 8.3043 6.73339 1.81156 14.4978 2.65239 3.72986 9.04423 6.30838 13.3849 4.72118 11.2739 4.85448 10.2547 10.2323 7.95512 10.821 7.17874 8.39011 3.87575 9.29321 8.79483 13.4105 4.9947 4.36747 3.2676 3.52016 9.90267 10.5723 8.09182 8.06439 3.65592 7.85015 13.644 13.0504 14.7331 1.84972 6.73187 2.37609 12.3651 7.27875 13.3923 6.49443 1.9881 1.56739 5.6868 3.26328 1.56939 4.09217 3.24523 1.73095 13.5565 4.21041 11.8077 5.1071 12.6991 14.8553 8.01456 8.16931 10.4944 1.94136 4.19383 8.85518 14.0052 6.8307 10.8976 13.79 7.30072 9.60956 11.9358 3.99973 2.77153 12.4255 12.6582 2.5601 7.06633 12.1354 6.23456 7.9305 2.90251 4.01319 13.1828 2.22405 7.49952 9.76944 11.8951 14.1628 11.8853 1.63016 9.91209 13.9689 10.3257 12.727 6.19503 11.4407 5.12715 8.54775 13.1464 12.9651 7.06222 12.1972 10.128 6.21476 11.1681 4.21891 10.7274 6.28164 8.66851 8.72723 7.52252 7.99525 14.7682 8.1 3.59405 13.1771 11.0708 3.48177 2.5359 4.58018 11.8697 11.8475 4.21391 8.26464 4.56191 6.37714 13.0224 8.15828 13.9349 9.39002 11.3891 3.05305 13.5766 7.09068 13.2773 10.287 1.65824 3.37464 1.9374 9.36184 4.84082 3.44493 1.65516 7.7457 3.55377 14.9891 6.7488 6.11199 14.8973 6.16699 4.06386 4.76336 2.41758 2.65852 14.7162 3.99143 11.0049 6.52274 13.333 5.12194 7.16519 13.6169 1.54179 5.49558 11.9139 14.8261 12.9576 7.63423 6.54396 14.8541 2.41818 8.84285 9.51564 7.8235 4.21695 4.99689 7.22045 10.9377 12.5845 1.76519 1.86746 14.4528 9.66785 13.0185 7.74289 3.20975 12.7576 12.6736 2.59277 2.47788 12.5137 8.72269 2.87854 6.35823 11.4383 3.1987 13.1558 11.4978 7.3478 6.82591 4.8261 14.3642 9.59214 7.10618 12.0116 5.83109 13.7723 4.59071 13.8031 10.3236 9.20611 2.5874 14.6308 14.275 12.3917 11.0537 5.50831 6.64353 11.7194 3.92487 1.89964 3.23978 5.6814 12.1283 2.95919 7.61468 6.32964 8.03282 13.8949 9.75804 14.7316 6.5835 3.2042 2.35767 2.17415 11.8727 4.03355 7.86893 11.8657 4.89593 1.91029 1.64498 9.88597 6.24368 7.09808 7.87745 5.13418 4.47858 7.82523 10.5977 13.0251 13.4482 13.636 10.4887 4.6831 8.78359 6.61508 4.75736 10.3845 6.83268 9.73497 4.8173 5.99778 9.28026 9.07654 4.03256 7.67161 9.2026 6.67258 10.2714 3.52149 11.3081 8.22438 1.52094 12.564 5.61346 6.44136 13.8122 7.64909 9.305 7.25381 3.70582 6.14083 8.03614 11.1486 5.08814 11.0957 5.90993 10.3779 6.52804 12.1891 1.8974 8.79128 14.9441 12.6401 7.4413 3.54013 1.83271 7.88436 3.99547 2.90601 8.80595 3.74409 9.24979 6.00142 14.191 13.3475 2.29054 5.09386 12.9394 12.5452 11.4465 3.80291 6.09693 9.07523 7.07029 3.92031 14.5845 2.72594 11.0058 8.10318 2.53909 5.24679 10.9904 4.69016 13.9652 5.25744 10.7436 8.8907 2.94751 6.40474 6.49024 5.09737 12.1732 10.5178 4.67021 13.0712 4.51535 6.51128 6.58305 14.7501 2.42714 12.2862 7.21838 4.93012 1.89574 14.3794 1.52181 10.5703 5.20752 14.6108 4.84638 4.46996 3.7735 14.9788 13.3396 3.56919 12.2653 1.55337 5.516 7.62271 12.312 1.61757 5.26519 14.4965 1.50667 4.80711 10.5456 10.8373 5.97477 11.4977 10.5135 12.3657 9.25186 12.6908 3.338 12.0418 6.72256 2.64678 7.95115 4.85404 3.36983 4.01712 8.98382 14.9812 2.08483 4.2237 3.63708 10.5772 2.78734 12.3366 8.73918 9.92937 5.60669 13.7001 7.73795 7.73926 11.3733 4.55622 6.37888 11.7769 12.6706 5.41661 14.8187 7.65767 9.19795 5.9327 3.42444 6.99298 13.6933 10.0135 14.5081 10.1631 14.6673 12.4417 4.74705 11.9634 10.6973 8.23745 5.5394 2.87424 1.53222 14.521 14.0457 13.2026 10.2579 3.62224 13.1655 4.34803 8.27289 10.6895 5.70005 5.44095 6.32494 4.04518 1.94991 2.60417 7.85795 11.0406 7.99867 6.08748 6.91948 6.6581 7.93194 5.02525 10.3788 3.61124 14.2419 5.56711 10.2056 13.1936 4.16745 10.6316 7.05906 5.12498 5.21992 2.03305 10.9374 8.14612 12.6442 12.7312 12.1385 7.11113 2.0658 12.4543 10.2803 7.8282 3.57267 4.94459 13.6325 6.39822 14.4835 6.0778 2.00822 4.80152 14.0511 4.10469 8.46651 11.9826 5.85101 3.26625 2.57532 10.1831 13.6065 9.03182 13.9851 14.7723 10.1981 2.21013 3.56262 4.82652 2.60984 3.18354 1.83609 14.7055 9.55973 3.51526 8.49985 1.87791 6.06689 14.6796 10.7303 10.7441 3.70368 11.1652 5.56225 4.70726 3.28346 4.20169 6.07547 7.7426 2.23392 9.8587 11.1423 8.71449 9.40604 12.7686 12.9855 13.1917 6.56842 13.2219 8.7966 6.51065 11.8374 2.38592 9.66499 10.3368 8.79227 7.3961 13.0675 9.97401 4.52687 10.571 13.1683 2.17187 7.38568 5.99969 1.67989 8.18127 12.1363 11.2528 6.53395 4.80788 12.827 13.966 13.1132 9.71369 9.58013 8.54695 4.29381 3.71662 2.57078 8.25533 4.54796 7.33822 6.94121 12.4055 13.3575 7.8493 14.4008 2.94269 10.1875 13.5637 2.76121 4.14188 10.7714 12.6302 13.6579 9.67995 5.9551 5.07201 8.20617 13.3308 5.85331 6.82518 6.84348 1.53335 7.06527 5.52412 7.10704 9.08306 11.2015 9.78573 10.097 1.69588 6.97095 9.74141 13.8752 10.6957 3.5789 4.06716 7.54932 13.5747 14.1851 5.76168 13.2929 12.6766 9.67262 6.42253 7.55061 8.25344 11.4774 13.7704 11.6791 7.64464 6.22803 7.17122 7.77345 9.82985 12.9463 6.90672 10.4294 12.6044 12.5581 7.44258 4.19077 8.62791 2.96542 10.9449 9.93238 4.09612 10.9278 5.7946 3.42898 12.7854 13.5057 4.85007 3.35932 5.22074 5.31318 1.70755 11.4959 8.71634 2.33196 13.7098 14.3303 14.0396 2.53566 2.45266 12.3838 5.94818 4.57466 2.53988 2.95433 2.84957 10.2715 6.33572 4.04763 4.33445 4.17682 2.96576 4.7453 1.83261 11.4359 2.81577 10.7576 5.14202 11.2157 13.7785 2.91212 10.581 9.44235 2.99876 4.32773 12.0135 7.59952 12.8661 6.52443 7.49721 9.33689 6.00616 4.21847 8.30482 4.13947 13.0195 10.5531 3.06852 2.30738 9.21868 5.51495 5.29728 6.4962 13.1137 13.2858 2.01726 7.5678 8.39483 4.77996 12.7853 11.5018 6.66415 10.1174 9.3255 9.6175 14.6647 2.28192 13.0387 6.85646 7.25772 4.21558 12.6351 6.87549 7.39838 7.59797 5.63996 14.7003 9.85885 7.06149 8.52238 9.68973 11.95 8.09199 1.6969 3.56023 9.49075 1.86501 5.14837 14.7214 5.27591 8.26757 7.92984 6.17151 9.79155 4.85546 14.7834 9.70411 13.9288 4.99613 14.1341 11.1747 7.94545 8.44709 9.20714 8.57834 12.9259 6.61987 11.0175 6.68747 9.98886 8.77956 13.4835 9.00057 3.49309 14.9298 11.4125 13.7512 8.99154 9.63354 14.1105 7.22757 13.1831 10.5189 7.36391 1.65286 7.11281 2.72118 5.54519 2.87577 4.86959 9.0099 11.591 9.12188 14.0326 5.35167 13.1036 7.05545 5.11539 12.6585 7.82516 12.4018 8.25781 6.97176 11.2355 13.38 6.41651 5.83143 12.5221 12.6969 9.80312 13.5813 7.1744 12.8504 7.82057 7.85924 4.94953 5.49451 7.74747 14.5236 6.46259 12.1142 4.92054 7.7646 9.1491 7.26113 12.6651 6.65142 8.85076 14.5999 10.2234 10.3651 3.77426 4.51464 4.4315 8.36689 7.57309 5.0264 9.39367 4.7516 10.8024 14.2709 4.90502 9.53745 5.49709 4.78708 1.8723 3.64074 12.1225 12.8657 5.48258 5.78628 7.64853 9.20914 4.37008 5.10347 4.497 3.15123 6.03101 9.15777 3.61133 9.18789 3.73643 11.6678 3.89995 4.06817 3.19322 8.15809 7.30244 2.69599 7.70301 12.297 12.7288 3.09229 9.06928 12.1707 5.6218 9.6678 4.50238 8.24239 3.89217 6.5563 5.77265 4.74697 4.97718 9.25855 6.86164 1.7716 2.77197 12.3466 11.3613 8.27151 13.6841 1.97873 4.87111 1.77148 10.5611 12.975 14.1437 3.50287 14.2408 7.70329 3.22795 5.72616 11.9755 2.0257 4.8604 14.489 6.47799 13.0559 7.85484 12.0701 13.3419 10.9768 12.2397 7.85788 13.5839 3.16843 2.39361 8.91594 3.06005 14.3972 6.92905 11.4828 10.5042 10.3148 9.07392 6.65791 9.94016 14.0185 11.3012 7.02311 4.21666 3.92084 4.45687 6.44945 2.91523 4.68146 10.1354 14.8397 9.38136 13.448 14.0537 12.5565 10.1285 11.1582 13.1732 6.78555 13.8654 11.6529 7.81939 7.58529 11.896 6.84863 13.0501 11.3711 1.64288 3.72173 1.52137 12.0857 12.5436 11.3524 14.1015 6.305 6.06977 11.7793 12.9831 12.5291 7.61975 2.41545 10.5436 3.40946 4.53382 8.77343 8.20293 14.1612 8.48279 6.75225 8.53006 1.91087 5.47947 4.23414 12.8473 2.73032 2.76325 5.24212 11.0826 12.6053 
3.0
10.6307 11.8212 3.56852 6.10836 7.30773 11.0854 14.7895 6.44459 1.92018 12.5681 10.235 6.77201 5.73774 2.92904 5.66487 4.90504 9.79743 6.62029 5.31813 12.4209 7.08709 14.3209 4.08416 14.5506 10.1409 9.72164 1.96036 4.79451 3.29723 6.90891 10.5472 6.5125 11.8681 10.5987 4.3304 7.23886 11.4714 13.9698 12.4998 14.9716 8.2747 13.847 7.05615 13.6867 13.4014 9.48319 12.4541 13.8262 12.7491 5.1922 11.5329 2.01227 6.46971 10.0801 5.48418 12.7342 3.36189 14.6266 5.10641 4.76153 3.92584 4.86656 14.0969 8.03069 5.82977 7.42004 11.1309 7.75693 11.5387 10.1228 4.97744 4.52049 4.35535 8.00623 7.40251 14.0775 7.62314 5.87656 11.6096 13.6456 4.34129 11.2441 9.96685 3.41382 7.44198 10.8519 3.77174 14.5276 3.97972 5.05386 11.8026 2.79793 9.48274 12.293 3.40733 12.8853 9.71656 9.92838 5.87936 12.2084 12.6096 7.16286 14.8705 8.82707 14.5909 13.8193 11.5909 14.5503 9.59007 6.21718 12.5465 8.51833 6.94927 4.89837 10.0631 2.51003 10.9972 14.4528 12.8477 12.2241 9.53523 7.69356 4.33712 8.78561 4.98597 14.9316 14.5837 5.72651 13.9534 14.6004 1.92769 4.69134 14.9456 9.97936 10.2074 9.1171 13.0092 1.76809 14.2559 4.63796 12.0261 11.7591 13.9353 7.46451 9.42262 2.36093 5.45755 11.9876 6.54016 9.22029 12.2431 6.35683 14.4183 7.69433 6.5661 8.78369 7.74019 5.92216 12.2367 9.81916 9.18947 6.74615 3.57087 2.85607 13.97 7.23275 12.3971 1.60601 4.23717 2.04295 4.35013 10.8009 6.19165 10.9024 3.70179 10.8689 7.58497 1.92115 14.4792 3.83545 12.3875 14.5127 14.6197 5.69856 9.86811 2.66331 2.91347 5.52857 13.3367 12.8001 10.9823 6.0429 13.2979 14.5094 6.04669 3.90517 13.7675 11.8544 1.72889 10.999 10.001 10.0428 5.64392 1.92644 8.88387 6.19313 13.0272 10.4809 4.2341 10.9519 12.6497 3.8448 8.26717 13.2096 11.7694 13.7619 10.9727 2.66616 5.87106 4.93387 9.15337 2.9969 7.94206 13.8921 3.876 14.3671 9.03584 11.5934 13.5847 7.04683 11.8723 9.49102 1.626 13.375 9.22556 10.8295 8.43645 14.3233 8.34825 2.91485 9.14189 5.40964 13.6837 10.6091 2.81907 5.7112 1.61443 1.79906 2.66942 3.22698 1.99858 2.59045 14.8548 5.3402 9.74264 10.4759 12.7453 12.1301 3.16184 9.22794 7.82948 13.7834 8.37744 11.2667 8.0364 5.35541 14.0012 12.752 5.21975 12.1309 12.8568 3.14974 12.0543 10.8342 1.9886 9.02395 6.59452 9.93903 1.70752 3.30221 7.24468 12.3284 5.9236 10.7665 14.892 2.05348 5.51622 11.5181 4.45127 2.44234 10.4911 13.668 13.0716 9.80841 10.1746 5.00057 7.75571 12.0085 13.1948 6.36312 11.6407 4.10006 12.0001 4.02929 9.69161 7.84889 13.6649 10.7874 5.05649 7.33548 8.7317 6.00311 3.33401 9.9116 6.34155 4.40722 12.5029 9.7563 7.40032 3.85743 11.2637 9.28154 3.53295 7.82513 14.0424 10.6374 8.57449 7.85672 9.90653 11.067 7.84821 13.7595 11.6429 8.86074 7.48099 3.26201 5.74793 13.1607 1.50563 13.8995 12.5796 10.3639 12.0004 5.87331 6.92206 1.87613 6.51575 2.13539 2.7118 11.9642 10.0378 12.9472 11.6763 4.9588 13.2395 8.16317 4.13474 2.05674 7.76827 11.4891 13.7106 12.9724 6.82127 12.9647 14.7066 5.18898 3.75749 3.42111 10.8917 12.0599 10.497 2.66276 4.95012 8.50881 6.95746 7.12411 3.84263 6.58013 10.7774 12.2508 12.8297 13.0886 4.077 8.35545 11.4071 4.61873 7.5058 10.6981 12.4032 7.62381 11.3274 9.04139 8.4887 6.87445 13.2916 5.42987 1.8485 13.0068 8.04306 11.9446 2.26534 12.4204 2.318 1.68182 13.8658 8.77548 8.67698 8.70654 3.7786 14.3402 11.0255 5.73055 7.95432 11.4371 3.17148 11.7651 2.89811 12.2394 12.6697 4.49833 9.06388 7.667 8.70376 8.64699 14.1608 14.6316 11.2546 2.53313 6.62214 12.3822 3.30651 14.1352 4.48554 4.19952 3.84039 8.36359 5.43627 8.69035 11.3635 4.3114 13.262 14.4315 13.7271 10.729 12.4698 12.7132 3.48026 2.47377 5.8155 7.13255 5.51206 12.1843 13.4946 6.7857 2.22954 6.42906 13.7461 9.81071 6.02365 12.08 7.11756 11.0292 2.27204 13.6603 8.64301 13.4382 12.6289 6.41724 1.6825 9.80079 1.85199 9.36923 8.67397 8.58755 12.9168 4.57775 2.04714 3.01648 10.6677 11.8938 13.0496 11.4431 7.75645 8.92879 13.2348 6.8503 7.11733 13.5005 7.36266 12.1871 10.7301 11.3032 6.96144 3.80787 6.9192 5.55223 12.8026 7.76067 10.4411 6.35416 13.0372 4.1752 13.6077 7.05029 3.74477 11.0005 3.69744 8.28563 11.6437 2.84233 12.9036 2.05219 4.21476 9.14982 5.06939 3.45686 4.48551 7.00217 10.9601 1.96401 12.2279 6.7446 5.82286 14.3626 8.31709 13.2241 8.48292 3.20791 8.50332 4.37488 3.72744 4.98802 11.3448 14.9029 5.2262 2.26462 9.05378 7.82097 9.23949 5.53874 14.0037 13.0823 7.86307 14.0909 13.1496 13.5647 14.5603 11.0458 5.60931 3.65369 14.2312 12.9119 8.65812 11.1756 6.56907 4.84552 11.8844 8.43001 14.4535 11.3891 7.75823 2.57212 10.1312 12.4347 10.8612 1.59439 8.93361 8.16199 5.02951 11.158 13.2814 10.2004 14.1579 1.5239 2.72654 6.26641 6.4167 13.3333 3.78135 13.0251 3.13052 3.98823 3.28434 7.92644 7.56903 8.38088 9.05351 3.26638 3.40004 13.2235 8.07664 12.7221 2.55456 10.7273 4.48869 11.6123 14.254 8.88093 9.08628 5.63191 9.44958 5.07922 14.1294 12.3112 8.92354 10.8506 14.1799 2.45012 4.8029 12.9349 12.2277 10.7765 5.735 12.4602 4.35357 4.07941 9.97526 13.9698 3.67891 13.0669 7.63705 11.5486 2.35336 8.19832 5.35367 5.79861 13.3288 12.2414 12.6024 4.41492 9.67099 10.8037 9.94074 13.1107 11.1576 5.08899 13.9047 10.1419 14.4144 11.1281 2.31909 5.68182 2.83746 12.2341 3.77029 3.79486 2.55335 6.4325 6.99063 8.76027 2.16585 7.11601 7.40528 14.9953 13.0401 3.67358 8.591 14.328 6.87364 10.3444 12.3972 13.8697 7.30486 7.54624 4.47886 3.73698 4.80817 11.9288 9.4919 2.8733 12.1266 11.9011 6.70028 14.2203 10.4914 4.88405 9.7455 3.98866 9.37849 8.03707 6.82806 6.27851 10.5528 8.70991 11.0511 8.79957 4.64859 9.8686 11.6762 4.44079 7.03787 1.74626 8.54083 12.9397 4.73539 14.9684 14.8889 11.9012 10.0909 5.40297 8.36243 13.4163 12.0185 9.48481 12.4056 9.5299 7.01316 9.76494 4.33139 9.30894 8.7042 3.43427 7.79961 12.2594 2.19606 10.572 11.9576 5.8434 11.946 1.86884 7.49282 7.34577 6.42922 9.07415 11.3474 8.34017 10.8405 6.41867 5.84506 4.00489 2.58358 1.76106 14.9801 6.03827 14.7975 6.70946 14.1184 5.42366 9.16949 13.9675 3.86034 13.294 10.786 2.15496 11.8164 11.1462 12.2699 1.8531 2.04442 6.15478 4.95497 13.6245 9.39883 9.33528 8.84822 14.2574 6.04253 10.8075 13.6283 3.98526 6.37047 12.9081 12.9318 6.92988 12.0954 6.40281 3.67615 4.52012 6.74594 4.54817 11.1698 11.1347 6.32633 6.75331 11.7599 1.71978 10.8888 6.59086 2.76628 8.63102 12.2678 10.4077 10.4533 2.95043 10.7261 5.78512 2.2883 12.5277 6.76359 8.09912 7.23762 10.9962 1.83752 2.92952 5.3492 3.01349 14.7454 7.06934 11.8727 1.97661 12.4198 11.8835 11.6665 14.9618 4.885 4.7671 7.14215 14.6391 14.1262 7.95356 10.9952 12.911 4.62068 6.42202 3.97422 13.5264 11.7808 14.6546 12.9357 12.4189 2.55948 5.49326 5.4373 12.0192 14.9677 4.84607 12.617 2.29319 2.75385 7.99333 14.6105 9.75347 12.9956 7.74317 13.7548 5.19634 14.8536 6.18676 5.32942 14.413 7.23712 3.30316 14.5846 6.62537 7.13255 9.66382 4.30646 12.8968 6.34299 8.98656 10.6697 8.76698 11.3908 12.2893 14.6267 13.3618 11.3316 7.89336 14.5846 6.72753 1.73101 3.02625 10.1185 9.64001 4.05311 1.77428 11.4728 8.63798 6.21089 7.1346 14.0988 3.03134 6.52921 13.417 12.4799 5.1339 5.86955 9.24502 5.99401 13.9708 8.66705 11.4073 3.56219 9.71044 12.6296 14.8076 6.83566 2.57114 7.34885 13.7654 5.66899 7.9523 2.07386 6.91555 6.13077 8.54027 8.39616 5.95736 3.30135 4.63873 11.5975 14.504 13.6076 10.9738 4.90924 10.7808 11.4449 6.72349 12.4344 8.42359 6.33624 7.52233 12.9814 13.1265 10.8781 9.68985 14.5597 3.38945 14.2242 2.43428 2.78841 9.61486 8.35523 14.2806 12.966 14.8047 6.38695 11.473 8.55276 7.60646 5.66441 6.10282 4.81538 5.4592 10.3937 2.70961 12.3831 14.0889 12.561 6.1083 9.96662 11.1035 5.38791 2.69004 6.9886 14.4377 9.0753 2.94805 13.8766 12.8972 7.58276 3.47792 7.76818 8.55267 5.69617 10.2026 8.37753 2.23311 10.632 8.07186 14.275 9.86913 12.4286 5.48672 8.82836 8.43562 10.3753 11.698 2.05586 7.24408 11.2273 7.92972 7.14208 8.33462 5.95916 13.4774 12.3653 11.2175 12.8043 10.5301 9.18734 14.7142 4.33225 4.46853 2.25525 9.1484 8.81254 10.3859 8.06535 6.13627 14.6161 13.085 8.53919 4.72641 8.40364 1.79916 14.7617 8.63953 5.35083 5.3877 
4.0
8.88409 10.3049 14.3625 7.70952 5.70782 5.25872 19.0671 4.97315 14.3996 17.9431 7.67704 2.83864 8.23723 10.9513 2.67135 16.3988 15.1295 12.6262 8.42644 6.83715 6.83048 16.4866 15.9186 14.4686 3.38043 8.13208 11.1535 9.75669 5.77349 2.62277 14.3216 11.3069 17.8517 11.3367 14.681 11.8374 4.42569 19.3032 8.16603 9.12565 10.6219 18.013 2.72308 6.93181 19.4564 12.7051 18.3724 12.8987 6.63511 13.1298 18.9968 6.42855 3.581 16.7885 18.8569 11.5356 15.6873 11.6505 12.833 13.6763 2.79755 7.34512 9.39314 17.5551 2.91247 13.8321 13.2881 2.90755 12.1228 12.5469 2.97309 3.25935 7.76934 19.0238 19.7552 10.6624 15.8289 11.995 17.6687 3.40745 15.5273 7.96622 5.0754 15.7126 14.1791 2.26895 18.993 6.38951 13.2529 19.5896 13.1491 3.48503 18.6647 12.9748 10.7618 11.9003 14.2963 16.3133 9.04745 16.9857 15.7414 19.2945 4.45444 3.11313 15.2774 5.844 3.62368 14.2238 7.06483 3.03462 11.0757 13.3538 11.5721 5.47515 2.62429 18.1351 18.2279 18.1749 19.5167 17.2741 17.2991 10.8853 14.3005 19.006 3.99635 8.91756 15.4166 6.52612 17.8055 5.43727 7.51948 7.39755 10.0456 10.2356 4.52349 15.9357 16.6538 9.97665 18.3758 11.5689 15.1967 10.922 4.55613 10.1762 15.108 11.1309 9.30268 13.4013 12.1529 19.1383 5.56504 8.94292 14.1196 2.10816 2.68328 12.8221 2.73592 6.46394 6.7939 18.6261 2.81437 9.99585 2.96212 6.7283 15.6222 18.4442 4.04088 4.48536 5.47864 19.5597 13.2563 8.41045 2.57917 19.6399 17.52 11.3233 7.04533 9.54268 2.4671 17.4766 9.20196 13.1758 16.2222 18.6593 9.08052 11.4634 2.89079 12.276 8.14926 2.78923 8.77732 16.4035 18.2697 10.9155 14.3305 18.8231 6.87991 13.3795 12.8146 13.0304 3.40413 15.366 2.70724 4.22104 15.8892 8.0563 10.8244 12.253 18.8671 18.4543 11.1713 8.58587 3.44497 7.68858 18.5199 12.1963 8.62041 4.79124 5.71361 11.4701 16.8244 16.9535 13.6977 9.07127 10.6905 13.2575 13.277 18.7868 2.05001 8.88514 13.5997 5.3488 6.15484 6.80282 12.3677 10.233 6.12586 3.92343 12.7741 4.43331 6.62843 16.7445 8.16633 17.2139 5.77426 9.46291 15.4369 9.83673 2.2499 3.56644 4.13959 7.26663 10.6718 17.9016 18.3333 10.8523 4.16793 10.218 14.1514 6.98399 9.18586 9.18964 16.0987 8.72822 19.5276 13.9125 7.07422 13.4383 8.61078 11.8786 11.1206 11.3419 12.9567 16.4266 17.9005 18.1051 7.90434 6.66966 9.8992 14.3732 16.5519 12.8986 11.3539 17.2875 10.924 14.463 5.90931 4.97899 10.3656 19.1276 2.00051 9.03912 8.16313 8.9063 2.96142 5.96617 5.39145 13.3721 16.8606 12.5888 16.9877 13.4437 7.06309 16.4661 5.05143 8.64893 8.51937 2.26394 18.372 4.86449 4.78025 11.1082 7.18172 3.53224 6.73879 7.91437 6.13579 19.3522 18.0986 15.6938 10.5192 9.45205 4.56859 3.83633 4.67976 11.0332 19.7847 7.3699 7.68779 10.4933 10.9578 18.1962 19.2225 3.0255 15.2478 17.3032 18.6847 17.6944 17.8658 12.9543 8.53641 8.98785 2.90065 3.85371 2.86675 19.8464 7.87405 2.2888 6.18441 13.1683 11.021 18.2487 9.43686 10.7916 2.29711 13.5195 12.256 8.95306 13.1129 14.7564 8.4302 3.22259 5.79407 16.5317 15.6035 5.91554 9.76842 7.36013 14.2006 10.9806 9.47984 19.7 2.5788 5.36492 7.02827 14.9317 15.4068 17.855 16.5365 8.31202 6.26925 16.3951 17.2437 10.9056 17.4989 4.88149 18.3248 13.4924 16.2342 4.43355 10.4375 3.45254 17.7046 18.1414 10.9951 5.62662 18.7413 6.29007 14.1657 12.1536 2.51556 7.06027 16.5989 8.28468 5.50282 15.7057 19.8783 13.1738 3.67378 9.20676 18.7005 18.645 4.91196 17.4013 19.7812 14.936 14.6578 15.5915 10.4877 4.41844 9.77921 7.62699 12.1973 12.2948 19.669 2.46573 11.3835 13.2717 17.5687 19.2101 11.4277 17.2101 9.11836 3.6205 16.1576 16.7516 3.13432 7.10482 8.11308 3.92151 17.6121 7.18512 2.53728 10.7086 3.95648 8.44043 6.09529 2.62144 4.43844 18.9262 15.319 12.2208 11.878 19.0705 9.77831 17.6295 8.55403 4.04643 2.97958 7.0177 13.3406 18.6215 15.9898 4.06598 2.06993 13.4834 18.7879 9.40394 16.1214 18.0419 10.3424 11.026 18.2382 8.7083 12.4157 18.6833 8.56901 3.65052 4.09489 5.25294 13.938 15.0251 4.04921 16.0826 13.3398 11.6859 3.51386 5.31269 6.6622 9.36908 11.0006 2.17497 19.6346 9.35481 19.7347 4.26713 18.0035 10.6056 14.8188 2.80451 9.9346 14.3811 11.1231 4.84816 3.64089 12.3293 4.90163 7.50948 9.23802 3.05459 10.1363 5.13145 3.82576 10.1624 8.60624 2.44638 12.7962 2.77993 2.68453 6.71028 10.3685 15.554 17.8611 7.81375 8.35009 9.12534 9.99224 9.3694 18.1247 2.07886 10.2769 11.776 2.86644 15.3715 12.9594 10.2588 8.98131 18.2358 10.7584 16.8871 17.7742 10.5603 7.02302 7.56762 12.3434 16.7469 13.6151 19.0148 16.701 18.0439 7.51818 8.69787 8.12013 12.3565 17.173 8.76397 17.709 12.5332 5.5396 6.93834 14.2111 10.1294 8.88589 13.4007 12.0319 3.64687 18.3029 16.6384 16.4928 10.2503 8.94653 17.2761 13.3107 15.9603 18.0059 4.8819 11.3049 17.3225 10.3981 12.7501 3.33019 19.5541 9.18991 7.66082 16.4366 18.1662 13.7455 19.6154 8.25551 9.06325 2.60121 16.5493 14.6128 18.1183 12.0666 19.0209 17.3682 15.2258 11.5522 13.8772 9.48087 9.83022 16.6238 17.8961 14.3026 12.9316 16.7829 12.4045 14.0963 18.5674 14.9749 9.87442 12.7822 13.7713 7.8221 9.49428 7.90955 8.00801 5.58496 12.7175 6.85595 19.0851 10.8488 17.7873 6.25226 6.54142 18.9374 2.23845 15.6347 13.5116 13.0534 10.3753 8.32349 4.06749 17.1451 12.7263 6.52746 17.0364 17.4995 14.4754 3.6761 15.2951 14.0622 7.86945 2.97749 15.5414 12.4844 11.6032 19.2031 3.54121 19.8951 8.17945 16.699 3.85323 17.4012 4.24718 8.62389 7.02939 8.31364 6.91509 2.41331 15.2923 7.09979 15.0424 16.4708 17.6889 14.063 16.5061 15.0851 11.7214 2.74813 18.4442 4.575 8.45349 19.0743 11.4768 11.659 12.0947 5.19369 2.90212 7.05343 19.06 5.07677 19.8704 17.2956 9.50673 4.82479 19.5336 19.7946 12.3476 10.7082 3.17226 8.10788 18.7408 13.9318 19.2981 2.44506 5.05612 13.1268 10.7341 14.3977 2.3181 13.5687 18.6706 10.896 5.12531 12.1226 14.6978 12.3919 17.0466 12.9142 17.8156 10.2691 7.49344 10.7283 19.4191 18.4789 5.06953 5.13298 13.261 16.4034 12.3962 18.331 13.3912 7.94471 3.41471 17.7374 15.0717 7.8411 12.1654 4.28358 15.6693 18.2094 16.0429 5.44845 14.5238 4.31425 18.5281 18.0156 18.7937 4.56358 16.3969 17.5573 10.2779 5.73097 4.40514 7.64504 8.214 6.40444 8.45035 9.78655 3.05345 7.66174 12.21 3.08945 4.21289 11.9723 2.25643 2.65151 12.8023 3.32578 14.6479 15.6773 18.3299 7.58691 11.9968 10.3216 10.3827 8.07733 14.0142 14.2593 14.2852 13.3836 4.53055 9.98176 15.7328 16.392 19.9936 13.8198 17.4035 15.5499 14.4426 5.6935 2.54487 17.3532 13.9589 6.58802 12.5381 11.0615 11.5931 6.75653 5.43882 14.6383 7.76946 5.64939 8.49413 2.91903 7.16577 10.5699 15.6363 15.005 17.0706 3.05694 16.953 17.884 2.217 7.99351 7.13423 3.27765 3.09217 4.44261 17.8958 2.71522 12.7246 11.2091 3.37895 11.8338 16.9471 14.1286 19.5273 12.9053 9.13666 14.0821 4.43978 14.5902 6.43073 6.73846 14.7 9.9169 4.42029 11.0223 8.68299 5.48921 5.31926 11.3089 13.8375 4.91884 2.61056 2.34581 2.94558 9.48541 3.16877 19.9007 10.3585 9.02272 5.85926 4.13601 11.2091 8.03154 17.614 8.71013 4.60092 6.01911 7.98375 8.605 3.7736 13.065 9.16711 17.6804 14.2453 19.6139 10.5158 2.95488 8.93119 19.4943 16.5166 18.6129 17.2389 5.16467 7.2503 10.7391 13.1402 16.1852 8.32622 3.77859 7.21941 15.9169 9.29436 11.7239 9.69862 19.4469 9.53346 7.02911 17.4389 13.7404 2.61584 10.2494 15.9184 3.01897 16.1488 3.40845 5.18741 8.36572 18.0924 18.0912 4.79897 12.5569 4.55414 11.264 10.7171 3.12019 8.06005 5.82129 3.20098 14.6191 17.3021 18.8581 14.6658 17.1646 15.3624 2.67 14.5204 2.15267 19.4143 5.47911 15.981 4.22914 4.89914 2.8868 17.8622 14.4802 11.1806 3.05297 6.34366 9.85023 5.67495 2.60185 7.7142 17.7858 19.4579 18.2544 3.09187 9.10637 5.34839 5.18728 2.12087 6.10152 3.46863 13.1183 14.6449 18.8547 11.2807 13.1186 19.3572 16.7937 17.0999 16.151 10.427 16.4674 8.08463 6.33575 5.10259 6.54926 15.7024 3.94169 3.29107 7.06764 9.67322 15.1049 16.1145 19.862 9.3888 3.27361 10.4426 5.26648 7.80871 17.3794 12.4024 2.01915 4.83298 17.7355 18.8636 3.39873 15.1513 2.66121 13.9016 12.5873 5.56874 12.833 9.23611 16.2595 4.80805 4.36221 9.64704 11.3989 16.7886 13.5996 2.36642 4.34039 16.3816 10.6656 15.4472 9.03902 18.6425 8.70841 2.10861 17.566 14.5191 5.88726 10.0578 
5.0
2.51889 18.7621 15.8121 10.1943 17.902 20.4668 11.8156 10.385 18.8963 10.0175 19.8521 5.29702 20.8088 7.50133 12.7737 9.33469 3.54596 9.45548 14.2294 22.9206 5.63229 23.1428 20.4623 14.0806 22.8486 9.50844 24.8513 16.8351 15.2393 16.0688 21.4464 20.1474 11.2384 15.9813 21.2485 18.6783 5.16563 4.54661 24.983 11.5975 19.3404 4.39185 8.61807 5.70211 4.56605 13.0859 22.8765 11.5906 17.7326 16.936 12.992 21.6447 12.7887 14.7164 22.4599 3.56714 21.3332 17.5782 4.5309 10.7264 14.075 13.8911 17.7007 15.558 16.9129 22.7667 6.44201 17.2719 20.3841 22.5137 10.932 7.61803 8.73198 12.774 7.02309 8.45641 7.34298 19.0916 17.7083 12.3857 24.8027 6.16197 12.3306 17.6773 13.3208 3.51387 9.78647 11.2667 16.2761 4.87241 14.4734 23.5509 19.1289 12.4539 21.2318 18.7432 9.95469 12.4423 10.5308 14.5338 13.3451 5.39722 12.6487 14.808 18.9294 12.8439 4.59663 14.1698 18.2639 3.79447 11.0372 18.0235 3.8418 22.4507 15.447 21.961 8.97087 10.8391 7.77327 6.70595 19.7713 12.627 22.3344 4.86483 18.0423 4.37038 19.7152 3.23429 8.74755 17.9437 6.40563 6.9154 20.8703 2.90094 20.9343 6.48439 2.88725 2.51854 20.2456 16.9701 6.61195 24.7699 15.0712 19.8881 18.1568 24.4814 15.5457 22.0813 9.76458 7.92048 23.3163 17.6174 21.2592 23.5647 13.8971 21.4927 12.365 5.30305 10.5164 6.39323 14.6463 19.3186 13.2095 23.7613 9.31462 3.40275 19.4048 2.91996 14.6563 22.4514 12.2543 4.50342 11.8287 16.3924 17.9581 16.9442 12.7755 19.295 18.3333 4.76686 11.5115 5.91051 22.3767 17.4388 10.0259 6.89505 15.572 10.0271 17.5556 8.9637 23.1907 16.9124 11.977 11.2263 6.33794 14.8091 9.56706 23.9549 6.99123 3.84286 6.88356 21.033 13.2846 2.93373 8.51463 14.8361 6.28594 15.7369 16.9472 17.2943 19.5193 23.3894 18.3048 10.8862 19.9804 15.3138 20.2041 8.31442 4.39707 24.3286 17.9813 9.61345 6.98362 19.8148 13.0369 2.93802 7.43899 7.68965 4.55014 20.284 20.4395 10.9368 10.8121 11.8906 17.8756 9.44316 18.9288 23.0742 10.0824 7.89201 9.14216 9.74392 4.81521 17.9635 20.0214 23.8486 12.7182 11.0913 18.2726 15.006 20.5378 10.5257 11.9181 24.5627 10.8303 18.9539 13.0945 18.3368 16.913 17.9266 19.2201 21.791 21.8105 5.34125 23.7814 6.38836 4.94394 14.7319 22.989 10.8794 12.8152 15.1159 7.0519 13.7702 17.4353 17.6472 14.8218 18.2235 23.746 17.826 15.5563 23.1398 9.78706 9.51528 11.5506 4.17134 3.35592 14.514 12.8893 5.91741 13.913 3.93696 8.06683 19.0509 10.9801 15.151 9.22699 13.6271 5.28383 3.01816 3.27174 4.8234 18.8922 21.6955 22.5891 4.86152 23.0961 5.74134 9.15046 7.36066 12.7847 16.7781 23.2263 15.3726 3.56516 21.962 20.472 11.8483 7.87571 3.00971 18.6322 18.7865 23.8441 24.5305 12.614 8.81348 3.13905 2.91647 9.18053 17.9445 11.5668 19.5383 12.5121 20.7776 8.66079 19.4983 16.8878 6.86781 22.5166 9.6898 17.7352 22.0343 11.12 24.9132 7.30003 5.84802 6.41985 8.29884 11.1845 21.5521 12.3948 22.2863 19.5051 12.1626 5.86409 13.9103 3.91891 16.5024 6.29302 23.1438 9.26999 23.9153 23.3417 13.0467 16.1041 18.9125 5.90869 7.97229 12.803 24.501 6.41834 11.0796 18.5877 20.4428 9.10252 4.90275 23.641 17.6966 18.5263 23.7266 15.0988 7.79027 14.6081 16.5195 10.1613 23.376 10.3832 6.67239 17.5726 6.21597 21.2627 19.7945 6.21949 11.3506 24.5351 15.8158 4.60016 16.198 10.3634 16.6461 4.91103 20.8347 23.0252 13.1409 20.5034 23.2091 23.6479 22.6236 15.4588 15.5355 13.1873 15.7143 10.0342 13.12 21.9007 16.2159 13.2252 14.3687 21.5641 2.80589 18.6996 15.7266 19.1836 6.28573 7.84934 2.79879 5.95079 8.63602 16.2116 18.9032 20.1923 15.1289 4.50935 7.30449 20.5635 18.2469 18.0612 23.3803 8.23671 22.1581 15.8095 17.9688 4.33274 3.99897 10.2187 13.1475 6.34742 3.21225 11.7923 6.69458 24.8217 12.693 14.4585 21.481 9.00635 20.4903 10.5761 18.5447 10.2701 10.8161 24.3082 22.5966 9.5028 3.11045 17.1167 21.2077 4.7621 5.41361 14.1239 8.92793 10.4144 5.79443 12.5951 7.58749 24.0203 13.0857 21.2893 6.52855 17.2132 23.1762 16.9295 14.0195 6.82373 12.1089 9.04133 6.10035 14.9964 12.2364 21.9123 9.11027 19.5518 12.6825 4.91881 12.1462 18.3423 10.3611 19.9728 13.2033 16.3522 20.3005 19.8379 7.74764 14.2916 11.526 16.0639 20.9692 9.93481 4.74778 17.7914 14.968 23.4529 5.60586 22.6746 19.6209 22.99 9.72203 3.6738 3.3801 9.2341 23.3079 15.467 12.754 22.732 20.5801 4.23061 6.71888 17.698 6.73158 7.0389 4.8125 18.5674 17.7099 9.63334 20.1596 8.04343 23.0521 13.8105 13.6785 7.88878 13.0263 10.6791 15.7203 3.71116 11.3298 6.03686 21.3882 17.4929 24.5937 19.1154 8.28998 24.1149 7.44437 20.9453 20.4714 15.6244 11.8717 3.58963 14.7812 21.9972 14.6535 11.4971 20.9179 9.64391 19.0871 11.224 18.9081 6.41038 14.7773 15.7754 17.7668 14.322 9.23072 24.8153 9.08887 13.8227 7.50735 16.9966 9.32248 3.25733 18.6784 5.65927 21.974 17.349 10.3406 11.6483 20.9947 23.42 24.9379 9.50058 11.599 21.6069 19.1388 15.751 22.2641 22.8203 22.5208 15.6075 16.6619 5.69769 19.312 9.24556 6.77212 21.3019 14.4383 8.97156 18.4267 6.81215 2.62823 21.0054 10.5369 16.9605 9.32358 23.1323 6.75063 6.96174 12.1473 16.9736 23.293 10.6874 24.1779 8.62685 6.73721 5.3344 12.78 18.9251 17.9575 13.8374 2.74238 22.0649 21.0142 6.27555 14.9719 3.85404 8.21953 16.523 9.49455 15.8281 22.6361 12.8941 24.0128 11.4859 21.7561 6.53223 24.2699 15.8949 21.1125 3.79323 17.4706 9.91474 11.5722 16.3725 12.5085 12.7905 21.5603 5.4266 18.2503 14.3652 20.4664 18.4389 23.6265 15.6611 11.9821 12.5791 15.7785 9.08007 13.6208 5.80762 2.51295 21.9738 23.6686 4.473 5.31201 9.83214 9.31676 11.1546 11.651 15.3415 17.2266 11.4986 10.372 19.5617 12.7749 18.7987 8.86478 13.9724 21.732 7.57054 20.8035 12.1385 23.1207 17.3705 13.1909 12.2446 9.50739 10.6085 3.95885 11.7491 23.4746 13.1053 6.37509 17.9063 24.0249 8.64336 11.5073 20.4091 21.6674 3.76219 19.9936 4.89984 20.9343 4.04794 21.869 18.6004 6.58074 3.16687 3.19987 6.81186 7.21531 18.3931 13.2737 16.533 22.6123 3.88054 11.0963 13.4479 5.95605 12.9287 19.9454 21.0327 24.7662 12.9932 16.2306 8.03199 4.25544 17.1896 13.9109 8.05324 9.36815 3.5421 18.2174 10.0316 19.2512 15.7262 17.4343 13.3131 15.406 6.55526 23.9849 11.1071 12.2726 20.4612 18.5759 3.55821 18.995 6.21985 11.1465 6.6867 11.1184 13.6698 4.87619 23.4488 13.468 20.6757 9.49723 10.6658 12.9596 9.08594 2.66518 10.5719 5.09117 8.43379 8.13539 8.2321 5.36725 6.13342 9.49626 21.0783 14.4038 5.41958 3.20923 4.31509 15.4655 17.2816 22.2053 10.9447 15.684 20.1416 6.28843 10.1608 7.20896 11.0265 3.095 5.3614 17.039 24.4848 13.3607 13.0314 9.28614 17.9968 9.2435 3.74389 11.1203 17.6292 24.4534 19.0303 23.6468 17.6844 12.4389 2.87047 21.4642 5.59301 23.88 11.5512 7.15494 10.8011 17.2381 3.14429 19.4569 8.90144 11.112 5.35345 16.3668 7.25889 4.65104 20.4806 4.42515 8.37992 14.7749 16.2613 20.4333 19.7762 16.4496 13.819 21.8513 9.07268 22.2704 13.9889 12.1283 18.109 20.1017 20.7605 7.21389 19.7862 5.02277 15.5898 12.0013 23.9063 4.33075 6.32991 17.9526 15.7574 16.8502 4.53173 10.655 8.69162 12.7991 9.86291 21.059 19.4478 5.46171 12.8965 6.64848 22.4686 3.41772 5.01834 23.7917 6.96104 12.0785 6.70423 5.02486 12.952 5.77984 12.9154 7.51653 22.587 16.6808 24.3637 21.4642 10.4239 14.2203 18.3957 24.6722 6.47016 13.8792 5.74635 24.5613 3.21448 21.4996 4.41085 8.86023 10.4027 4.41111 9.38667 18.7285 21.3078 13.1128 14.5342 18.0608 14.2435 14.7629 7.80641 20.2235 23.0731 12.2239 18.5983 10.9725 17.9612 9.91578 3.4645 16.3025 12.6205 17.7245 8.95711 11.4782 4.30256 14.218 15.3317 19.9974 5.28215 15.4185 12.3732 8.73503 19.5865 12.8811 3.59042 18.0193 21.218 17.3304 17.5299 20.3897 12.6219 16.6015 24.9592 14.2859 17.1469 16.6401 20.6686 3.91912 16.7514 19.3071 11.1426 11.5745 3.70255 15.7416 9.3506 21.0955 22.52 6.52903 2.90595 21.2997 10.9143 14.9272 19.345 3.07661 13.4681 14.3979 7.27483 11.4165 14.3132 6.69636 17.1403 16.1215 7.55015 14.2658 17.86 17.4479 24.1631 20.6902 13.0818 15.4304 14.1783 5.45258 18.307 11.6377 22.8165 16.7503 22.6339 9.61017 19.3905 23.6174 13.8708 2.72857 20.1953 8.60278 10.7673 5.7649 21.6442 19.7556 23.6158 6.36467 24.8972 13.1674 21.971 5.21087 5.73497 14.8201 10.74 21.1196 20.9262 5.49169 
5.0
19.9542 15.3431 3.03632 11.9879 12.0036 12.8799 24.1223 17.254 8.57696 13.6764 18.4704 5.19091 5.34781 12.9704 10.2406 6.53253 18.3489 6.70005 7.6063 5.61248 6.99682 6.2212 8.61701 16.8242 10.6038 21.8227 23.6711 23.005 14.6248 3.79113 13.3505 11.9932 7.89195 22.2741 22.8665 10.1104 17.0844 22.1924 6.86734 11.3163 17.1854 19.4512 8.35601 15.7879 21.6747 7.19961 5.47077 9.17289 3.7084 10.8895 22.3761 6.26603 19.5342 10.883 20.515 12.8601 5.3934 13.8589 8.9734 7.02032 24.1592 14.2676 2.70471 18.5326 5.46122 14.5853 19.8667 2.77572 3.04653 3.11672 17.0192 15.2674 13.1268 13.0966 20.9334 23.134 17.4618 4.3405 18.262 17.2542 14.9297 6.19376 19.3214 8.82624 7.83258 15.5299 14.7347 11.6097 21.6897 21.0472 16.1861 21.0902 12.266 7.61504 12.5368 24.3183 8.58744 19.418 10.0521 6.67268 8.19241 23.1494 10.4898 11.7964 18.3698 10.0038 5.80003 18.4573 7.133 10.2179 23.1863 5.58265 22.6806 8.91041 6.77823 14.2167 20.0931 21.971 19.6648 15.1529 14.0162 5.74772 12.5398 20.9897 6.0802 16.7834 2.70834 3.86002 13.3059 2.85096 22.2043 12.5845 6.24692 24.0374 3.76962 5.4989 15.6178 15.1269 20.9446 17.7052 13.6592 23.032 16.0197 21.4964 8.98893 8.02497 17.0986 8.70512 6.18933 7.51633 23.0225 13.7263 21.3812 21.1336 17.4061 20.9635 7.53397 10.8483 10.5343 15.4492 15.7619 4.9014 7.87078 7.88853 18.8573 24.2785 6.42772 22.8775 15.8091 22.9831 7.74675 16.5443 23.5589 10.8588 13.7413 4.86523 12.2423 10.211 16.6505 8.90363 20.1671 14.9761 16.8538 8.22327 9.77801 8.6911 12.2978 3.72528 15.8569 7.51076 15.7834 21.159 12.2104 4.5243 21.3652 21.5565 3.093 6.62063 21.1119 22.3413 13.1168 17.6525 15.9774 12.8604 9.39782 24.1496 9.53436 13.0906 14.6881 17.33 18.3183 16.7685 17.7447 17.6611 20.0333 10.1939 7.18462 23.2192 8.36875 10.4579 5.07606 5.59737 8.17791 21.8443 21.5164 9.61267 17.2674 11.6543 8.94608 8.06234 21.0484 6.70632 7.44898 17.7783 23.7984 6.7586 19.7892 15.731 17.7853 18.6059 9.93384 3.93141 14.0024 19.6001 13.8128 9.38273 10.7641 19.345 13.564 7.83021 23.914 5.81369 14.0157 7.56013 9.89383 12.1417 17.6546 11.9975 7.92335 22.842 21.8308 7.35268 17.5422 23.1953 4.44847 9.06666 5.26285 23.0632 21.8934 20.8054 6.58452 21.376 2.94664 7.25282 19.6191 12.5434 14.9343 4.45263 16.5778 23.5401 23.364 18.9491 16.8697 12.914 11.2975 19.4766 8.06066 2.96959 19.7097 9.94781 18.445 6.37401 7.58381 14.9912 14.977 5.93754 15.493 11.7866 20.315 21.3178 13.9185 21.9506 10.2257 3.89768 10.0536 14.7197 7.60107 21.0873 19.3445 15.1831 24.335 21.2995 3.01719 23.814 19.813 23.3495 7.84056 6.04972 22.2616 21.5281 24.3762 8.17054 19.2104 22.599 24.9641 5.72777 10.8148 23.4693 12.6952 13.2702 12.29 8.28514 2.6196 16.6198 16.7065 21.1995 13.9416 8.94546 19.397 11.065 16.9512 6.88693 2.72464 21.8003 3.44118 12.9761 4.96226 19.6801 11.8613 3.10804 14.5333 21.2991 5.95845 17.8107 15.8639 15.9597 23.1532 8.56303 18.0965 8.73353 18.9025 12.9127 10.4143 15.4473 3.29934 17.1417 12.7277 20.8415 8.6576 12.7316 7.97166 23.6539 11.8345 10.3773 14.7642 22.3762 2.53835 22.7993 19.177 20.435 6.37349 5.10555 24.3663 17.0462 6.37071 11.4511 4.31592 17.4932 21.7547 16.7479 20.4415 6.5798 17.6973 22.172 17.3055 9.00549 17.3077 5.72056 6.19429 22.9158 22.1081 21.5676 17.806 17.8758 22.2467 9.46799 15.3 8.51785 17.696 22.9609 3.95771 12.6126 16.6883 10.1217 11.2044 17.3146 22.6371 13.1129 15.7428 9.83095 20.7947 10.2839 17.0478 16.2645 20.8967 19.5692 8.97214 24.8803 9.54199 24.4361 3.71438 7.54605 3.55976 3.63084 4.89704 5.5967 13.1127 8.47319 8.50686 21.3724 15.7861 6.45077 20.4461 19.1805 20.4142 19.8615 11.9454 24.4314 6.89151 8.25492 4.08722 17.1984 23.2219 23.4229 22.692 13.9508 23.5528 18.1884 24.814 11.2114 20.9469 17.7436 10.5999 4.88765 3.63889 12.2868 16.7579 6.52666 8.52957 9.7076 2.88817 22.7438 3.16584 12.072 24.4251 9.07549 14.9571 17.1553 5.94034 12.0055 23.8778 11.2741 3.55783 15.4154 12.4069 9.66744 22.7293 20.2085 3.95256 20.6767 10.1219 8.35778 11.0145 12.4737 8.36649 5.1278 16.8318 6.08878 12.4179 3.22015 24.2669 13.4864 11.276 7.59288 3.17695 11.9407 23.8184 9.70377 17.5202 10.9591 4.99418 14.9274 3.44975 20.5052 16.1295 21.896 19.643 21.7704 18.0937 10.0142 13.6177 19.244 18.5778 13.8977 15.2843 5.33258 22.2332 3.4854 3.98454 6.27829 19.9224 8.57582 22.7666 18.1253 5.83105 4.03705 11.1462 23.9858 11.1911 16.9407 20.1042 13.8544 8.36532 16.8693 10.5708 18.2214 11.5431 5.64841 11.6457 9.23523 2.79765 2.75132 19.8048 18.1633 9.75486 5.12862 10.3429 7.90189 8.62272 22.7111 4.80317 6.78469 23.8328 20.8366 3.14287 19.9405 8.04255 5.85053 16.885 21.9494 8.74943 17.6307 12.0069 19.548 2.76582 17.7853 20.3144 15.6333 17.3056 22.2752 3.0531 20.8158 8.93216 17.2099 18.0055 11.2708 6.61719 6.56723 3.82452 24.1388 12.6615 23.0873 2.8535 19.2253 10.2267 23.5895 23.6823 13.2486 21.2284 17.4643 4.69006 2.88637 23.3406 12.0878 24.8238 2.8723 7.36134 11.4111 7.86383 7.88997 6.19035 11.4731 11.4253 24.5166 16.667 4.08666 9.44609 4.46527 5.52013 22.4495 11.9107 5.37599 10.6795 14.9281 15.5613 5.40563 11.698 8.26606 21.844 12.8667 8.03517 8.96595 20.8425 9.66481 23.9529 14.0949 19.9475 9.78528 6.27118 7.76429 16.0122 19.0782 8.73648 22.0331 12.2451 20.0924 21.7504 3.48526 23.5878 15.7088 21.2101 14.2305 14.3303 7.82155 22.7104 13.5793 4.21201 12.3189 17.3563 19.1418 16.7591 9.1125 2.9379 6.09999 16.1085 18.4657 9.2158 5.90437 23.568 22.3703 16.0682 10.644 20.1626 12.2228 23.2494 9.34047 6.41747 16.5487 13.0093 9.91597 5.62682 7.52639 19.3246 13.0847 21.8596 12.5591 22.4912 16.9186 8.95119 14.6465 17.8276 18.3366 19.2314 12.8041 22.2404 22.7676 3.23914 6.28288 7.4 5.73773 14.1728 3.83616 18.279 17.6312 18.3279 24.2866 15.8006 15.3746 20.2698 9.64129 17.3493 17.2958 18.994 22.0059 6.39235 7.40583 8.82214 15.5479 4.96286 5.35535 13.7841 4.75771 5.25403 20.8145 9.23704 10.2602 19.0749 16.0265 11.9703 18.4234 8.91715 22.7857 12.5467 11.0173 4.3836 20.0886 8.6307 8.6705 10.2277 11.2093 15.5517 4.37653 9.75453 18.9485 20.3552 23.2984 7.33305 10.3067 3.08888 5.1223 8.76979 9.33056 14.0759 15.2099 18.2937 4.38383 3.42436 8.29976 18.4024 21.0916 21.5227 11.0072 11.3201 12.2084 14.2718 14.3735 20.8158 3.16075 11.8037 15.2133 20.6344 9.51243 24.4355 15.0113 3.28774 7.60465 17.1111 10.1177 20.4576 14.6194 18.5782 6.99256 3.76002 19.3171 16.5517 6.24839 7.12085 22.1972 10.1142 11.7424 4.51259 16.334 5.60195 8.46724 19.3027 10.135 12.2277 10.4902 11.4629 13.2737 3.68934 10.1917 6.39057 19.5462 14.5156 20.0528 4.09032 20.4014 22.3973 15.7408 17.468 15.3954 10.2557 16.7442 3.48522 8.31942 16.7962 23.3064 13.4259 22.7514 6.79963 23.4083 11.0235 13.282 22.3986 13.5494 22.2 21.164 19.0911 22.078 20.1659 23.1355 5.23994 11.3206 7.13212 24.667 23.8088 7.25907 11.3823 3.88281 10.0842 18.0076 10.9573 9.90531 9.13449 22.3383 20.2006 21.8739 21.7544 17.0053 12.9154 7.38747 7.64626 21.6179 8.38206 11.6204 12.0879 7.31249 16.4882 18.3632 22.3363 7.97348 10.7194 21.7357 15.0177 20.2528 7.76112 4.82557 3.25426 18.6382 17.4622 16.4996 4.77703 6.82101 9.4097 20.1389 9.775 4.11149 19.8652 20.5486 4.73067 23.1544 5.3119 7.79066 18.4919 5.1923 16.3636 21.6908 21.8302 16.6285 5.78465 10.7694 6.73498 20.6383 24.3716 14.3457 9.19464 22.5789 5.94574 4.06673 19.2136 15.4492 7.70724 3.6091 14.3159 6.64687 17.2006 2.80523 15.285 24.7757 12.1414 14.9432 17.8897 5.25078 14.3542 18.4905 14.3469 15.953 14.0721 19.4915 3.27046 24.1824 23.3476 20.8889 21.856 3.6597 22.3242 22.5187 9.05269 10.3278 12.1203 18.0296 5.97079 13.2012 5.57334 22.4756 7.27595 9.01408 12.0964 6.83269 14.8196 4.41848 5.39525 20.6893 12.2557 11.9798 20.297 19.3608 6.89378 3.72213 7.44032 14.1776 15.0386 13.4719 19.5766 17.1971 24.5658 16.7505 20.7328 16.5896 13.4836 4.46626 4.48512 16.4477 13.232 14.1539 5.09489 17.2701 2.96692 17.5145 12.7547 15.8688 6.08132 13.0029 6.69658 13.45 17.7129 19.7147 4.91142 20.6194 21.9875 6.32209 6.72943 3.06084 20.2495 13.8079 19.5123 4.13875 14.0279 10.7491 23.2062 5.6749 21.4891 9.89891 19.0068 10.6485 3.62605 7.31778 15.885 21.5702 
2.0
9.49485 7.18584 1.71142 6.20613 3.29479 5.29076 3.55672 7.33413 7.99718 7.74266 7.18885 8.22516 8.72816 4.44068 8.39737 4.77336 3.93208 4.75383 4.03886 5.89665 5.5575 7.97346 3.91227 4.99116 5.24701 8.3948 1.88822 6.26468 1.03101 3.52722 9.79223 2.44897 8.02536 9.93357 5.54181 7.39094 3.63293 1.19834 7.03751 4.02283 9.7491 6.52468 6.30783 1.21118 1.47115 5.46045 2.40807 5.9848 6.8115 1.25308 2.57304 5.64163 5.91496 7.33336 5.12374 9.23443 3.2798 5.42815 4.6279 8.9355 7.48275 5.80199 5.81442 9.78018 3.90793 7.1276 5.74178 6.28938 5.97967 4.48533 2.72026 9.47088 9.3992 4.99144 9.48816 2.69969 6.88533 1.55539 3.14188 1.97717 4.91897 8.26591 5.31986 9.06916 1.99155 8.90613 9.14055 6.02295 4.85739 3.09744 9.39417 4.56321 6.28996 1.57242 5.4884 1.86681 9.84205 2.07657 8.64807 9.21648 7.1098 4.39897 3.8686 5.03351 2.00071 6.03191 6.12347 5.7892 5.50552 9.9593 8.32555 7.29538 5.47399 4.07412 5.54234 7.87367 5.89456 6.72466 9.9651 9.9038 5.17803 2.88978 7.13193 4.25072 7.94497 9.48297 1.90472 5.07065 2.81723 4.2854 5.69999 4.4961 9.71316 2.00781 5.47371 4.6997 3.14693 2.98135 8.95993 5.83699 4.03157 7.97731 8.6634 8.36812 2.48609 4.65577 4.10603 7.25842 4.14637 2.14313 5.82732 9.55791 6.48002 1.23857 7.63863 7.85969 8.60515 3.7494 3.63143 4.1373 5.11303 2.45533 9.43936 7.46086 4.39464 1.20165 2.25429 1.09226 3.97116 6.62129 9.09625 9.45915 8.32836 4.98579 5.83726 8.5079 3.75487 9.68523 9.47904 7.93543 2.68437 3.837 8.18469 3.79994 9.04171 7.52349 3.56426 4.01062 8.09291 4.15873 7.71416 5.19615 3.29906 9.48387 8.51054 6.45218 5.67414 8.69162 6.65659 1.46776 7.14678 9.17957 2.98369 7.53054 5.42582 6.43243 3.50652 9.91098 3.86993 2.53316 1.732 6.1255 8.86099 9.80303 5.72224 1.57838 2.18147 8.07054 6.41134 6.08276 9.89569 4.0693 8.67605 8.76036 2.23495 8.46481 3.66045 7.82028 6.98663 7.0101 3.8544 9.71658 8.88717 2.33031 1.42604 2.18481 8.51892 4.8362 7.3081 4.65744 2.21094 4.26651 4.53809 2.55825 4.44372 7.35926 9.35252 3.9755 9.25773 2.15196 1.53493 7.21415 3.16598 6.41072 7.51781 9.7269 7.07038 6.68825 7.73852 8.92415 7.6821 8.51079 5.74904 8.36288 7.94578 4.19393 2.57964 6.81441 2.96766 6.78737 6.85646 1.71114 2.9476 1.64851 4.17302 2.47206 8.61507 9.14503 7.21562 4.20734 6.66894 1.98633 2.14262 7.30165 7.7213 5.6839 2.71765 6.37653 5.24507 8.64056 9.69676 7.13158 4.02559 1.36866 5.96939 3.5646 5.61609 5.33713 9.95334 1.07058 9.29708 5.94748 2.7436 8.91971 6.03964 1.13868 3.51506 6.61413 5.97258 8.12095 9.67918 5.62375 4.8536 5.73848 4.29456 4.00087 2.04423 5.96102 8.23135 9.37378 2.48878 7.00441 1.58967 8.81915 7.19716 3.57998 6.87184 7.11348 5.73161 4.7729 5.40857 2.86335 2.19728 1.04937 6.53906 6.01459 7.23684 1.89283 4.04499 2.24041 9.52887 4.56894 4.33838 3.70836 3.29024 6.51955 4.90343 1.72625 4.28235 2.88559 8.49222 5.76698 4.8213 9.65877 5.57433 2.37221 7.29194 8.96231 1.54033 9.43505 5.66589 9.96051 3.15926 5.36151 9.52337 4.89717 4.78993 7.61101 7.07901 4.76307 5.84615 8.11567 6.71155 6.0922 1.01592 4.07859 8.49744 1.38697 1.73445 2.65098 9.24832 1.67235 3.41111 3.98824 9.55246 3.67887 1.91033 3.18493 9.32007 5.1545 9.78636 6.58862 5.33253 9.80553 4.77191 3.99268 4.29551 8.3663 4.0208 9.20798 1.89601 3.29779 7.60441 2.51346 4.36331 9.61521 4.76206 4.48565 7.03381 9.34444 2.40536 6.70706 6.41981 8.10739 8.37639 6.85349 5.28214 9.33624 9.95982 8.66025 6.20675 9.61666 6.14893 9.2673 7.18517 1.65983 8.16554 5.44325 3.69891 7.40345 3.73385 5.1883 1.80773 1.74166 6.60818 4.21612 1.74184 1.38375 6.85459 3.81455 1.49801 8.34197 6.38648 2.58528 6.93955 1.54804 9.25401 2.56241 7.90026 8.09872 7.18748 7.20991 5.7922 6.63023 9.89462 6.79798 7.21747 9.32154 7.61172 9.65839 6.0838 3.02664 5.40877 6.81856 3.7241 6.03565 7.74841 9.51477 8.5199 1.9649 2.79884 2.08406 1.52872 7.27585 5.00063 3.73521 7.61529 6.92295 7.38741 9.69849 6.58675 5.63042 1.16053 5.25441 3.8317 1.29792 4.01752 3.14135 3.96315 2.03511 2.73456 9.84207 8.96547 1.32513 3.50279 6.24915 9.34509 5.81703 5.51859 1.20933 8.78528 3.24701 1.32767 9.44678 5.80468 9.98866 8.42318 3.36522 8.91984 4.73204 1.59762 5.229 8.81162 4.79174 2.54873 9.22308 1.99554 1.54373 7.23927 7.89188 7.49596 2.49125 7.51069 1.45706 9.02423 4.45951 3.45069 3.51423 7.16072 1.41933 2.01475 2.60851 6.04081 4.43972 6.40151 1.18906 2.04466 6.26926 9.68206 1.44245 5.99102 3.04654 6.18316 5.50501 4.3349 5.63937 7.12437 7.55401 7.86909 9.11295 2.00905 9.27782 3.42968 5.82698 5.2693 9.2249 2.10543 1.66163 3.66477 6.53176 8.45104 3.8724 6.93546 5.5298 5.20435 3.07396 8.20829 7.73105 3.00746 7.85282 2.6577 4.69285 6.63172 1.50895 5.92012 3.26137 1.20665 5.42628 4.76229 6.6941 7.95272 1.57215 6.50357 1.16123 6.91816 6.62561 2.6921 6.12592 1.21948 5.23465 4.53489 4.10348 2.28612 7.90236 1.58182 6.29948 3.6088 4.00197 1.16349 6.62671 1.49194 3.42079 9.08311 8.60115 4.30986 9.33306 1.06213 3.61672 7.76697 7.60176 6.43987 4.09902 3.66187 4.30921 2.6271 1.03795 8.65524 7.91672 2.81337 3.39926 9.54181 5.553 8.42845 1.91494 9.5261 9.93162 1.85747 5.75262 9.00212 1.39725 1.91016 3.56377 6.33698 3.60089 6.54382 6.41088 5.15838 9.30397 7.34033 6.0735 5.64603 3.81135 8.23703 6.23323 2.32698 9.53329 8.01142 5.03761 1.87484 3.17619 5.0199 5.54282 2.4129 7.06242 1.69036 4.53546 1.82115 8.07888 4.26861 9.2331 3.54729 5.7546 4.31884 5.36375 6.42151 4.96715 9.47788 7.12433 9.97528 2.77803 1.96344 4.51791 3.764 9.89691 9.33621 1.57 8.19358 3.27482 4.01586 5.92361 9.35092 3.3262 5.05103 1.31331 8.33825 1.27993 8.6431 6.41816 9.61147 2.15915 3.92396 8.59355 6.82233 7.89012 6.48765 1.98196 6.66449 8.0399 6.17592 8.5026 5.22359 9.68293 4.61769 5.21999 2.33111 2.89657 3.02241 5.59137 4.4222 1.38554 7.72732 2.09318 2.39744 9.73521 3.99864 8.72622 9.98842 2.79382 1.58668 9.89993 5.12731 2.68369 3.53477 9.19542 3.8203 5.94119 1.74222 2.50751 1.02494 8.28572 3.78108 6.0656 8.03139 5.5176 5.46686 8.83351 1.84762 2.04476 3.68316 6.78818 7.08842 4.53849 8.96018 6.5773 8.86843 5.21795 8.30714 3.05584 7.199 4.26371 8.79864 7.20147 1.38895 3.86008 4.41486 2.90894 7.9493 5.36646 5.63574 8.16327 8.50188 5.11752 1.28904 2.09198 3.19179 2.35229 1.15226 1.39606 3.10383 5.77219 1.80854 2.66004 2.18287 7.22796 6.25641 2.04076 5.15797 8.03547 2.7735 6.83523 7.97062 3.42046 6.53407 7.42726 7.2067 1.59218 6.48055 4.11312 7.03248 9.94591 1.94893 3.30594 1.13441 1.89448 7.54803 5.61921 6.16293 3.82853 3.79275 8.32904 7.1801 9.70587 8.99115 8.71537 8.61119 6.76957 6.8855 3.78213 6.20014 8.8951 4.5472 8.85625 1.46895 3.06627 9.02559 9.56558 9.18095 2.48013 8.25074 4.69577 8.30801 3.78078 5.69005 9.42598 3.00164 5.92206 5.25882 5.44356 9.068 5.15914 4.98472 4.43759 6.44679 6.66908 3.92615 4.47137 6.1941 3.30021 8.84448 5.73377 2.4691 6.95045 9.13028 9.16955 3.0247 2.07459 5.48337 2.48848 7.70207 5.82038 6.84684 1.05349 2.4291 5.2936 9.0949 4.14765 9.22274 1.45202 4.97471 6.12005 7.69524 2.12823 2.80212 3.91067 2.56434 4.68142 4.41121 5.45403 7.66733 8.77805 9.8579 7.46185 4.97902 9.80142 8.37731 1.08457 9.13362 4.39017 5.09512 9.95181 7.95052 3.60564 6.99281 3.09166 8.46403 4.2282 8.62681 2.22899 3.9569 3.68242 9.10154 9.96254 1.4979 9.09119 1.7964 6.32103 6.48319 8.95874 4.34658 9.19813 4.68165 1.98256 7.37789 5.16629 9.28412 6.4942 8.49541 7.16954 6.45649 1.02905 1.02607 9.59521 1.89678 7.52494 3.01514 7.22446 1.89608 6.64969 4.97666 1.56183 5.40337 4.75759 2.8977 8.04362 2.59431 4.97471 3.99658 5.6252 2.44386 3.91322 9.73501 4.24724 3.80289 9.51451 7.58409 9.68082 4.47865 3.52129 3.04422 7.25147 7.81913 6.07858 6.419 4.94211 4.30136 3.96358 5.84287 5.37485 4.62359 7.94448 3.06287 1.17181 2.80143 9.76816 8.4741 7.19472 8.76779 5.27677 8.90922 8.1635 1.97686 7.1533 2.68182 6.15372 8.51189 6.79594 7.38368 1.47297 9.19693 6.82144 8.93595 1.41617 7.21242 2.69736 9.39423 7.39971 7.71482 8.00315 7.00759 2.97458 3.95994 1.82026 3.0314 1.21834 1.43038 9.75104 3.7942 3.00604 3.46674 8.06663 4.51839 5.66005 7.90279 6.48371 4.39484 3.47871 1.20456 8.07018 3.41138 2.64405 
2.0
8.27413 2.60864 9.41412 1.60115 3.23119 9.58088 1.48492 2.57883 9.34955 9.46884 5.73339 7.06517 1.43685 6.27948 3.90311 1.71615 7.56523 8.33472 5.04376 6.05852 7.69853 2.45825 3.28879 2.88951 5.74535 3.71313 3.30881 9.47728 9.53777 5.19013 9.94076 6.06217 4.236 3.34686 4.49285 5.15875 4.65869 4.39774 2.22537 5.15863 2.03904 7.25465 6.50715 3.73403 7.70677 3.51844 8.14788 3.5422 9.19578 8.02122 7.40624 5.73054 5.27765 7.41936 9.1737 4.74254 7.42087 2.33736 4.83423 6.92454 3.17591 3.56243 8.29969 5.43318 2.98602 4.78991 6.72107 5.94371 3.92386 8.41942 1.37545 8.65905 9.85385 9.90183 8.22882 5.11965 4.52034 8.137 4.67461 3.31408 8.0616 1.42226 6.94801 4.59046 5.44949 9.45175 3.71613 8.86866 3.35501 8.86649 2.34385 7.65324 3.93955 2.85522 3.33556 5.34722 8.07202 4.30607 6.45257 1.36663 7.47165 9.00897 8.00637 9.55578 6.27664 8.40883 2.82767 2.40339 4.53859 1.40958 4.41119 9.55946 2.14268 9.72888 6.73626 6.15291 9.65364 2.30372 9.26316 9.41003 7.58755 3.24671 1.6053 1.07373 2.60933 9.8532 2.37715 4.12347 5.1561 4.15918 3.71792 3.29612 4.98624 8.54995 5.9911 1.90747 3.15432 9.91958 3.15969 3.4746 5.91175 8.88112 4.33729 3.639 3.03322 9.52767 6.01492 5.89048 7.06891 8.24411 9.46364 2.59184 5.02254 4.06972 6.81295 6.80438 6.95513 8.11155 3.30498 4.41411 7.0146 2.50854 8.22444 2.0588 5.39107 6.44643 8.00436 4.35581 5.69806 1.72352 7.00764 5.93066 1.27935 1.36708 5.48432 2.7464 8.94171 4.80068 9.2047 9.2338 1.61336 6.06221 3.26819 4.72226 5.42826 5.57271 2.58796 2.67156 5.73609 2.95598 3.55137 4.20431 8.53814 2.40898 3.35622 2.43929 9.84886 8.123 1.52266 6.12549 3.48328 5.25561 6.08104 6.07693 4.77014 2.9534 3.93546 5.90833 4.69089 8.92551 7.90305 4.57149 2.94435 3.06788 4.92916 7.19249 7.43727 4.63839 7.97821 5.70964 4.70061 3.48268 9.10037 5.81227 4.73159 2.81083 9.17408 5.68022 2.76156 7.02472 2.82422 3.02419 6.44966 4.09631 4.01618 7.9268 7.00217 9.99655 8.82564 2.9845 6.71776 8.67522 7.8842 8.25019 8.45845 8.09144 8.00069 3.47672 7.54638 9.79497 4.45836 9.16102 8.58634 4.55839 7.48779 6.88919 8.71407 7.55994 1.41563 9.48223 5.77041 2.6172 2.98906 6.44262 8.90115 6.97158 7.37608 5.20166 2.08271 9.12349 6.34157 1.6676 9.07357 9.21843 2.09912 1.57455 3.29153 4.48374 3.33866 7.13215 9.11667 5.21618 7.92983 9.47609 3.1202 4.82031 3.8012 9.41928 6.71896 7.39765 1.49522 8.00397 5.75586 9.38654 3.89893 7.35449 7.50594 2.7529 7.65053 8.33091 5.6083 4.23171 4.72168 9.48335 1.42384 7.11924 6.67553 2.8072 5.31868 4.11614 6.10069 6.79901 4.37346 4.72124 5.72079 6.31324 9.01835 6.67619 2.67994 1.71975 3.09392 6.96082 4.50396 9.86208 8.83768 2.83934 9.23736 3.31652 1.29649 5.45726 8.2561 8.45195 9.66476 7.48918 7.25618 6.79048 5.04833 8.33725 6.91794 4.16882 2.15427 2.38049 1.7462 2.20052 1.40633 6.7749 1.58616 2.5389 9.98624 7.30426 8.31508 3.44083 2.30084 6.78182 6.20972 2.13124 4.37483 9.50272 6.48961 7.46844 9.66952 9.24715 6.53608 4.41021 9.82713 3.3344 3.28704 9.7807 9.84109 1.22758 2.30758 7.83806 5.15193 5.18918 9.03634 4.1429 6.16913 3.48739 6.70765 4.22748 6.71855 7.65326 6.44947 2.56576 8.91587 3.28852 3.05712 4.34411 9.96559 7.9243 2.94273 3.53297 9.38599 6.43057 2.76055 2.75909 5.15974 2.47638 4.20799 7.47875 1.31038 1.54086 6.50247 7.95161 4.40454 1.97506 8.03401 7.51539 4.47995 7.61448 3.69368 2.66141 7.89923 3.44246 9.37772 9.41076 9.62944 6.8043 1.16755 5.49137 8.44746 9.67222 7.68551 8.81586 6.57114 5.46102 9.12633 8.76004 7.21615 5.89461 7.46451 6.74238 5.57876 7.42323 2.33736 8.60413 4.74424 1.69154 3.1039 9.29024 7.02117 7.55743 9.57946 1.33111 3.20147 3.16161 1.94618 2.62508 9.24621 5.54805 7.33916 9.02171 1.89721 5.33511 4.60848 2.20585 9.71445 3.93752 4.75699 8.38249 4.03921 4.83912 5.55382 5.26234 8.38303 8.41633 4.82378 5.84833 7.74242 5.81251 4.91242 8.5227 4.33939 3.36299 3.82697 6.93503 8.28774 1.07098 4.55298 1.19099 3.68511 1.63415 2.04684 5.84182 2.63086 9.52212 6.40398 5.17472 2.66967 6.6046 7.70288 4.30388 5.161 7.83043 4.02494 9.56239 9.07424 3.4573 7.15001 5.6949 2.70973 8.33236 3.42777 6.35103 2.84549 6.72346 9.3249 2.37963 1.80976 4.20135 1.14799 1.42374 6.97934 2.07253 2.44225 1.3164 6.20369 6.86291 9.56604 9.77721 7.6548 7.35228 2.9411 6.90966 5.60287 4.65957 3.47862 7.99929 2.61773 9.87881 7.68108 6.11254 2.6961 4.766 3.91989 5.9965 6.8146 4.97661 2.38874 9.77935 6.4085 5.35402 2.23283 3.9716 6.27635 9.76859 8.35381 6.26816 9.41026 6.00763 3.39051 5.6511 4.25211 7.2161 5.3755 7.29331 3.87542 2.38808 8.56736 6.76281 6.59305 9.40902 9.9588 6.02797 8.49069 1.14885 8.96048 3.76339 9.38611 6.10574 2.76073 9.45666 7.71421 1.10076 8.86092 4.81586 6.83782 5.52324 2.28669 9.97781 1.28435 3.62697 5.97497 7.01718 1.40811 5.37711 5.8367 4.25628 1.97852 7.348 9.99545 2.87575 7.19405 2.1716 4.7017 5.3259 8.62192 5.03683 9.423 7.03897 1.56367 2.73965 1.60985 2.94204 8.34636 9.78389 3.63738 4.27079 5.03974 2.03292 3.42282 7.18409 8.09903 2.41209 1.21874 7.67922 1.43358 8.16187 7.08206 4.30806 5.4013 7.1419 2.5189 2.19388 4.22881 6.68574 5.80511 4.84908 6.3575 7.50639 2.48267 7.29355 8.21518 8.15264 6.53186 3.97396 9.91372 8.5162 4.71914 6.9837 6.37232 7.88957 4.62089 7.08372 3.36661 2.07468 1.82293 8.02403 9.00355 2.04243 5.79572 3.66612 5.12212 6.64284 2.9455 1.40601 2.1197 5.86612 5.34108 6.39822 1.70435 1.15445 9.61647 7.08042 7.07281 2.26454 5.54926 2.49891 4.01429 5.18103 2.81485 3.93489 7.44003 9.58061 8.41636 6.33144 6.83866 8.34694 4.29038 6.02142 4.15732 7.63637 1.58856 6.25597 4.60863 9.99439 5.1348 6.03395 9.9033 1.02295 9.55845 3.73209 9.40868 7.09846 4.60312 2.0359 9.73298 3.64066 3.11132 9.6714 8.23534 2.43219 6.18494 8.43765 4.96161 7.48901 9.02141 7.04001 3.50601 5.98157 6.92573 6.22418 5.29844 7.70676 5.99822 5.71109 1.81772 2.61062 6.9981 3.43251 5.23049 2.86192 2.88281 9.56742 4.95595 2.97639 3.52312 7.87928 7.65637 6.49184 2.09407 3.85392 3.15339 6.69402 4.64159 2.13832 4.77006 6.89323 1.32502 7.78018 6.59875 3.75178 9.83532 1.76815 6.19471 1.16219 6.48911 3.37301 7.19554 5.17613 1.49846 7.7895 6.36639 4.48425 1.91648 1.57899 5.57087 3.94669 1.75872 6.41291 8.16791 7.67442 3.80027 2.61698 4.33422 1.16135 5.54873 7.01622 3.81263 8.96723 7.89291 3.5807 3.58623 7.45129 5.9273 1.37214 2.9782 3.05675 2.45239 8.29123 7.67751 1.646 3.65069 6.12576 9.19037 8.38665 1.43858 3.39955 7.21743 8.68833 9.99392 8.5221 7.4568 6.69024 7.95948 8.73911 8.33287 8.79954 6.82207 4.38368 8.15082 1.78048 6.96755 3.92837 1.17705 1.89432 7.91155 2.338 3.14523 8.59004 5.20598 1.22327 2.6883 2.24584 5.52137 3.29512 5.19609 8.46137 1.40495 3.61988 2.59885 8.4008 9.21449 9.17521 8.5765 5.68666 3.72799 1.20684 1.69364 2.34444 5.92906 6.88604 5.96041 5.29796 4.46819 5.76794 7.31907 4.9156 3.2997 8.55056 7.55639 2.10718 1.99454 6.63468 4.14182 7.47176 3.22884 3.98444 8.49142 7.99612 6.94822 9.78877 8.15763 4.80408 4.70796 5.42357 3.4447 9.45654 5.68885 7.21469 5.95008 3.30241 8.8889 4.50165 3.53141 8.38017 6.99081 2.50222 4.19941 4.37037 8.40517 3.47768 1.43651 2.09878 9.98953 2.69899 9.44126 8.09038 5.94318 3.71356 1.79854 1.67417 1.37776 3.41301 1.07551 1.13866 8.06359 5.40154 8.84339 7.43826 8.85187 3.16521 5.62501 9.95033 3.27258 9.54186 7.26812 4.78311 3.80817 1.99199 2.24445 3.13439 5.3431 4.17022 8.37469 7.20096 4.28911 2.29774 1.47907 3.13882 8.88624 6.83534 8.45384 2.57425 9.17969 2.95739 9.2735 2.16555 1.17243 1.32649 3.41878 9.71569 6.65364 4.66895 2.2305 6.33557 3.2028 2.65105 5.68906 2.15828 2.86977 8.55606 4.11983 1.10391 5.03043 7.26204 9.32429 5.19535 7.91826 8.02049 2.63695 8.92472 2.33163 8.53565 2.408 6.17062 6.01691 9.84472 3.41186 5.16627 8.22728 5.49878 8.68137 2.01821 8.95746 3.54447 5.26788 7.27603 4.35407 4.80658 5.42704 4.05268 3.80189 4.97123 4.73043 4.1957 2.18581 6.97002 5.60292 9.00911 1.82866 3.1648 2.78584 5.02621 7.60471 3.83337 7.22595 8.33307 8.72906 8.45582 4.89011 8.94282 5.72269 5.30178 8.00588 8.72073 6.05344 3.81835 5.22772 4.3601 1.95263 5.31883 4.22912 9.90886 6.90755 6.47234 9.22041 6.34702 2.32969 4.09403 
4.0
19.1274 16.9793 17.7196 17.9988 7.41709 10.31 15.3704 7.71289 7.36421 2.84886 2.54565 11.8022 2.42296 9.0847 4.48668 7.60575 15.3045 2.72984 18.4413 8.02237 19.0563 18.7857 3.52844 13.9868 16.9619 3.67858 7.92316 7.51564 12.261 16.4665 10.3617 12.3242 2.68972 16.1156 6.96702 15.0129 8.84117 17.8469 10.3946 7.82478 19.3466 15.554 6.29873 17.9728 5.87664 3.29056 2.11858 6.53765 16.9628 14.8281 15.1853 5.93567 17.6395 10.2845 9.14899 18.9575 5.90607 14.8221 3.72594 12.3765 19.0097 14.417 6.7665 14.1282 2.54771 13.6981 11.643 17.059 19.3913 12.8564 14.9579 4.24642 15.4286 2.62502 9.57295 14.8886 15.1286 4.32932 15.9573 7.76502 17.9252 2.00713 16.8576 17.2665 18.4217 9.59963 2.28693 16.9966 15.4155 12.2123 7.83498 3.94262 18.7431 6.44655 11.2982 6.21707 8.94528 4.80089 2.63023 5.36959 2.75313 13.1434 2.21282 16.2691 17.3937 8.25375 18.4468 9.55603 14.7165 14.436 7.6638 9.66553 14.1397 18.2012 7.35756 17.4201 5.4178 18.0212 19.7364 18.1933 12.2279 2.15143 14.5954 12.6431 9.57809 7.52547 6.50917 7.01632 10.0346 16.7188 17.3447 8.02274 3.77042 7.98342 5.09497 13.2797 13.4336 5.35264 2.03216 6.32703 2.83608 11.8162 3.18197 19.2126 8.46266 14.5656 10.1177 19.6475 16.8006 17.31 5.07472 9.73224 10.4891 18.6622 8.38561 3.2528 12.2896 17.5948 12.2351 16.5472 9.876 18.9673 15.7356 9.94227 4.4452 12.1227 8.32333 4.7609 12.1482 3.55486 18.4739 6.89938 9.34155 4.64633 2.73909 15.9752 10.6584 19.476 16.1037 3.0453 18.9012 5.69767 6.66241 9.89406 17.753 15.4881 17.6171 18.8924 16.3108 3.56631 13.5948 16.4266 10.4381 13.2826 6.28532 6.89771 13.9377 11.7781 2.40004 4.29111 6.54571 13.2143 16.9501 10.3165 5.7451 13.0735 16.8456 6.11832 19.3997 12.5292 19.8147 2.55593 14.2089 15.8864 15.6432 14.0549 16.9818 10.0934 6.73468 19.0282 15.7331 7.32241 14.9902 5.8672 11.5976 15.6216 10.0093 5.50429 14.5663 18.6372 19.6104 11.5444 10.0423 9.4055 17.6722 12.9677 13.2172 15.2156 12.2951 4.40229 4.26741 14.5422 19.2826 18.9674 5.37123 7.04931 19.9441 12.6868 2.54607 11.6631 2.21627 5.4721 9.30598 19.7162 4.10673 19.6773 11.1394 2.16196 6.45638 5.22294 15.8076 15.8585 8.02301 12.2905 2.46258 3.92379 3.88483 8.58761 12.5866 19.1609 2.16443 16.1833 13.7505 15.5531 16.073 18.9136 13.1939 8.82991 4.27509 9.35724 16.2243 3.10274 2.57305 4.38193 18.4372 16.5717 5.91269 2.26105 4.75687 17.3019 5.7085 16.3603 18.2964 12.0708 11.4896 14.3949 2.03923 9.28513 11.8656 6.25693 16.34 8.96879 9.81367 19.4134 13.2464 10.8206 15.2844 6.87399 4.64095 13.3426 4.12964 2.72961 3.20336 13.0387 14.3494 12.2611 15.1929 12.6832 10.6598 5.6181 4.05124 11.6605 12.3808 6.06869 13.8259 5.37394 7.645 11.8187 11.4132 2.72622 4.92566 12.4019 14.6226 16.6691 14.886 18.6401 11.0604 18.824 7.54854 7.1737 18.8344 11.1726 15.7843 4.56293 10.0783 7.81801 16.1229 13.9586 12.297 7.81618 9.88279 9.34393 18.5321 4.07739 7.62173 6.34618 3.34709 19.3383 15.9075 2.61893 17.6336 16.2044 17.409 12.7945 11.2377 14.2624 7.30799 9.0066 4.40634 9.2633 5.03038 9.98365 5.05452 9.37547 14.2987 3.71192 4.85223 17.5084 12.5042 18.6694 9.13211 4.70648 14.3998 10.6297 19.6173 9.61307 3.1128 6.03649 14.9696 13.0051 7.47836 6.94807 10.1578 10.3979 10.6931 8.55234 5.64666 3.72012 5.28916 12.2521 15.406 11.0594 5.42812 7.32044 2.73995 13.4778 7.5159 2.12703 2.93672 9.89837 16.1375 5.93393 9.73869 9.06079 18.3121 6.26227 12.6327 3.54864 5.0688 4.82908 13.9609 6.88612 13.3422 13.0544 16.8512 18.7054 17.1886 16.1389 10.9693 16.9841 19.3224 4.71113 19.0895 4.35365 9.97313 11.0464 15.4874 9.47686 18.062 14.8544 13.1513 16.497 11.6998 15.6384 4.81556 11.5565 17.0041 10.6242 18.8126 11.3859 14.2377 13.2591 10.7469 10.9639 16.2667 13.282 13.9877 3.24639 14.3391 13.3631 17.9834 7.96723 16.1838 7.31424 15.3952 10.5083 5.42999 16.8694 11.0518 17.8404 11.3464 16.0358 19.724 6.53419 9.90152 4.01486 7.71969 5.84158 7.14346 19.6938 3.2994 18.8475 7.90073 16.7074 6.91167 6.69164 4.80287 4.07047 16.2492 16.8611 14.6217 11.3799 13.1251 14.5528 8.93261 13.5875 11.1694 2.10626 18.0965 4.34336 11.3462 3.50711 3.56166 10.9089 18.2906 12.9605 11.4863 5.64083 18.4663 6.53489 4.68105 11.0449 19.1436 7.87646 11.8722 11.4005 13.1974 18.9933 9.28487 3.95522 4.7258 5.11052 11.5466 18.6896 14.4887 14.595 2.91127 7.65272 2.16701 10.9511 5.80363 8.86753 2.44212 19.8862 7.6835 17.8069 15.8955 6.44712 7.23086 7.43966 5.72876 13.2259 8.85094 15.8473 9.30403 10.6369 10.4998 4.41077 13.5046 8.26362 11.83 17.5674 16.9159 4.27616 15.6571 5.13854 17.8267 15.9186 13.7454 18.2274 9.0508 2.06699 19.9156 13.6871 6.569 10.8578 15.4709 14.1587 12.9911 3.38608 13.9452 2.68041 14.8387 10.4747 2.17038 10.8664 4.6477 19.5133 18.6642 13.6561 18.8919 14.3679 18.339 17.6337 2.72596 15.3604 18.5299 9.91853 14.5497 2.31912 13.344 10.6249 5.3919 17.6991 7.32974 3.89279 10.1146 8.77245 15.4661 8.48893 3.43811 11.89 2.47262 8.9778 5.78586 3.81228 4.43985 8.4632 15.9498 5.11117 9.77951 13.9001 13.576 12.6421 4.49543 16.9767 4.47081 4.08615 10.7747 15.5672 9.72678 5.56285 19.8991 12.754 7.66961 15.3129 8.47671 2.4212 17.6249 8.45167 10.9943 4.41804 10.5053 13.7923 5.68939 14.2923 15.2183 19.7402 18.743 2.59449 15.8938 6.25645 5.79286 8.75221 8.93221 3.89306 5.76638 14.5147 12.8734 8.89724 18.0346 19.9678 4.08493 15.3867 7.88585 7.11933 3.27144 11.595 13.3203 16.0545 15.804 3.18752 2.16425 18.662 14.8698 18.6471 10.5052 12.93 12.4422 15.7306 13.4468 4.81277 11.0712 3.9959 5.18468 12.6675 7.49363 14.3982 9.40201 13.2614 3.06486 14.9581 10.9857 18.3494 12.0095 15.4983 16.0628 2.82133 4.49311 10.4525 15.3575 17.4207 9.51433 2.74284 3.86766 9.03269 8.61684 9.72899 11.8627 5.54284 7.42204 6.22668 12.2012 8.26623 5.98181 11.597 18.9686 14.9467 2.95175 5.90581 8.43569 2.32661 6.58457 8.15372 13.3375 3.28658 7.54394 19.576 3.47175 17.556 12.5385 3.013 11.6185 16.9934 3.77642 15.3511 9.77951 18.4375 13.2399 16.0336 12.7381 17.1283 14.7803 8.642 3.93957 5.69876 3.03375 2.54785 16.6913 15.7364 16.1562 19.6346 19.684 10.9155 3.3801 11.0901 11.8325 18.6999 14.39 17.2688 11.4374 5.61502 17.5198 3.62515 2.66676 9.09182 3.76903 11.7166 10.358 12.8795 7.64058 4.27707 6.14054 7.02967 17.798 7.36099 14.8784 7.44994 2.54318 18.5573 16.433 8.02863 5.11497 14.2742 11.7468 18.3292 11.8072 11.0936 10.2467 15.8553 15.9077 10.1965 19.568 19.8859 16.4572 13.8581 10.5989 7.88111 14.8291 15.0142 10.8445 7.45776 18.1288 4.89628 11.1124 12.9359 4.41391 7.73874 18.5173 5.45509 2.73452 7.55505 12.8067 13.6614 8.99401 9.98494 13.0069 7.96438 16.6299 14.2116 11.3889 15.3647 9.11499 11.9495 17.7547 13.8518 13.2794 4.50187 7.0446 11.372 6.45192 10.8895 13.2636 12.3667 10.4227 4.04882 18.7293 6.88163 3.22541 18.101 7.63918 9.24519 17.7404 3.69121 12.959 11.3182 4.11763 16.3977 3.63069 3.31346 5.02023 9.21203 17.1014 17.1856 4.6883 12.089 6.17211 3.59155 18.823 5.56696 3.16704 19.4208 2.29075 19.4589 16.4231 14.8967 15.6484 15.613 10.1001 3.24726 11.4879 13.7444 12.3102 9.94695 5.60165 19.3368 18.5694 8.5284 11.9683 14.6142 5.56746 13.9646 2.55871 3.58345 10.2597 18.6212 8.96213 12.1468 13.2778 13.7797 14.8329 16.2847 13.6624 15.7298 8.1572 5.30933 15.9141 15.4337 4.34054 9.18775 10.3667 4.75885 13.115 8.93607 9.87963 16.2828 12.2673 9.08349 7.85074 5.66695 9.18673 11.2068 10.5498 17.6016 19.2339 5.53525 8.77228 14.3205 5.92922 7.62549 5.81284 5.68648 7.96229 5.10718 2.76003 3.84686 12.0211 3.49862 4.1106 9.45932 12.4417 18.0928 16.7045 2.48815 14.6786 2.9139 14.98 18.5708 9.59455 13.7436 7.54909 13.9546 17.5718 2.21864 16.0936 14.004 13.4425 5.99746 11.5811 14.278 11.2405 5.99834 14.8012 3.1779 11.7725 17.7071 10.2226 7.16543 2.01031 11.5552 6.17015 5.55103 15.3028 13.3686 16.3218 11.8527 9.4086 15.8865 7.52691 6.72478 3.34888 16.3503 2.94367 19.4576 14.0805 9.16346 7.49783 7.04701 17.9896 14.6209 16.6611 7.83405 18.2051 8.70931 9.5502 2.7156 10.7331 14.9778 7.34604 14.9248 2.41115 7.47813 8.0333 7.3819 17.6829 11.7762 4.46035 18.6156 13.1934 17.0332 4.71937 6.25428 15.2039 14.1574 9.8469 19.0883 2.82828 7.02576 11.8446 4.70165 
4.0
4.90251 18.9624 16.2973 7.84191 10.6523 18.5762 6.76175 11.2 9.58343 9.914 16.5072 17.3124 3.81015 15.1453 3.61849 11.185 8.19552 6.26637 18.8773 12.0724 3.47559 2.73455 16.4681 11.8185 2.79754 14.7659 16.5982 15.3615 6.67191 3.29724 17.0323 12.4027 17.3388 9.61228 4.54041 15.24 13.5484 13.6316 3.26063 9.76467 2.7551 15.8669 6.97529 8.62267 15.7261 10.039 2.30152 17.5399 16.564 17.3606 19.7958 13.8116 7.14323 11.4822 5.97271 17.9555 10.9609 13.1026 11.2373 15.5295 17.4012 3.24353 18.7321 8.11307 3.41455 6.18797 17.0978 4.4529 5.61015 9.08298 2.14833 14.7724 17.763 15.2062 6.45936 3.24549 10.7347 5.89661 3.87167 5.63431 11.8088 18.1494 3.90809 7.09108 18.4396 4.87461 3.10455 3.12395 7.41541 8.82036 18.2553 18.727 12.4356 11.1595 12.5723 4.67403 9.10221 3.74096 11.7582 15.9771 12.3249 6.0045 4.99399 15.508 17.1406 17.5602 17.8403 13.7852 7.94698 5.43144 6.05288 13.9233 9.14972 6.9624 11.3123 4.74817 6.22437 15.3892 11.8674 11.0746 16.1919 17.0756 17.0929 12.1491 10.5083 9.41194 18.9615 7.25659 5.36853 8.37939 7.42932 3.49056 4.42429 18.777 4.73589 6.68794 18.9158 12.1136 19.6181 6.52775 12.2181 11.1635 2.4382 18.7939 11.8004 2.18618 8.22578 13.8018 19.6011 7.81025 18.634 9.98954 17.8151 5.58135 7.80955 17.6727 7.09639 7.17407 9.17727 3.96341 14.1744 19.268 12.1381 13.8531 5.88408 3.088 3.68146 6.46021 6.61053 3.60796 19.912 9.44083 14.1473 7.41946 18.4898 6.5643 10.9689 6.26381 12.985 17.4524 7.91769 5.22848 10.1464 18.4828 3.304 2.60749 11.0841 19.8563 10.4213 4.4259 13.3664 19.8288 18.4748 10.6283 5.03046 7.10615 3.92418 17.9316 13.5072 2.40454 19.2407 12.3413 2.46037 4.17369 8.07804 14.3326 3.53915 9.48479 3.85727 5.69503 6.04563 11.0823 18.7661 17.0414 9.51571 15.5998 10.1717 6.98039 14.2144 19.94 5.44854 9.95404 12.5448 8.81858 16.2189 3.73834 8.37171 18.4726 3.0086 9.60854 19.259 5.53226 7.31657 2.16827 16.6206 16.0573 10.0979 15.8428 10.7866 15.7371 11.6617 7.03624 19.9824 2.25524 17.9823 2.95299 4.22226 12.8177 14.4255 6.08309 7.11744 17.8454 7.88773 5.35173 10.5975 15.8304 2.34991 12.9327 15.5461 14.3572 6.84554 9.72627 15.3514 14.2864 12.8424 6.50034 15.3693 6.1041 4.0386 13.6967 17.3019 5.43456 7.57247 18.9004 13.4891 10.7167 15.6468 16.9741 18.1154 18.0454 2.56681 11.8553 18.3295 12.1759 10.1926 17.0189 16.2787 14.6935 4.80534 9.60291 9.05723 18.3461 18.3873 9.19882 5.56868 14.5414 7.31673 2.30547 17.3023 15.0084 13.476 9.44744 14.0237 4.62225 6.77418 15.9573 15.3789 14.3939 12.0837 9.42203 3.41376 17.6232 7.59107 6.79327 7.00588 18.2167 17.5612 8.16197 7.21178 16.1687 12.5167 12.1968 14.5276 3.20738 3.83037 12.2469 3.06379 15.6038 17.7321 18.1083 16.6345 19.146 11.73 4.45493 5.75991 13.2768 12.4454 10.9332 16.584 3.39541 15.8618 6.92082 2.70496 12.3233 18.988 15.95 6.92102 13.9343 11.9355 4.79421 19.8892 13.9485 11.4098 14.2191 10.6989 16.8905 18.6153 18.3978 12.359 14.2113 18.5753 7.99015 19.1998 2.57443 11.8649 17.8856 11.1877 5.30662 15.759 18.6109 6.15554 16.0117 7.79357 4.40111 4.94586 17.3493 18.7414 16.9352 18.4685 11.977 6.00179 5.73541 5.6726 2.65706 2.40437 2.23099 19.4321 2.52681 9.4269 4.48556 11.3458 12.5335 3.82714 13.5889 6.4514 11.0328 12.6889 14.7127 8.85313 18.5516 13.8818 19.8302 7.26413 12.7149 12.9359 19.1002 17.4624 8.33672 17.3292 11.9149 8.66115 5.67486 7.1903 18.612 10.7927 13.8501 19.4144 9.85042 15.7072 14.429 12.194 14.6507 5.28472 18.1716 4.9627 2.09916 7.46172 7.94175 16.7543 13.7159 9.17163 10.7832 9.97494 15.4872 5.19933 2.15856 10.5898 18.562 11.9498 11.3524 17.7236 9.61222 19.1308 5.03937 17.6756 5.85711 14.3495 8.01498 3.34815 9.75195 17.6234 2.0917 8.0896 16.3406 8.80538 8.15834 18.9511 10.2721 8.92214 18.4038 12.3578 15.4816 18.4276 3.70491 13.1936 8.53477 19.3699 5.17802 6.30018 10.6371 14.4722 12.8952 15.3907 7.30654 4.1284 18.7638 16.3762 10.7104 18.3119 18.5709 18.1078 3.66674 14.399 8.19095 13.5309 8.30901 9.90664 18.9583 8.25575 18.4156 9.14328 3.20302 9.54009 2.40286 2.77473 10.9514 2.687 3.98247 13.3036 18.7903 13.8564 7.48275 15.4631 13.8951 16.2909 8.83407 10.5242 18.2229 12.9551 13.2184 11.5181 7.8684 16.5897 4.38263 2.37146 6.58457 8.17921 2.61654 5.95648 2.46752 8.83399 4.39411 18.0549 2.80503 4.08595 10.6794 14.2357 2.08931 17.5988 8.89642 2.64765 16.1939 19.2919 7.56274 5.72492 11.7143 18.8788 6.58762 15.8075 9.47338 11.819 2.23391 5.67554 11.1899 2.68444 17.7441 2.99733 10.312 6.93996 6.63036 3.692 6.01377 4.13743 15.6288 3.20576 11.3572 13.5244 4.31761 10.7024 10.6167 13.0665 14.3994 19.1681 18.769 16.8841 13.6476 12.4294 18.1462 14.103 17.5166 18.0868 15.2532 12.119 11.4167 17.3606 10.7494 13.2768 6.65223 8.85236 17.5942 5.96272 5.02427 19.2194 10.3564 15.1118 7.09741 15.764 12.6884 5.1285 19.1304 17.936 7.96346 4.22187 13.6709 2.75019 6.07771 9.15462 14.8144 9.1174 5.41611 3.40625 11.1272 18.0895 2.98226 7.75027 11.2331 14.0189 7.6925 10.2455 17.0648 19.6314 11.8339 18.6412 13.7787 6.01421 19.6865 10.197 3.33436 10.5167 16.3094 3.91557 18.7374 3.56647 11.4909 12.1909 19.9469 17.3985 5.86337 6.86932 4.44704 5.69883 14.1808 16.7256 17.4821 19.1626 10.7619 5.35221 16.956 3.96517 4.09642 6.46353 15.9962 6.14855 15.6155 3.61336 8.18085 16.9208 7.62669 13.327 8.43071 7.87025 3.41227 2.64699 2.5648 3.09325 12.4923 10.0935 12.5202 17.2365 4.05118 11.0381 16.2358 12.4528 9.52881 4.492 19.2006 9.2717 3.3753 6.30825 16.665 18.3833 2.97009 11.7981 17.5174 18.3369 18.705 8.7611 12.8244 6.15295 7.23128 13.9299 6.03415 3.85 16.871 15.8283 5.84559 11.8848 12.1922 13.044 8.74006 8.50692 16.7479 12.9151 16.1779 4.02754 6.98023 17.6308 5.45876 15.002 16.2871 6.746 7.24622 3.32636 8.25402 15.1103 10.7562 5.24868 14.0499 9.21061 11.6096 9.29341 2.98623 2.92808 13.349 6.10056 17.2411 7.70919 9.61928 3.17864 3.74695 6.15062 10.0125 13.5717 18.2421 11.9984 10.5769 9.44046 18.4869 9.56123 7.98927 11.5575 11.6436 15.5372 12.3926 17.7165 6.82042 2.25568 13.8968 13.0554 15.7795 15.3322 19.7437 17.2942 2.80913 8.73794 9.13624 15.8857 8.7598 18.2835 12.732 18.0816 8.24465 16.5159 19.8003 16.9118 13.0037 16.0306 10.0431 4.07806 16.4321 16.1969 11.0814 12.7616 4.27284 18.2978 10.6037 17.3449 4.47309 10.0837 2.1802 5.04767 5.20477 18.7402 11.7401 12.4763 2.0492 7.27005 5.71349 10.0881 3.34581 19.2891 13.8367 3.56945 2.70491 5.23633 7.62248 19.1274 17.6844 4.99791 11.4937 17.696 5.63096 11.9454 5.58107 17.0567 7.68447 13.3878 7.18555 16.8722 7.9475 18.438 15.904 5.63514 2.81818 10.2933 11.4194 4.53 19.4873 11.9291 12.955 13.21 2.59963 4.2082 11.3927 10.4873 10.079 11.4028 17.0551 18.9377 7.11778 3.13114 16.1521 8.4191 5.33019 17.7085 6.89087 7.50437 16.0697 11.9113 16.251 17.8279 6.91075 4.15654 16.4224 10.3467 14.2939 16.0941 19.9083 12.5147 7.33599 19.614 2.29165 7.3724 15.8033 6.267 3.66615 13.5493 9.24984 8.10005 3.73075 13.1812 4.31866 6.90504 11.5486 6.7413 13.2081 10.8821 18.97 5.78532 4.30156 19.7167 6.7194 8.61078 9.96158 13.0711 12.1463 3.83029 12.4878 7.48955 15.6404 10.8589 13.2394 10.7176 14.711 4.31561 5.92066 8.43589 6.7298 19.3387 7.03199 10.4072 15.3385 14.8155 8.48372 3.03852 7.52018 7.52568 5.37465 15.3563 16.3344 18.1994 17.9345 19.3965 10.3169 18.4886 8.63036 16.0079 4.54317 13.8531 9.43738 9.07059 8.35605 19.3603 18.2732 3.12723 16.7572 9.39905 15.597 15.4294 18.463 12.308 2.17167 3.39744 11.6243 16.9172 12.9913 4.49465 18.2103 6.00446 8.37146 11.5153 16.0564 17.6656 11.2047 6.28714 13.5761 9.59849 13.3791 16.7871 6.13724 3.30143 2.36164 8.67235 3.10203 13.1856 8.94506 16.224 8.53109 3.6013 5.15932 17.7062 18.5518 8.77871 3.3467 14.138 8.39063 10.6822 5.40119 14.4806 8.06926 15.779 9.17179 8.23752 5.76525 15.7221 9.03007 6.46948 11.8364 2.94651 17.6016 16.2232 4.50928 14.1807 9.66138 11.3741 18.2318 12.8708 13.1939 16.8835 5.69012 15.52 14.6163 9.46905 4.48889 2.94161 11.1666 3.69039 5.49652 3.4255 3.45507 8.44777 17.8538 14.8199 9.18054 6.89533 15.6467 8.52606 17.01 4.76837 9.2438 6.408 15.6229 12.1246 16.2967 5.61534 16.919 3.49927 13.4057 12.3209 10.3904 
3.0
4.81999 1.61783 5.17467 1.60107 13.5914 5.00377 10.7384 12.7285 8.04459 2.15479 9.2906 13.6284 9.12058 3.79261 2.16162 8.13566 6.81041 11.0008 3.1232 4.68325 11.6193 7.11213 3.18398 13.4892 8.6307 9.1337 3.35928 12.1561 9.91936 9.95822 14.1656 7.93309 9.56471 7.11317 1.58985 14.389 10.0134 3.29674 2.28282 3.24836 5.04139 12.4509 9.72772 13.6396 7.06622 10.6217 2.63298 7.0046 4.05811 13.8564 14.2999 14.4212 14.8013 6.38817 6.71457 2.58704 6.25445 9.35748 1.61499 5.21642 3.76146 13.3207 2.78212 13.5983 9.36087 10.7961 13.306 11.0671 4.9457 14.0962 6.07622 9.63536 6.52247 11.1986 2.74735 14.5383 14.32 14.9021 11.4285 4.44122 13.9977 9.52165 5.34778 1.55785 8.70367 4.36933 3.24149 8.93198 7.73212 11.7728 1.71756 10.6305 5.53068 10.3807 9.34387 14.5985 11.8071 8.50577 13.7111 9.92737 4.48578 11.7539 9.72017 7.28351 14.7636 9.69153 14.8444 7.25059 13.5158 1.79937 10.6159 11.3331 10.8008 1.96354 6.08736 14.8722 10.7157 14.7537 14.0175 2.12383 3.85 3.73852 14.0317 4.24873 4.09016 7.08773 4.00729 10.9646 1.5231 2.21199 11.433 12.6106 13.6895 12.1893 3.99353 3.87347 12.4366 1.72896 3.12834 9.92636 3.12091 14.922 2.3153 6.72933 6.41014 8.02942 7.3288 12.2421 3.43496 5.05739 2.72255 4.29903 13.0403 2.36906 13.2869 9.39586 10.8865 7.08404 10.7311 4.63906 7.64947 13.5148 9.83925 4.10683 9.57115 5.38999 9.8524 12.3725 3.10919 4.11535 3.82367 13.9399 10.9363 7.82112 8.69897 5.34078 10.0393 3.44702 14.872 9.14475 2.16757 4.61416 10.4639 9.13065 13.8814 14.0341 6.07746 2.37061 5.94985 11.7049 12.7761 12.9759 9.34787 2.64452 7.03713 6.75522 8.60366 9.41114 10.9301 10.5345 11.2452 2.66059 10.7694 10.8894 13.0963 5.99099 4.49145 3.53983 14.6729 3.82443 9.00663 11.1563 14.4281 10.0758 7.276 8.82839 12.5975 7.35867 3.86226 6.94582 5.39378 6.47835 6.70552 14.741 3.30094 3.46203 9.37368 12.744 12.7184 2.87597 7.53737 8.39987 14.7043 6.17994 2.41951 6.09735 1.56875 12.3686 11.4695 6.36053 10.5666 10.6501 12.0121 13.952 12.9398 12.4119 13.6206 7.63857 2.55891 7.72324 9.46506 13.3685 7.41541 1.62539 2.3848 4.11155 3.71231 1.95844 4.43568 11.1107 9.30513 5.97553 3.1619 7.79585 12.2423 5.99401 9.34246 5.11031 11.155 7.33383 3.96223 13.9985 12.2471 11.293 7.15757 3.30648 3.13406 10.4099 5.88666 8.34411 4.78181 2.76362 3.57432 5.35973 5.79533 5.05982 9.48157 4.1766 1.80661 3.7553 1.54966 14.7416 11.7123 12.9687 4.46884 2.33616 10.0109 2.9288 6.22165 13.6989 11.4899 2.70944 3.35085 8.31108 4.51198 6.00212 6.20195 9.09317 9.65111 10.6753 10.8904 12.2646 13.9285 9.87099 12.2433 14.1148 3.39766 8.88834 10.4657 12.9367 6.32949 7.10449 4.7819 6.37254 5.2467 5.68236 7.80054 4.42115 8.05801 7.31569 6.35516 10.858 1.54187 14.7611 10.5689 6.81711 9.92984 7.90722 8.89387 10.7848 8.83952 14.1312 11.3752 5.75616 11.8072 8.69189 12.3899 10.3029 12.17 2.91053 14.6094 3.30411 3.04755 2.88829 12.9384 6.08818 14.6737 7.51109 12.6766 4.73782 13.8272 11.9914 7.65582 2.80647 9.61265 10.1972 6.10214 8.69713 7.84032 2.5182 2.97174 4.95323 9.75638 2.51871 13.512 14.2116 7.87219 8.62826 12.7968 12.0677 12.6434 1.61881 3.98705 4.1026 8.74841 1.61935 6.06499 3.82241 9.71713 2.41745 8.29374 12.7598 1.65837 5.79806 6.15121 9.48731 12.3376 14.1693 3.98862 8.29328 1.85404 1.72539 4.6637 5.26935 13.6673 5.89682 6.39845 7.56044 12.2237 8.33738 13.6115 4.02672 7.93241 3.69851 14.4752 5.56766 3.74071 6.44066 12.9471 13.3582 13.0593 2.43184 14.0262 2.74725 7.28714 14.0831 9.48366 10.5677 2.18559 2.27148 11.3186 8.60932 6.35262 3.2995 4.68763 2.00322 14.0463 8.14237 2.55994 8.26861 8.60798 9.23193 6.34627 4.77162 10.2352 5.52779 14.2529 13.3463 12.854 13.1256 3.11007 4.82776 5.84111 7.15253 11.9252 8.24708 6.34529 4.19947 9.91024 12.9389 14.4589 8.54093 14.7345 7.81063 5.98866 4.39158 8.75117 2.52403 10.076 14.4501 10.9489 10.3388 8.41725 1.97993 14.378 12.8683 13.8333 14.6777 11.8011 7.99734 10.939 10.078 8.31886 12.7122 8.66181 3.74566 14.2193 14.0928 8.86054 7.0053 11.3028 10.2163 5.79342 3.95763 7.43121 12.7242 9.68578 1.53307 10.5517 4.30007 6.64747 10.8325 9.94493 6.3103 10.1897 7.0048 11.9483 6.85664 8.59185 9.41221 1.90335 12.491 3.86723 5.33189 14.5782 14.342 14.0793 7.44527 9.31432 10.4044 5.25664 8.86422 2.1478 9.73945 2.65841 4.44443 2.65566 11.8387 10.1386 4.1358 5.27634 8.39877 14.3603 4.62004 14.8551 14.259 13.1097 6.98532 5.16368 12.7508 6.95934 6.18806 6.14515 11.2092 1.53131 13.0518 2.63267 10.8966 13.6098 7.55322 2.29338 6.08863 6.85329 5.64519 9.54667 5.57196 6.85672 3.36706 6.70709 2.30431 10.8126 7.49194 3.10197 5.98667 9.0225 10.9611 10.4134 10.2975 3.50729 14.3556 4.99533 9.53891 3.46785 5.65494 5.41441 3.9455 4.34483 13.0326 1.96645 13.9045 11.2282 7.93928 14.9168 1.83888 5.36623 2.72255 4.71541 5.50158 9.02465 12.0341 5.43702 3.43295 12.4446 6.27404 2.1952 5.32943 12.6507 12.3219 4.78151 9.5748 8.85879 3.80527 13.7792 10.1833 1.73297 6.15538 7.40125 5.90512 3.24239 4.69956 9.80354 4.74362 9.86773 13.5411 4.62199 3.63506 13.4072 14.976 10.9848 4.04021 2.13202 5.69711 4.74918 2.69808 13.042 8.03504 2.21239 4.79184 12.4699 12.4864 2.54793 12.2768 3.2864 6.77912 11.7159 7.62047 14.4537 3.72479 6.09803 7.20485 6.67957 7.10824 4.60768 2.14064 11.4203 3.36412 13.0239 9.24377 10.4838 12.7906 9.30048 9.42383 8.48213 4.55033 3.59955 9.73481 7.88341 6.20822 4.29967 6.33779 14.9137 9.55661 4.72863 3.62582 2.05833 3.47744 10.8709 1.76091 9.4127 5.59145 8.79936 13.3731 13.633 4.94465 13.5824 8.17159 3.23616 11.4818 3.9145 8.21819 10.4999 3.05686 5.72265 3.11258 12.2118 6.23102 7.49636 2.33988 3.01847 7.10725 11.0929 2.03032 5.12415 9.45232 8.76678 7.88091 7.58878 3.85586 14.6743 12.9893 3.97593 3.1765 9.10209 4.84989 13.6002 2.52513 4.67081 8.26155 12.1241 5.53527 11.7631 8.89816 7.75508 2.17053 4.42639 7.29068 13.2913 12.8193 1.5001 7.47164 1.76775 2.92618 13.2176 14.5316 14.4518 12.4112 8.5328 7.33767 9.43796 7.12541 4.4211 14.6645 11.093 12.594 13.9053 4.4869 13.5997 10.2964 8.056 11.6847 9.85147 8.23373 6.71625 11.4101 3.9451 9.03285 7.70149 3.86651 14.0244 3.83801 4.22349 6.75005 4.72281 12.2394 2.78925 2.60281 12.4556 12.9888 7.82433 9.82838 11.3121 1.75244 6.77093 14.1194 12.2968 7.15076 2.91042 10.0474 11.1712 4.33559 8.16065 11.0644 7.64401 2.85415 2.59772 7.66709 8.16165 5.05035 2.45247 1.97255 5.54848 3.75308 13.8315 3.95671 9.74622 12.5017 13.9129 9.60443 14.9032 13.5586 6.8663 8.22189 4.06329 5.95871 12.7482 12.1611 11.7041 11.8466 9.62096 7.70635 7.87527 7.35012 11.1472 9.37315 2.18602 14.2414 2.90854 8.36881 9.89241 8.13498 14.1986 10.9654 8.33426 14.4732 8.04133 11.5348 11.9716 7.54824 14.6833 14.9959 2.77064 10.8118 2.31085 7.4237 6.18983 13.7213 4.74203 3.07063 9.01477 8.87419 13.3428 12.5502 9.29337 7.67785 4.41796 6.43243 2.62028 14.3081 14.327 2.50156 6.02109 5.20405 12.5739 13.4258 4.68603 1.8499 11.6225 10.0893 3.80338 14.0945 1.68511 1.83597 3.24239 9.25755 14.2374 10.8759 9.83587 8.27282 10.5064 1.60338 13.0124 5.11896 6.68396 14.5771 11.5281 13.287 10.6148 12.413 3.54808 3.03502 6.20856 11.3383 14.3274 6.18022 5.82723 5.65858 6.24158 3.67766 1.8966 2.38645 1.91725 7.73646 13.4927 10.7823 8.71149 7.72297 5.15253 7.05731 7.79159 2.60101 8.6598 2.48874 14.564 5.15933 9.05485 5.69689 14.7031 11.2761 6.61943 7.33458 12.0292 8.47051 5.08607 7.43848 5.98689 3.49154 13.822 11.1927 13.4722 8.19376 3.23769 13.3545 6.75971 3.95031 9.17006 5.09173 3.77948 12.8529 14.9902 9.98321 6.99318 12.4491 9.68577 7.43023 13.6201 11.2665 12.668 6.73089 9.46274 8.37415 4.55333 8.56619 7.08187 5.73094 13.6695 9.14836 13.5714 12.5714 14.0365 13.2813 2.18261 8.07841 6.07194 9.08301 2.54833 4.0927 3.27109 5.62033 5.75638 12.1102 12.6115 5.20559 1.52281 2.31581 1.93238 11.6055 5.71473 9.90469 9.53827 13.4121 3.97274 3.94045 11.2777 3.32586 7.18291 11.5005 10.8461 13.1007 9.5485 4.3587 9.06376 8.90153 4.51112 13.9546 7.3778 4.8234 11.2716 8.90064 11.8393 9.82318 10.6607 14.2754 3.80488 3.81307 13.1086 6.955 5.61254 3.66635 8.96538 12.2308 4.98271 9.88523 10.4196 3.46469 14.8934 2.68077 2.76757 3.03134 5.68043 7.71493 
5.0
6.89943 3.46692 5.22253 5.83676 16.0082 23.834 22.7268 19.84 16.9973 24.6142 24.5376 2.62778 6.2521 5.66442 6.49558 10.7897 3.68097 14.4194 4.02123 14.8392 24.8215 16.1545 24.3628 12.2745 21.0428 5.15736 20.0652 4.67274 24.0932 8.0571 4.90888 7.56767 11.2435 13.0624 8.57059 14.3599 19.7769 16.3573 16.2538 15.5107 4.57306 16.9053 17.0402 16.7695 12.5393 15.9119 14.7122 22.6834 10.1367 9.69483 12.2956 19.1411 5.25219 9.71328 4.07332 11.1993 24.6662 11.0044 8.81967 14.9426 3.36618 10.2789 20.5054 14.6262 24.4557 17.4239 22.7236 8.85289 20.9092 4.16514 10.5859 22.0316 7.92275 3.63613 8.83954 24.8704 24.61 12.1066 7.45566 22.6527 21.2945 19.1185 5.93744 7.54561 18.6469 19.7803 20.0995 11.1926 9.91858 20.4698 17.5677 21.3389 22.5208 4.1948 18.2502 21.24 12.6992 24.3619 11.0284 5.6036 9.55433 10.7042 12.919 6.81478 24.658 18.6162 11.9573 7.694 8.51506 10.6477 7.5499 22.0387 22.6207 13.9054 24.5495 16.698 8.36404 12.1132 22.2995 23.9305 19.0271 11.0802 24.8996 5.29534 3.62943 18.8271 11.442 18.3264 8.86827 19.1209 4.96874 22.2401 22.905 17.1679 11.3989 8.9256 12.2466 11.2142 22.1773 20.469 5.47351 13.8056 24.3936 19.4605 10.0625 21.4546 7.12188 5.83418 21.0556 11.4661 20.2314 8.99219 20.325 22.1712 4.41769 11.4609 22.683 12.8197 11.2043 17.8311 22.5883 9.37955 14.1658 10.2308 10.1973 7.496 20.1207 4.08202 23.012 3.8579 19.0456 12.8897 19.373 9.72265 8.96004 23.3148 12.5481 12.8492 17.0317 14.2801 4.16697 11.5895 15.6529 8.85951 20.7513 19.8877 14.7367 12.6999 17.091 9.43801 3.98541 7.72716 17.7153 2.75046 3.87802 12.3846 12.7108 13.3751 11.6295 17.1549 24.1339 24.5341 10.8705 9.11538 16.7698 17.4125 11.2974 6.77632 24.4868 15.3565 17.0436 3.95233 8.43694 20.2309 2.52118 13.9172 20.8511 9.68354 19.4835 22.592 10.681 6.56911 19.0581 19.5157 24.8366 6.78043 7.50082 5.35037 6.2687 24.2382 6.92008 9.66781 10.1477 16.7887 12.2224 17.771 16.8882 19.2605 23.0283 20.2976 5.76872 22.4278 4.30897 16.8575 7.89781 14.134 11.9935 7.45296 14.7753 13.8217 22.2972 5.43206 23.6995 21.7216 16.0201 15.7258 6.2703 6.45032 14.067 12.1177 13.7374 9.76488 7.93677 14.7974 2.94499 19.7268 21.4341 9.44657 24.1214 6.02349 22.3504 11.609 16.7649 16.1985 10.3668 17.5928 12.3753 6.53935 22.4265 10.6571 12.7809 3.8741 21.8289 11.2305 5.31117 24.5258 19.7938 24.9139 13.5654 9.17506 13.2465 12.0163 15.027 9.88149 20.0738 24.8728 6.77315 10.5123 20.6003 6.69765 5.53072 21.8301 19.0358 5.71857 15.8274 12.488 11.1432 5.84567 22.4887 24.6839 4.37684 15.1229 18.7309 13.222 11.7423 18.2129 13.5992 4.23327 8.12609 6.6649 7.50198 22.3037 17.8464 8.21622 14.5908 22.2608 7.17486 13.8764 8.23558 16.8686 20.5782 16.545 3.3462 6.68032 9.4314 14.9124 16.7892 15.7999 16.9513 16.3938 7.1506 19.8012 10.6006 5.34644 7.59407 24.5556 3.213 22.8202 13.0652 14.7176 24.0888 9.09102 15.591 8.11927 18.8113 5.22796 18.9257 24.8222 4.03365 4.94308 21.2917 4.5777 15.9871 7.9748 22.4662 21.4458 21.4588 16.2543 21.4644 19.3219 4.99164 6.60527 16.0671 24.6216 18.5537 3.72663 15.4453 14.874 24.9289 17.2087 9.62928 16.9736 18.5784 11.3326 19.5744 18.839 7.72251 8.90224 14.0722 20.7316 3.89338 2.86068 19.7567 12.4811 7.70841 24.4385 7.95751 22.8699 24.6143 19.0859 19.6477 4.92566 9.35191 13.9386 22.2379 18.3717 20.3917 3.06523 4.46535 22.9858 10.5901 11.7501 5.63007 14.1178 7.81601 13.5576 22.9252 16.6141 21.799 3.93016 10.6139 15.9016 3.44702 16.5699 4.80189 17.4791 2.88595 3.85279 2.55545 21.0673 19.9689 20.0268 11.6152 10.667 8.50699 20.9424 11.9558 16.7748 22.9701 11.5668 20.441 14.5084 23.9089 12.5314 22.3245 6.38848 5.84754 14.4621 5.84707 8.53005 8.89662 21.3431 21.1782 18.9914 2.83723 14.1641 4.95455 24.5313 14.9256 3.59993 11.6638 12.0245 17.6684 2.97422 8.12368 18.2858 15.319 22.7559 7.30753 4.55105 2.84368 7.83876 12.7649 16.8683 11.1098 21.3547 9.8882 13.6452 24.5435 11.2697 15.275 24.1061 7.50867 3.5129 15.4357 18.9066 5.6564 12.8898 8.59783 21.6561 18.4955 20.5273 3.35468 22.5995 14.4332 6.60334 7.91087 20.706 9.53713 4.6084 21.1729 2.9168 18.7673 8.39135 14.4358 6.80101 3.42966 13.2378 4.91497 7.86924 6.09932 22.232 7.37458 2.79592 11.7655 6.65156 10.1007 7.29959 18.9466 11.646 8.97086 24.9314 17.0259 13.4478 20.8688 20.5218 16.0584 11.8672 20.1956 22.0357 5.29801 9.31974 12.2254 24.5852 9.19549 22.6376 7.05817 22.8514 4.61728 3.91361 17.9172 3.1635 3.03485 19.1284 5.0427 18.987 16.4348 20.8115 23.9308 23.5692 8.19965 13.4848 4.16873 10.9937 20.2094 15.6394 2.61536 4.39258 14.9139 9.49649 19.6775 15.067 6.1253 24.8 19.9318 6.26585 17.2822 7.89353 10.8427 7.87308 13.4339 4.8304 10.8259 10.7524 20.6948 17.2663 7.90699 12.001 16.9213 14.8856 10.227 19.8609 9.85703 3.1109 19.6425 7.03898 21.5008 22.3457 7.17184 3.68458 12.4442 22.5 14.0372 3.77608 4.92994 6.54949 7.05242 11.1651 10.8815 4.37777 17.1059 11.529 23.6527 23.1518 9.49013 16.482 17.2487 7.98051 14.8261 11.0937 9.26704 4.10671 14.334 18.5668 18.81 14.3821 18.1992 23.3221 20.617 13.2754 10.7843 11.2421 19.1686 16.1642 21.4365 3.32333 6.51005 12.6591 17.1411 3.98571 17.5468 22.7119 10.7703 10.2912 24.0594 16.7568 13.6778 3.31989 16.1905 3.63411 23.8896 22.955 12.6513 5.04842 16.1397 22.3255 10.8993 17.8087 12.5018 8.15693 23.5371 20.1027 19.8672 5.78108 9.68098 10.5533 3.01788 17.5531 5.05097 23.8098 17.0451 8.42715 12.0313 21.4204 15.3642 19.9405 20.9517 6.73959 19.5752 18.8552 16.3391 15.1178 9.91814 9.20878 24.3904 13.1244 20.0755 14.0221 10.4158 10.5542 20.0691 5.41668 20.0026 13.9669 3.50358 19.389 12.6501 13.0096 20.4049 16.4938 6.62523 10.773 9.40496 17.1854 6.28819 19.4304 3.02216 5.56713 15.6396 9.90989 19.7868 17.7989 14.3381 6.8501 14.4631 21.413 19.9382 2.58877 10.1164 24.2886 22.5996 16.4347 18.2762 19.5334 6.01688 17.9729 5.94476 2.52482 20.8193 18.153 10.7019 3.85797 6.69259 24.4105 10.155 14.4531 4.47 6.072 6.98445 16.5703 4.44528 16.2926 3.33593 19.4831 4.65557 9.27746 10.8071 21.0598 20.3853 16.5359 17.2808 19.0032 11.1409 18.4191 11.8537 15.4984 6.34589 17.1909 11.6106 4.0193 13.5068 7.88131 11.4946 17.0423 12.6 15.6744 3.52266 20.9193 2.92916 8.57813 9.09742 6.65815 23.7031 11.628 23.1641 17.8618 24.5846 6.37408 16.4635 14.5753 24.96 9.40057 7.13053 11.7909 10.6794 3.62933 10.3886 8.86199 7.01755 3.65613 12.5895 13.5746 24.1052 18.8702 3.34921 14.6274 21.0816 15.607 9.52912 3.76979 12.7178 24.5845 7.31332 13.8482 14.7596 22.3718 16.1313 4.01063 19.2427 3.14203 3.17664 8.31972 11.0274 4.45781 14.7708 19.0232 14.3046 8.33994 5.82355 20.7335 22.8221 21.3695 8.63821 6.76464 5.08205 7.57313 22.3132 11.3782 18.2589 22.8412 16.4888 11.687 14.5876 22.1297 15.6904 2.9667 3.97363 3.1948 5.5162 11.1266 21.5723 3.11122 9.42192 8.58746 24.09 3.82305 9.85043 14.8184 18.5555 5.47845 17.4573 10.2814 7.31183 8.79717 7.18192 12.5347 7.97962 7.72142 24.9148 10.7435 24.6403 3.5999 3.50983 17.3497 3.99025 7.15502 19.3928 23.1493 12.7162 16.9834 11.0156 24.5284 17.3405 8.33935 5.40564 21.6069 20.2876 10.952 9.06157 21.041 23.421 17.1252 24.4444 9.73331 10.3015 23.8705 23.3143 23.2018 3.4148 17.8242 23.1634 4.85618 5.1216 4.19658 7.99349 7.43344 13.5768 23.5048 19.6908 5.34059 12.3705 9.83909 3.74502 4.15632 12.639 19.412 5.56505 8.54057 23.8969 8.14079 8.63991 17.3024 9.83981 24.5132 10.7956 11.8758 20.3678 18.9863 12.2976 16.9544 16.0792 23.6685 17.0491 19.5334 3.98589 16.035 13.1347 5.11033 23.1983 17.926 11.4603 9.7942 14.332 13.5789 18.7383 19.5722 11.3843 12.9425 23.5684 20.485 14.8321 24.0258 6.86455 8.46036 7.2001 13.0286 10.3775 15.0547 9.84976 21.0066 4.56239 2.85277 12.2392 20.8191 17.0432 24.2761 9.90332 20.6091 15.4219 2.54899 4.90534 20.0687 5.68355 23.5729 2.50828 10.7351 19.9477 24.9594 15.3176 9.07221 4.81474 18.4708 18.6445 21.0837 4.05807 24.6194 3.33987 17.21 16.9125 23.1746 24.8487 18.759 15.7077 20.8286 12.2357 14.6185 21.5978 22.2697 23.4313 12.0035 24.6367 5.91468 12.9482 7.48536 6.94844 5.54858 23.3192 24.5553 12.7442 16.623 24.0048 3.97005 6.43434 8.46286 16.5227 8.13155 2.58651 8.63062 12.0468 8.2493 
5.0
17.7994 7.28733 22.8617 13.2118 3.2138 11.115 22.9781 7.93068 11.4018 10.0524 4.02277 14.4287 14.2339 21.2153 15.2185 10.7667 22.8509 13.3763 5.78381 23.2971 7.06711 9.20189 12.2704 8.86652 4.70337 8.98309 23.956 14.1378 4.60305 17.1105 10.0449 15.7802 19.5791 2.54345 7.42444 15.28 23.0427 7.02322 10.2285 17.119 8.06395 7.28051 9.95748 14.0732 22.6138 14.987 17.4049 13.3799 12.2378 20.7009 10.1406 2.52453 21.4114 18.0571 19.3011 23.3958 22.327 6.95064 6.93562 6.06092 12.3627 9.46546 17.6597 3.40946 8.98252 19.7961 8.36468 5.4163 20.8181 11.9145 19.7347 19.2739 6.18269 16.2301 3.31941 21.6438 10.2659 6.49496 12.9139 19.2769 19.7609 13.2025 6.49497 4.25312 18.6728 24.7301 12.4646 17.5904 9.05873 24.9766 18.9491 17.4724 7.94954 21.2434 24.906 13.3456 9.20339 6.10988 16.7864 4.63572 11.5407 22.0528 17.0052 5.33263 11.5109 2.55994 12.967 8.19524 17.6406 8.48829 2.89914 12.3249 7.01368 15.9155 12.2411 12.8583 15.533 9.23622 24.3409 9.02929 13.1136 8.25232 16.7078 19.3498 2.55728 18.0072 24.0716 2.66046 15.8596 2.61423 14.4991 11.2993 19.1978 6.82963 17.3166 2.64081 7.85068 9.11903 19.0893 17.7531 9.79998 12.4685 21.4074 18.4251 9.26361 24.1894 24.2288 23.8118 3.91027 3.46825 13.5282 17.9501 4.50587 12.9091 9.50332 21.8921 10.7416 22.8219 6.58724 4.20934 19.4934 9.50358 19.0178 23.6144 9.26362 21.264 18.2135 7.45295 24.5535 20.9461 20.7059 9.81452 11.4182 11.1894 22.8786 15.5121 22.9526 3.68873 18.7634 21.1815 18.4596 23.6963 22.1427 22.249 10.0492 3.51831 14.2081 7.01931 5.41986 3.75533 8.02676 14.1314 5.5714 8.53732 16.0632 17.1343 23.6991 3.50239 22.0088 7.43218 24.0202 10.2699 13.1668 16.8475 16.7811 21.1575 17.1454 23.5545 5.69698 2.89268 19.1058 22.6314 24.073 3.06808 18.3186 24.9812 23.3564 10.591 10.2751 18.3726 7.87139 8.8775 18.1071 14.3493 21.9844 8.03974 4.56148 12.2589 23.4522 22.3185 13.2831 4.15035 14.2008 4.00903 10.6529 9.29138 12.2862 15.1316 24.4339 14.5544 11.2872 18.0956 5.47256 11.9217 5.87912 16.6085 8.7082 9.36019 4.8399 18.0785 7.23779 3.81442 20.2372 8.76097 3.18811 17.5697 21.5477 20.4001 19.1443 6.73388 23.4575 7.11362 3.88533 13.088 3.59471 16.2722 23.6754 8.05674 21.4431 12.1229 7.86295 2.54756 9.68811 15.9067 5.0356 6.40904 14.2436 11.2202 15.982 6.25845 16.7111 8.37169 22.2102 17.9284 3.02025 8.98073 18.7729 22.2827 19.5008 17.0726 17.6492 20.6513 2.63648 17.9165 10.4324 18.6343 23.7507 3.35789 14.0761 17.0253 14.8731 9.89511 8.44475 21.1035 22.0389 23.2501 24.4226 12.0459 7.26879 8.18304 11.3284 4.20701 20.481 7.3017 12.387 19.5194 10.0852 5.11419 7.00768 12.7622 3.50742 18.5764 16.1188 6.44949 16.3974 20.3833 9.30943 19.0872 16.7667 21.2546 7.52747 23.0499 22.8093 7.46444 10.0844 10.8256 8.15316 14.8649 4.71668 23.3811 8.29387 13.1544 4.4539 16.8956 11.9597 16.6395 10.0434 6.61332 8.6585 5.24122 21.6815 4.0657 23.6558 4.49551 21.3017 6.41278 16.6353 20.7976 4.16934 4.15338 15.2902 23.1409 3.53245 18.4546 22.5966 5.09944 7.08008 21.8505 24.0186 3.30524 23.9566 23.5598 15.8948 16.1691 21.0832 15.6728 21.2568 14.096 10.035 16.4574 14.3286 7.44413 3.22656 19.5345 12.4585 3.47899 8.15199 17.6718 9.23222 21.0705 3.4333 22.448 7.51776 16.885 20.4246 23.5348 6.19167 4.32113 4.12308 11.349 19.2973 16.4401 4.63678 6.8231 3.88454 14.1394 12.9588 19.5456 22.7811 20.8219 14.7984 13.0201 23.5455 22.3077 3.71825 23.2934 9.85212 3.2408 9.82916 14.7034 9.05681 18.7404 20.2905 23.9952 4.69543 20.0452 5.36801 19.057 2.66318 7.90299 16.2977 23.5253 17.3258 7.45327 6.20696 23.5084 11.3126 10.8551 15.3416 5.17992 2.74068 11.4083 11.8502 21.9909 13.6214 5.41901 6.87491 10.2512 5.69786 18.0598 5.19839 16.8305 17.4646 6.97326 5.19824 17.7275 18.6185 14.87 14.3574 13.7588 10.6915 19.8709 24.0814 9.6174 2.61485 12.3438 22.5726 22.5494 7.46545 16.9832 12.0103 19.4002 4.14307 3.88561 18.7881 18.2805 10.2299 14.8678 18.058 6.10021 7.28113 21.2799 8.83043 20.7224 22.298 19.5625 3.3818 3.98629 16.6316 15.7973 9.71794 21.849 21.0687 23.0033 18.3447 7.89694 10.8495 14.9254 4.59479 8.9757 4.36638 5.06837 2.76175 21.6898 14.295 14.7247 15.79 16.0211 19.9066 8.74612 19.2719 22.3164 16.8117 12.8099 3.50155 22.8944 20.3862 18.4288 19.8346 19.5217 11.6286 24.4555 17.6055 18.0078 16.6989 23.8309 22.851 8.66931 16.3891 14.3268 17.59 21.4134 11.7755 22.0326 3.41091 19.1905 9.80267 13.8361 13.1145 23.5656 7.54894 2.64846 14.1644 11.1594 8.92348 19.1234 7.69362 19.7081 17.5451 6.1205 19.3181 24.9925 17.0529 7.16248 15.5064 4.88636 17.598 7.6369 4.25691 21.7735 22.2674 24.9918 16.3305 19.5847 14.6897 9.17541 23.2908 21.7029 24.0714 14.5704 6.10078 20.9885 8.91621 24.6718 5.52594 23.1727 20.675 3.25918 8.09405 7.37124 6.07766 3.31328 16.3618 17.4661 24.3969 7.42639 22.2377 13.1071 13.3934 5.95706 7.11219 9.08238 15.1924 9.17892 2.54383 19.3079 18.3426 4.67366 20.2524 19.1864 12.3059 6.21812 20.1686 5.0852 18.1294 2.9155 17.7903 4.68337 16.5488 22.3208 4.59585 4.4378 9.77338 3.81028 7.76326 7.91863 3.20264 10.9452 7.94674 11.2637 8.32477 6.57946 18.8595 19.5023 10.5465 11.9618 24.9134 24.9976 3.20489 8.58173 13.1649 4.25886 9.01026 21.5096 20.8181 11.8726 10.1714 12.9814 7.03425 22.8022 23.452 24.9768 10.2976 6.80792 16.4087 19.5421 17.5882 21.2349 13.5612 13.1067 6.6117 18.421 21.2433 21.0447 14.8347 8.97333 7.38634 3.72901 21.578 7.16441 14.9838 5.3314 14.4154 17.197 15.4878 24.1154 3.63032 4.08841 8.38691 7.97386 18.4776 17.9236 18.2159 8.96071 6.50331 10.2279 22.747 13.0666 7.17039 6.20848 3.61315 18.9889 3.5412 14.1149 18.1121 17.1457 3.26664 20.4694 10.9428 15.1839 22.632 14.9154 7.12365 8.73191 7.40934 10.9362 22.3413 21.1457 16.7666 6.1919 16.9824 20.9995 6.48326 6.22584 17.596 21.0709 10.2228 10.2904 12.0383 10.0694 10.1115 15.5415 12.0483 20.8595 2.87443 5.85271 24.506 8.92794 2.77722 3.9979 10.1213 24.845 15.1254 18.4537 20.8053 16.9699 14.0699 8.57054 9.47265 18.1507 3.46892 14.3633 21.0262 7.66753 14.5572 12.1707 10.7724 22.1709 6.67126 24.934 21.5194 9.3634 19.7815 3.34497 10.6059 20.6763 5.08118 6.61278 13.1118 11.6893 19.8815 19.1001 22.5014 4.04552 10.5638 21.5785 4.94653 12.6096 4.83849 13.3527 13.5832 19.1208 4.55986 19.0041 8.94836 3.58954 17.8485 23.5037 4.3493 22.1888 16.7695 4.44365 7.41414 5.38884 11.8183 5.13839 16.5742 7.58686 6.96178 12.3447 16.2281 19.4802 3.98745 9.85094 4.33693 6.93383 22.4083 16.6855 18.702 7.59247 11.1746 8.69415 15.6735 3.98597 23.4425 4.73702 17.5409 11.8796 13.1491 13.7541 22.3553 12.618 7.14401 11.4505 24.933 10.7136 11.6278 2.85009 2.79123 2.92889 24.1471 24.4692 13.2651 5.10321 4.89628 7.35892 8.05624 12.9731 21.0754 7.2662 6.46323 20.7375 13.0557 3.16501 8.54365 18.6164 3.60063 17.9059 19.4576 3.15413 18.8944 9.73491 16.2432 11.5166 2.62664 18.4318 3.27327 11.0328 4.38414 14.817 10.144 15.2299 23.5987 4.87839 20.7451 10.1137 15.3022 17.2663 24.7618 16.9416 23.9376 7.90861 22.8584 10.2412 6.47748 7.99412 19.2928 17.3221 8.59841 9.07579 13.2141 5.53213 7.66242 24.0426 22.3904 18.5079 18.7549 20.211 15.6192 10.1691 2.52941 5.78487 12.5688 17.7075 13.6086 10.9353 24.802 9.81923 15.7924 19.7492 6.73062 6.43235 5.32251 21.7968 7.75248 8.67743 3.4535 14.569 19.3195 20.353 19.5807 13.033 23.1876 14.6349 18.6746 10.0576 4.59827 14.7798 16.772 11.4579 9.14168 7.5727 23.2738 21.908 7.05157 15.7689 21.2993 15.4743 3.68165 3.27994 19.8473 14.517 24.9137 6.85342 9.01358 18.211 11.2475 10.4975 9.51553 16.9358 14.3217 23.8991 2.77286 13.7849 9.61748 16.0864 22.7952 19.4439 11.5927 8.08544 16.1265 9.18824 7.49856 20.8211 21.0956 10.7494 13.6272 24.5117 2.6241 19.301 17.7417 13.3083 6.34021 20.8133 21.4367 13.9278 13.2497 22.5277 13.6821 17.0302 23.7134 11.7995 21.7966 22.5901 21.9809 12.0602 3.6047 8.01266 12.5318 22.1492 19.5239 10.2427 4.47261 7.76417 20.8344 18.1193 22.7411 23.7809 7.88019 23.7232 22.3667 6.19201 6.95149 18.9694 9.53766 9.91505 12.0994 16.1934 20.7255 3.71959 15.6318 13.9817 16.1148 21.0236 3.54073 9.49597 13.5912 2.80864 17.1121 23.5425 24.5347 18.9048 21.9663 14.6346 5.17016 23.8939 23.2807 8.29969 14.7247 13.8829 
2.0
3.30555 5.28787 2.54598 8.06497 4.32032 8.95478 9.97723 2.44463 1.5855 7.35136 2.44248 8.94477 7.83692 4.78031 3.78845 8.58878 5.73679 3.82048 6.40299 2.69184 3.2956 8.83174 8.58428 7.87556 9.31357 4.60442 1.1795 1.47721 5.3416 4.65332 6.99308 1.85342 8.66178 2.6562 6.46449 9.07852 5.78743 2.53681 6.11546 8.53726 3.98264 5.69247 2.2669 5.91224 7.30138 4.86618 6.52519 8.0657 2.64612 7.16321 2.53811 8.31595 5.34598 9.71232 9.52023 7.60829 6.75441 4.47143 5.04789 4.08048 8.36645 7.67782 8.62367 9.52273 2.95542 1.44293 6.51041 7.23221 6.22924 7.99163 1.33474 8.76212 8.50622 4.04602 1.96019 7.06526 3.91043 3.85383 3.12977 1.53217 2.58654 9.36124 4.37811 9.42374 3.43427 3.03035 9.71316 5.19843 3.86227 5.80108 3.56734 8.23395 6.06163 6.69768 6.51835 8.44351 6.29888 2.57972 8.27936 4.28661 7.72848 8.53763 7.45885 4.67432 7.22493 7.43277 9.58991 8.26913 5.73434 5.08202 5.92913 9.67929 1.64556 6.58694 9.52497 1.04776 7.68082 8.30742 9.05568 9.53559 5.80594 9.97984 6.93676 4.19989 6.66003 6.47988 2.19793 9.76636 2.00475 8.72967 3.62967 8.79624 3.69309 8.24966 5.69924 5.74794 2.65768 6.85491 3.73629 5.43309 5.41861 7.99595 7.88792 9.36712 8.61086 1.24413 6.34335 7.51449 6.03116 7.42159 8.32811 5.9283 5.70441 8.87566 9.36771 4.78454 7.46972 3.39783 9.32088 3.31079 8.58583 6.2873 6.68233 9.10955 5.85621 5.05899 9.65509 2.376 7.77355 6.29611 5.49227 3.51033 7.18392 8.14726 9.60845 5.62465 8.97035 1.96808 9.96061 1.44436 9.25601 7.60739 9.19846 1.10406 2.62688 2.83789 7.08449 9.33805 3.87399 3.4314 8.68339 2.56529 7.75512 1.37861 8.82107 9.36895 8.27616 8.75336 2.31324 1.87044 9.99184 4.72146 6.46347 7.49801 8.82614 6.19405 1.33077 4.64984 9.91211 5.62549 8.26679 2.75175 5.95131 5.45575 5.22243 5.20929 1.59274 9.69736 7.32407 3.75453 7.3313 4.16691 2.21933 8.68727 7.4258 1.86103 5.69227 2.51078 5.33646 4.97693 8.04825 1.46218 7.18204 5.07749 4.76822 4.43719 1.71635 7.90085 7.93261 4.80957 4.32442 6.31451 6.91466 6.64497 7.53818 4.91407 8.84341 4.80937 4.57157 1.76633 1.33613 5.47206 9.37534 3.79711 4.00028 1.50309 5.71124 8.32343 6.20503 6.26534 9.74584 9.23033 2.62236 6.30106 7.66382 5.29221 5.03755 8.41293 6.8008 6.13863 7.92936 5.63969 6.79577 4.36475 2.31965 1.6263 3.26292 8.28619 6.39251 7.88863 1.48314 4.83852 9.38303 9.47262 8.61496 1.12121 4.2355 2.50806 8.92503 5.08614 5.53116 9.15687 7.53821 3.87063 3.18551 2.45589 3.20705 7.27503 9.41517 6.55418 2.60097 7.88483 5.47417 7.84496 8.61482 6.33724 8.6599 5.49195 5.19706 7.2324 3.0885 7.85033 6.19744 8.18908 8.73984 6.28217 1.73422 4.54485 5.27196 2.86644 4.58094 5.20091 3.10512 6.50356 3.07267 1.11132 5.27535 1.91439 5.03182 7.91685 8.55748 4.03387 6.21352 7.22331 3.35783 4.29912 4.77046 7.02448 3.87625 2.33208 3.2373 9.76944 5.03788 1.51668 2.53462 9.5746 5.69432 8.9706 1.49239 5.08013 3.59432 8.41143 6.39294 5.45097 2.62412 9.41753 1.03353 7.02237 9.81719 6.58326 7.80838 8.08997 8.6336 6.06888 1.31029 3.3444 3.00884 7.04485 2.95173 7.45039 1.67223 5.53078 1.10553 4.27048 1.23483 7.12885 7.26505 6.23314 8.54691 8.15175 9.7239 3.34559 7.82492 3.64517 9.27518 4.35097 3.04801 8.80485 6.43029 3.53017 5.12408 8.28813 7.6572 3.64817 4.32533 8.92 1.13833 9.54485 4.49342 2.29375 5.54791 5.87037 6.51406 3.76611 7.34887 4.46514 8.56121 1.34694 7.1093 3.88419 9.61077 7.9834 8.33841 9.56621 2.72383 5.73875 7.34203 2.147 7.59939 2.36556 6.59765 2.41758 2.89673 6.77357 2.14894 3.42667 5.82717 8.892 3.51989 8.22786 6.51546 4.42639 9.64844 6.77123 4.63067 6.01006 8.33959 4.43949 8.78661 9.24999 3.73811 7.72868 3.21175 8.16729 4.32076 7.57341 3.18877 1.53221 2.90804 9.81663 5.76351 3.59361 7.19549 9.32388 2.22356 9.70311 8.30443 2.24212 2.8463 2.33357 8.85241 4.9031 6.41655 1.99228 7.04299 2.87125 9.01367 5.52857 4.27519 5.63604 2.56828 5.33601 4.77243 4.44899 3.68838 3.9491 2.73098 8.80508 9.2552 1.53452 6.48796 4.06884 9.28835 5.77692 5.2089 5.7448 7.58068 5.65921 8.59475 7.89262 9.60262 3.63738 2.10852 1.18666 9.17597 2.70988 2.22139 2.12014 5.41738 6.88152 9.17836 7.85376 9.45118 3.52193 5.78342 7.20895 9.39191 4.11843 6.70431 7.30554 6.09624 3.92362 9.79673 8.34407 7.18455 8.99735 6.94816 3.03254 1.83191 9.14329 4.94112 5.15773 1.8287 9.24 6.83605 3.80108 9.41072 6.46657 3.37369 9.69906 6.35879 7.92275 5.89696 9.24804 4.86798 3.14363 8.2924 1.65383 2.68625 4.00885 8.45117 6.72555 9.02273 3.54637 3.74949 2.81421 1.72548 2.13069 1.04875 6.39571 9.22874 6.5757 9.71498 9.79844 6.76983 6.62198 4.15803 6.57535 9.37546 5.31871 4.39012 1.02061 6.11762 8.80002 9.10408 6.33075 1.13902 6.95595 1.77093 8.91035 3.94804 3.49789 7.25719 2.32232 9.48319 9.9186 5.46158 5.38257 8.44718 7.8467 3.47133 5.89939 5.41038 1.29574 9.73797 5.55719 4.18399 1.30781 4.77267 8.44491 9.96257 1.49159 2.86112 2.72886 7.73626 2.95506 2.29798 2.97016 2.47236 3.13266 8.64072 4.58668 8.5666 7.00698 9.48318 7.9595 2.06385 2.22505 4.24853 8.68395 2.1484 1.60906 3.50179 3.4651 7.40372 4.56168 2.28192 7.15787 7.34183 7.8659 3.95339 4.45162 1.70213 7.37943 9.07732 2.69929 5.0198 4.12353 9.80212 1.39102 4.96372 1.26648 3.2737 8.77242 4.94394 5.50155 1.56516 2.10721 2.48861 1.31945 6.62605 7.08455 6.89058 1.67541 8.75117 3.87079 1.62335 8.55068 4.06884 6.3058 9.02672 4.90864 8.5488 3.74383 9.76188 9.54542 1.02953 4.03885 9.53603 1.33504 6.76517 2.17453 5.59656 5.36908 1.992 5.03862 1.49478 3.49092 4.01433 8.84198 2.6191 6.72445 9.31007 5.68204 5.99785 6.09735 9.15573 5.75088 6.87155 4.35891 6.27097 7.68777 8.53473 7.09235 9.98271 2.57629 3.9473 4.72169 5.40877 7.08593 5.61543 3.91315 9.16099 4.25829 2.242 4.87108 9.06793 3.43778 8.64652 1.0284 8.41711 7.8468 6.45461 5.63163 8.21672 2.30553 5.05706 1.72039 3.97693 1.59622 2.33831 9.00144 1.51071 1.972 2.67461 2.11729 2.25413 2.31021 6.70153 8.8093 7.60627 9.41035 4.35119 5.47536 1.78862 4.93641 2.65888 1.62202 7.72401 4.50386 2.83926 2.71122 4.43508 6.41112 3.13215 8.90155 7.46229 5.51558 4.91771 9.18401 1.80142 4.75411 8.60131 2.41229 1.86067 1.80814 3.7678 4.72766 8.93723 9.41327 3.10543 2.87828 5.71341 5.8134 7.59917 1.93312 1.2723 8.85938 6.4937 9.89041 5.13293 8.25223 7.52582 8.68056 6.80505 3.43082 2.92642 6.06369 1.36329 7.60419 1.69204 1.92163 2.54104 4.42829 6.6259 8.44446 2.84366 5.82732 3.64846 2.71163 2.18143 8.45957 3.87753 5.16757 1.52183 6.3278 7.97795 9.49182 2.06148 1.03419 5.28071 2.3637 5.41762 5.17973 3.17167 5.62156 1.339 7.40822 1.2498 1.3165 1.43643 2.5948 4.75496 5.16061 6.43282 1.67896 9.76517 4.86985 1.43269 7.64209 9.66342 1.9013 1.7113 7.12965 9.37409 8.0851 9.5233 9.21772 6.86879 1.65079 3.4308 9.82424 9.4418 9.14828 9.65115 3.26464 8.255 2.76329 7.92411 9.4521 5.65239 4.52733 9.39861 4.24231 9.74409 5.92227 5.039 9.42274 9.75986 4.37933 5.05093 4.84646 8.67222 8.17271 2.82664 9.21051 9.58904 5.2077 2.90982 9.97878 5.41566 8.20332 9.48008 7.9494 3.28659 9.76949 6.85684 9.96669 7.2667 4.87876 8.52278 1.27768 8.82197 4.23253 8.16691 1.03305 7.55973 7.02185 8.24702 7.43271 3.73845 9.58271 4.5718 8.01586 3.0471 9.44586 3.40241 5.59559 2.154 9.28119 3.57359 1.33802 4.5252 7.23664 2.13436 2.48595 8.01238 5.17161 1.00815 5.22705 4.71036 3.28494 1.17257 2.20662 6.58403 3.63736 6.85862 1.18481 2.36488 9.06857 8.26949 5.33841 3.21707 4.00875 1.31887 4.7072 1.67297 2.68467 3.88879 1.28479 1.33831 7.22029 1.10699 9.25397 4.86676 6.13191 4.14385 7.86666 9.70417 8.71787 2.02879 4.46834 7.10223 2.84273 8.98626 5.16703 6.90172 2.61603 4.79123 5.6468 2.58524 1.46556 6.64423 6.6258 7.09958 6.10515 7.06592 4.45882 1.94747 2.89704 7.31115 6.38443 2.04898 5.1087 6.8026 2.91656 6.8724 5.56427 7.08398 9.88071 4.33467 1.19045 7.79263 4.59461 4.9713 3.957 8.15181 3.69346 2.87592 6.71171 9.48241 8.09971 2.90922 7.40992 5.23427 8.63729 1.67753 6.23856 8.03693 2.79049 7.78091 7.13479 1.27005 9.10728 6.83073 1.19905 8.6532 2.74719 1.73685 8.50276 7.35535 1.67374 6.76425 2.79046 4.12374 1.99137 8.85923 2.57655 8.93238 9.92692 8.7452 9.13651 9.65004 3.95565 2.28788 2.89268 6.2278 2.57176 5.63014 2.69457 
